1,-117.95306451612879,0,0.481755775556528,0.059057689792098335
2,-43.142677419354875,0,0.42431207683920563,0.05787653599625637
3,-42.8179677419355,0,0.40649594132442207,0.05671900527633124
4,-107.71867741935402,1,0.49982424975507295,0.05558462517080461
5,-104.04364516128987,0,0.5066666811700603,0.05447293266738852
6,-42.35980645161308,0,0.35421487937165097,0.05338347401404075
7,-42.48187096774178,0,0.39060882771769645,0.05231580453375993
8,-116.27919354838592,0,0.5290852676297358,0.05126948844308474
9,-42.990419354838686,0,0.41831647164977204,0.05024409867422304
10,-153.67470967741846,0,0.5549252637065399,0.049239216700738574
11,-141.6271290322583,0,0.5597231159631282,0.04825443236672381
12,-136.15835483870868,0,0.6405788294730881,0.04728934371938932
13,-139.30129032257886,0,0.6524524902773855,0.046343556845001535
14,-143.51783870967637,1,0.5883415555309581,0.045416685708101506
15,-124.43538709677489,0,0.7625357142857142,0.04450835199393948
16,-126.61441935483936,0,0.7347023809523815,0.04361818495406068
17,-140.74435483870957,0,0.6070414830511356,0.04274582125497947
18,-179.4278387096774,2,0.5494874350876257,0.04189090482987988
19,-131.47338709677422,1,0.5812987138963428,0.041053086733282285
20,-136.5826451612902,0,0.5561671439190687,0.04023202499861664
21,-125.42529032258105,0,0.5951190476190471,0.0394273844986443
22,-122.36787096774185,0,0.6165350654537259,0.03863883680867142
23,-117.91454838709593,0,0.6913690476308657,0.03786606007249799
24,-142.41864516129002,0,0.5840455334149441,0.037108738871048035
25,-109.15448387096725,0,0.7155357142857153,0.03636656409362707
26,-109.59619354838644,0,0.7426190476190477,0.035639232811754525
27,-104.73999999999944,0,0.7507857142857141,0.03492644815551943
28,-80.8433870967735,0,0.5357958641567893,0.03422791919240904
29,-104.09616129032162,0,0.564542753475903,0.033543360808560865
30,-79.90816129032257,0,0.523570091344148,0.03287249359238965
31,-98.37574193548397,0,0.5321899371772482,0.032215043720541854
32,-94.5598387096771,0,0.6107023809524389,0.03157074284613101
33,-99.47335483870867,0,0.6259523809523813,0.030939327989208395
34,-91.92196774193438,0,0.596202380952381,0.03032054142942423
35,-96.79087096774103,0,0.6162023809523803,0.02971413060083574
36,-80.01693548387075,0,0.5411888359632544,0.029119847988819024
37,-86.05835483870966,0,0.5620948633111218,0.028537451029042645
38,-92.99464516128995,0,0.5587734277067192,0.02796670200846179
39,-122.87709677419333,0,0.5841508668916259,0.027407367968292556
40,-88.58390322580613,0,0.5984105267178513,0.026859220608926704
41,-113.41938709677264,0,0.6396043845540152,0.026322036196748166
42,-120.70583870967641,0,0.5708713392857133,0.025795595472813203
43,-88.9801612903231,0,0.567258015386608,0.02527968356335694
44,-104.79958064515971,0,0.6523690476190482,0.0247740898920898
45,-107.7596451612904,2,0.5560186561069268,0.024278608094248002
46,-97.37790322580648,0,0.5600620792142414,0.02379303593236304
47,-95.99629032258036,0,0.6228690476190472,0.02331717521371578
48,-98.66487096774091,1,0.6273690476190484,0.022850831709441466
49,-91.37603225806427,0,0.6448690476190478,0.022393815075252635
50,-95.8949677419354,0,0.515378818085909,0.021945938773747585
51,-91.9638064516122,0,0.5906190476190477,0.02150701999827263
52,-93.65277419354801,0,0.6387857142857143,0.021076879598307178
53,-89.95896774193515,0,0.6101190476190477,0.020655342006341035
54,-91.84067741935435,0,0.563869047619048,0.020242235166214213
55,-129.70722580645113,1,0.5494555904208577,0.019837390462889928
56,-82.18258064516131,0,0.5516961614445719,0.01944064265363213
57,-127.47616129032173,0,0.5993149539308937,0.019051829800559486
58,-206.2716451612885,2,0.5377391968810072,0.018670793204548296
59,-131.28351612903282,0,0.6062114433075575,0.018297377340457333
60,-78.2037419354836,0,0.6401129297050424,0.017931429793648184
61,-82.88099999999858,0,0.7783690476190483,0.01757280119777522
62,-125.3068709677422,0,0.6685357142857149,0.017221345173819715
63,-86.18099999999943,0,0.7182243346698367,0.016876918270343322
64,-85.18909677419325,0,0.6220843724067213,0.016539379904936452
65,-77.93212903225788,0,0.6584877733010562,0.016208592306837726
66,-80.03338709677448,1,0.6641090509659237,0.01588442046070097
67,-66.7784516129043,1,0.7360653639636257,0.01556673205148695
68,-80.51567741935429,0,0.6283456205488789,0.01525539741045721
69,-74.42077419354774,0,0.6911190476190476,0.014950289462248065
70,-65.62203225806552,1,0.7514330196382638,0.014651283673003104
71,-66.35851612903302,1,0.7921796418875017,0.014358257999543041
72,-78.92299999999932,0,0.7052747476370557,0.014071092839552182
73,-132.9780967741916,0,0.6195357142857154,0.013789670982761137
74,-129.77916129032286,0,0.6343420196482528,0.013513877563105913
75,-140.24738709677348,0,0.557202625918008,0.013243600011843795
76,-131.97451612903166,0,0.6089523809523808,0.012978728011606919
77,-130.1369354838709,0,0.6288690476190475,0.012719153451374782
78,-130.32767741935493,0,0.6386190476190478,0.012464770382347284
79,-137.35693548387042,0,0.5991672605541354,0.012215474974700338
80,-134.48212903225757,0,0.6321601994594312,0.011971165475206332
81,-130.65129032258088,0,0.6171079249599785,0.011731742165702204
82,-46.09041935483887,0,0.4949936943881844,0.01149710732238816
83,-36.43422580645172,0,0.394227569323282,0.011267165175940397
84,-79.77180645161279,1,0.526463818990241,0.011041821872421588
85,-63.64132258064504,5,0.4720313568327909,0.010820985434973156
86,-80.86677419354837,0,0.4784891886036173,0.010604565726273694
87,-81.8219677419352,1,0.47603506318859984,0.01039247441174822
88,-38.582483870967295,0,0.09841666666666625,0.010184624923513255
89,-55.32848387096779,1,0.41507413528762566,0.01
90,-85.09325806451625,0,0.47730736425352643,0.01
91,-76.4271290322584,0,0.6532333123565723,0.01
92,-74.64548387096693,1,0.6583855728294631,0.01
93,-74.2192903225803,0,0.7326670157534246,0.01
94,-72.59961290322532,0,0.7427929119820953,0.01
95,-75.4479032258063,0,0.7276951346443182,0.01
96,-69.63493548387075,0,0.7539574398257272,0.01
97,-108.51648387096625,0,0.5955562050481175,0.01
98,-72.69751612903268,0,0.7320359217364468,0.01
99,-76.43896774193495,0,0.7136020665101693,0.01
100,-124.26416129032542,0,0.6898690476190473,0.01
101,-118.36741935483792,1,0.6673991302240859,0.01
102,-139.02345161290177,0,0.713047650257152,0.01
103,-104.31325806451794,0,0.7607023809523813,0.01
104,-128.02619354838774,0,0.6684523809523804,0.01
105,-120.02254838709733,0,0.6967023809523812,0.01
106,-129.1923548387097,0,0.7097023809524518,0.01
107,-122.2521612903247,0,0.7305357142893151,0.01
108,-94.11474193548563,0,0.8135357142857144,0.01
109,-110.05212903225632,0,0.6951190476198518,0.01
110,-116.74483870967474,0,0.695285714285714,0.01
111,-132.15280645161172,0,0.6052023810862557,0.01
112,-109.95219354838433,0,0.7132857142857145,0.01
113,-111.90261290322616,1,0.6115437941103857,0.01
114,-128.68829032258103,1,0.5678591099720284,0.01
115,-108.29022580644919,0,0.7113462830937676,0.01
116,-143.09845161290303,0,0.5677857142857186,0.01
117,-106.60774193548309,0,0.5934523809523811,0.01
118,-102.70170967741892,1,0.6137746505797982,0.01
119,-99.73348387096709,1,0.6730574435927145,0.01
120,-83.32064516129027,0,0.7045415654818363,0.01
121,-80.7190322580645,1,0.7373693532124924,0.01
122,-114.81835483871036,1,0.6170127935890594,0.01
123,-83.73041935483839,0,0.7158571428571437,0.01
124,-80.38951612903197,0,0.7261904761904759,0.01
125,-64.54251612903327,0,0.8167676139984138,0.01
126,-97.63832258064653,0,0.7547857142857138,0.01
127,-140.36864516129032,1,0.5756125494875445,0.01
128,-133.86580645161357,1,0.6146478100438051,0.01
129,-110.21564516129031,0,0.60186258281298,0.01
130,-132.9611935483875,1,0.6069565868446071,0.01
131,-141.8776129032257,1,0.5862146268058822,0.01
132,-92.79438709677461,0,0.7292857142857146,0.01
133,-122.34025806451906,1,0.7187883776527774,0.01
134,-122.64516129032424,1,0.7224910624364705,0.01
135,-89.02312903225858,0,0.767869047619048,0.01
136,-41.825999999999475,0,0.03616666666666666,0.01
137,-41.38387096774173,0,0.09414151383248391,0.01
138,-45.396548387096765,0,0.26351202368596544,0.01
139,-39.37354838709634,0,0.03802925120798953,0.01
140,-46.50835483870962,0,0.32834523830940104,0.01
141,-41.84987096774149,0,0.07629181146661487,0.01
142,-44.92954838709674,0,0.2249643535058145,0.01
143,-52.20916129032246,2,0.3541110580411314,0.01
144,-41.852516129031805,0,0.04918201026721543,0.01
145,-90.36729032258151,0,0.6747552290783789,0.01
146,-109.46106451613029,0,0.7129761885915463,0.01
147,-107.88551612903257,0,0.5719855917098853,0.01
148,-38.74922580645117,0,0.056166666666666615,0.01
149,-98.36209677419387,1,0.6502784964347194,0.01
150,-123.30922580645307,0,0.7289523809523792,0.01
151,-111.83190322580728,0,0.7535907843233052,0.01
152,-58.34606451612923,0,0.3813328359013481,0.01
153,-107.28070967742133,0,0.7329523809523806,0.01
154,-136.06067741935485,1,0.5706974362911775,0.01
155,-127.22264516129029,1,0.6314295770352939,0.01
156,-76.0066451612902,0,0.5608253187851332,0.01
157,-133.5993225806465,1,0.6415333564861055,0.01
158,-74.02258064516096,0,0.6268613386799098,0.01
159,-123.86235483871135,1,0.6711163166360046,0.01
160,-101.2897419354841,1,0.7022818431584619,0.01
161,-127.82845161290253,1,0.6301071428571428,0.01
162,-122.01229032258006,1,0.6233571428571418,0.01
163,-112.73074193548143,0,0.7895357142857146,0.01
164,-110.49693548386877,0,0.7752023809523806,0.01
165,-109.97932258064151,0,0.8200357142857144,0.01
166,-107.32541935483705,0,0.8097857142857144,0.01
167,-114.07325806451243,0,0.7877023809523809,0.01
168,-108.06593548386884,0,0.8067857142857144,0.01
169,-97.23596774193602,0,0.7873690476190471,0.01
170,-98.26003225806484,0,0.8142023809523813,0.01
171,-109.81767741935298,0,0.8051190476190477,0.01
172,-88.17609677419328,0,0.6613958004305437,0.01
173,-58.747322580645104,0,0.5231300579479075,0.01
174,-86.45458064516143,0,0.6761437523927952,0.01
175,-52.76480645161301,0,0.6975357188421576,0.01
176,-102.3862903225802,0,0.6200357142857139,0.01
177,-98.0814838709672,0,0.7186190476190476,0.01
178,-58.56248387096798,0,0.6686863383120067,0.01
179,-55.37745161290192,0,0.7435357142857163,0.01
180,-80.07277419354752,0,0.7231190476190477,0.01
181,-94.5677741935487,0,0.5103299245276515,0.01
182,-76.00551612903281,0,0.4927023809523811,0.01
183,-91.9600967741944,0,0.6480133824621772,0.01
184,-84.75645161290413,0,0.678637190761078,0.01
185,-60.516806451612936,0,0.541202380952381,0.01
186,-87.79570967742045,0,0.6061588457482403,0.01
187,-88.05625806451746,0,0.6144524167009939,0.01
189,-93.16645161290431,0,0.6637857142857142,0.01
190,-96.44390322580689,0,0.6730323880390288,0.01
191,-87.26506451612877,0,0.7053571428571481,0.01
192,-108.04945161290524,0,0.6646334016162007,0.01
193,-106.00348387096801,0,0.6818291741786393,0.01
194,-96.48151612903145,0,0.7273690476190482,0.01
195,-99.99629032258079,0,0.7115357142857142,0.01
196,-101.79419354838899,0,0.7187857142857147,0.01
197,-100.5455483870973,0,0.7061190476190472,0.01
198,-99.37664516128984,0,0.7114523809523806,0.01
199,-72.28245161290278,0,0.5746998746852612,0.01
200,-75.4798709677417,0,0.5114798134135213,0.01
201,-80.1360645161292,1,0.5601076409192568,0.01
202,-69.94725806451582,0,0.6158242432327131,0.01
203,-67.43038709677434,0,0.6402857142857138,0.01
204,-65.26409677419468,0,0.717369047619048,0.01
205,-63.89954838709809,0,0.7292857142857145,0.01
206,-63.575806451614135,0,0.7146190476190477,0.01
207,-61.92258064516259,0,0.7367857142857146,0.01
208,-112.00138709677263,1,0.7105302863205768,0.01
209,-101.08483870967618,0,0.7009523809523805,0.01
210,-98.23022580645011,0,0.7058690476190479,0.01
211,-94.18974193548237,0,0.7342857142857145,0.01
212,-101.31312903225711,0,0.7130357142857147,0.01
213,-96.04845161290186,0,0.7452857142857141,0.01
214,-106.12045161290237,0,0.694952380952382,0.01
215,-93.6186774193531,0,0.7560357142857141,0.01
216,-103.5355483870952,0,0.7276190476190474,0.01
217,-66.77825806451408,0,0.8111607158597135,0.01
218,-69.56351612903009,0,0.7905357354405862,0.01
219,-70.99406451612727,0,0.7934523810157692,0.01
220,-75.05680645160967,0,0.8033571428571283,0.01
221,-69.09903225806282,0,0.8066211467756317,0.01
222,-69.4869032258055,0,0.8179523829155967,0.01
223,-66.02232258064342,0,0.8381190476190354,0.01
224,-66.82190322580469,0,0.8817023809523808,0.01
225,-78.339225806451,0,0.7984439659080288,0.01
226,-95.8483548387097,0,0.6530357142857146,0.01
227,-81.07109677419365,0,0.6645972951888107,0.01
228,-94.1378387096767,0,0.6855357142857134,0.01
229,-92.4309354838702,0,0.6520357142857155,0.01
230,-100.33674193548269,0,0.6787023809523811,0.01
231,-102.59009677419412,0,0.6408690476190664,0.01
232,-106.45309677419357,0,0.6112889196983141,0.01
233,-45.588419354838535,0,0.4068216241183728,0.01
234,-102.55551612903184,1,0.6543571428520579,0.01
235,-96.90961290322609,1,0.6712857143236723,0.01
236,-69.29967741935462,0,0.6280019612657688,0.01
237,-77.62561290322573,0,0.7472861414594594,0.01
238,-134.13467741935503,1,0.5941675094545414,0.01
239,-95.24490322580705,1,0.7255312123219708,0.01
240,-152.90641935483868,3,0.6277556127875291,0.01
241,-71.34699999999941,0,0.7045357142857115,0.01
242,-130.46954838709757,2,0.6294190678838603,0.01
243,-66.35670967741889,0,0.6634156502992061,0.01
244,-74.5580000000006,1,0.7069211151646734,0.01
245,-65.7354516129033,0,0.8290357142857151,0.01
246,-61.537032258064556,0,0.8767857142857143,0.01
247,-63.49822580645168,0,0.8728690476190477,0.01
248,-92.79193548387117,1,0.6383999501799744,0.01
249,-66.93145161290312,1,0.8413452380952343,0.01
250,-75.09783870967743,1,0.7902889051030779,0.01
251,-67.45651612903232,0,0.8431190476190477,0.01
252,-63.361806451613006,0,0.8724523809523811,0.01
253,-101.87506451613028,0,0.7870357142857147,0.01
254,-99.66880645161378,0,0.7445357142857135,0.01
255,-100.92303225806457,3,0.720935111266082,0.01
256,-89.97251612903257,2,0.7273333639887195,0.01
257,-88.77258064516072,0,0.7419525917891656,0.01
258,-103.50909677419438,0,0.7906190476190489,0.01
259,-96.81125806451581,1,0.7177359300625455,0.01
260,-97.58780645161262,0,0.733952424126357,0.01
261,-78.21274193548405,0,0.7838570997034618,0.01
262,-95.92338709677507,0,0.6986735450192675,0.01
263,-99.97941935483954,0,0.6232857142857148,0.01
264,-120.18151612903179,0,0.6149609904013024,0.01
265,-186.3141935483872,2,0.5200645220494119,0.01
266,-109.55787096774277,0,0.6506194195403515,0.01
267,-87.80487096774306,0,0.7470357142857146,0.01
268,-112.49838709677502,0,0.6999523809523807,0.01
269,-107.63983870967743,0,0.6993690476190482,0.01
270,-105.7126129032266,0,0.7247023809523806,0.01
271,-103.05474193548312,1,0.8190082548493032,0.01
272,-96.53093548387025,1,0.8330357142857143,0.01
273,-93.0443548387105,0,0.8317023809523811,0.01
274,-103.03758064516157,0,0.6666854648585386,0.01
275,-73.2968709677401,0,0.8593690476190475,0.01
276,-78.19683870967559,0,0.8549523809523811,0.01
277,-102.71519354838621,1,0.8227602332631768,0.01
278,-110.37451612903185,1,0.7885871055255689,0.01
279,-108.40512903225792,1,0.8065379095123979,0.01
280,-97.42729032258086,1,0.6599530852226186,0.01
281,-102.58477419354853,2,0.6011832871827666,0.01
282,-81.49564516129074,1,0.6608690476190473,0.01
283,-78.48445161290336,0,0.6366190537372086,0.01
284,-94.79751612903273,1,0.7247023809523815,0.01
285,-78.86299999999989,0,0.6228690484503975,0.01
286,-109.9907741935493,3,0.6050318996038516,0.01
287,-92.73338709677513,1,0.6463690476190478,0.01
288,-102.43238709677428,4,0.694351338634915,0.01
289,-108.80893548387012,0,0.7495357142857143,0.01
290,-109.20412903225726,0,0.770452380952381,0.01
291,-109.87280645161307,0,0.7735357142857144,0.01
292,-107.30187096774189,0,0.7875541489947265,0.01
293,-108.29216129032127,0,0.7792023809523814,0.01
294,-115.8036451612921,0,0.7343571428571407,0.01
295,-152.04616129032217,1,0.6415868461180612,0.01
296,-104.814741935483,0,0.7742023809523816,0.01
297,-142.994838709677,1,0.6913043510983956,0.01
298,-118.08699999999762,0,0.774869047619048,0.01
299,-113.98912903225681,0,0.8105238094953285,0.01
300,-116.185806451612,0,0.7464718838503533,0.01
301,-138.9412903225796,1,0.7534525404886332,0.01
302,-150.18258064516155,1,0.7691190476192751,0.01
303,-112.94329032257917,0,0.8202857142857141,0.01
304,-111.11199999999862,0,0.8107857142857148,0.01
305,-147.0660322580642,1,0.680255756502315,0.01
306,-130.59409677419282,0,0.7742023809523809,0.01
307,-93.51690322580671,1,0.7521190476194297,0.01
308,-100.45438709677306,0,0.77428571620317,0.01
309,-118.81664516129091,0,0.764497646932468,0.01
310,-115.5441935483873,0,0.7544669223086199,0.01
311,-114.93367741935522,0,0.7704925090953648,0.01
312,-100.05180645161236,2,0.8173579443130773,0.01
313,-118.27012903225894,0,0.7899523809523814,0.01
314,-117.76641935483995,0,0.7817023809523816,0.01
315,-118.8247419354843,0,0.7723690476190481,0.01
316,-90.74129032258124,2,0.687964273801669,0.01
317,-83.78241935483908,0,0.7818572651801315,0.01
318,-80.59906451612964,1,0.7178445073404516,0.01
319,-80.09019354838759,1,0.8071190476289577,0.01
320,-87.33519354838782,1,0.7867991493137096,0.01
321,-81.83145161290363,0,0.7960357142857145,0.01
322,-85.22941935483914,0,0.7977569013189384,0.01
323,-75.12790322580733,0,0.8112023809524606,0.01
324,-76.27445161290444,0,0.8477857175764384,0.01
325,-99.61112903225998,0,0.7915357142857151,0.01
326,-136.1582903225813,1,0.7544076922929497,0.01
327,-98.19835483870678,0,0.7862023809523808,0.01
328,-133.3636451612912,1,0.7518753968012587,0.01
329,-100.0827741935504,0,0.7776190476190478,0.01
330,-87.69287096774288,0,0.8017023809523808,0.01
331,-97.37958064516297,0,0.776035714285714,0.01
332,-132.4409677419371,1,0.7239523809523813,0.01
333,-100.23458064516214,0,0.7604523809523807,0.01
334,-84.17070967741941,1,0.3968767906297941,0.01
335,-101.09519354838588,1,0.6675238062692066,0.01
336,-23.47587096774192,3,0.1734103021238579,0.01
337,-110.35235483870842,1,0.6388133556394324,0.01
338,-95.50912903225851,0,0.6313690476204434,0.01
339,-98.71396774193566,0,0.7132023809523808,0.01
340,-92.92880645161269,0,0.6955357142857141,0.01
341,-22.731483870967782,2,0.19892331465326235,0.01
342,-27.868064516129046,3,0.17517308445991178,0.01
343,-70.9848709677421,0,0.7744296126628786,0.01
344,-76.26996774193452,1,0.7868739790268655,0.01
345,-68.5933225806459,0,0.8115357142857147,0.01
346,-68.7919354838717,0,0.806354370535714,0.01
347,-68.67754838709779,0,0.8454523819707717,0.01
348,-69.51245161290419,0,0.8212773809523812,0.01
349,-67.19074193548487,0,0.7368690476190461,0.01
350,-82.05687096774162,0,0.785369047619048,0.01
351,-68.81290322580745,0,0.8364523809523812,0.01
352,-105.6875161290338,0,0.7702023809523806,0.01
353,-100.58719354838571,0,0.8110357142857273,0.01
354,-104.85648387096495,0,0.8012125053961184,0.01
355,-102.61403225806318,0,0.7927023809523807,0.01
356,-103.85248387096557,0,0.7877023809523803,0.01
357,-146.27274193548365,2,0.701247321338187,0.01
358,-101.28270967741786,0,0.8134523809523813,0.01
359,-96.68070967741788,0,0.8319523809523806,0.01
360,-96.74858064515927,0,0.7946190476190478,0.01
361,-93.66025806451606,0,0.7791190476190476,0.01
362,-83.57525806451582,0,0.7445357142857145,0.01
363,-89.18735483870903,0,0.7207857142857144,0.01
364,-91.02248387096702,0,0.764202380952381,0.01
365,-89.58664516129001,0,0.772952380952381,0.01
366,-82.82435483870894,0,0.7460357142857144,0.01
367,-86.68187096774143,0,0.741952380952381,0.01
368,-83.69406451612836,0,0.7397857142857144,0.01
369,-86.30906451612883,0,0.7735357142857143,0.01
370,-147.12912903225956,0,0.7583715250541597,0.01
371,-119.77851612903086,0,0.8216316174341586,0.01
372,-136.36241935483895,0,0.8017023809523811,0.01
373,-119.92232258064536,0,0.815785714285714,0.01
374,-118.7632903225794,0,0.833952380952381,0.01
375,-122.86441935483727,0,0.8165357142857143,0.01
376,-134.20503225806152,0,0.7901190557092131,0.01
377,-128.16583870967418,0,0.8148690476190478,0.01
378,-120.51061290322608,0,0.8228690476190478,0.01
379,-95.58996774193716,0,0.7925357142857147,0.01
380,-95.77196774193632,0,0.8080357142857142,0.01
381,-105.86754838710036,0,0.8236190476190476,0.01
382,-101.36225806451337,0,0.8326190476190479,0.01
383,-101.76564516128873,0,0.8133690476190477,0.01
384,-105.15716129031925,0,0.8197857142857142,0.01
385,-89.11270967741875,0,0.8279523809523811,0.01
386,-136.4567419354855,1,0.7483690480155651,0.01
387,-103.70929032257763,0,0.8247857142857142,0.01
388,-125.63038709677295,1,0.7343521554362219,0.01
389,-89.71219354838817,1,0.7161050593395231,0.01
390,-114.12961290322647,1,0.7679564695596226,0.01
391,-118.6066451612912,2,0.7502857142857136,0.01
392,-125.8751612903214,1,0.7369523809523817,0.01
393,-124.77129032257896,1,0.7362857142857148,0.01
394,-104.23074193548275,0,0.7302023809523811,0.01
395,-123.68625806451577,1,0.7266190476190476,0.01
396,-122.55941935483689,1,0.7502857142857148,0.01
397,-101.61322580645268,0,0.8406190476190478,0.01
398,-111.63841935484032,0,0.8180357142857146,0.01
399,-102.12270967742056,0,0.8401190476190479,0.01
400,-100.33180645161524,0,0.836285714285714,0.01
401,-109.20919354838895,0,0.8325357142857139,0.01
402,-113.23335483871244,0,0.810952380952381,0.01
403,-105.2097419354858,0,0.8296190476190475,0.01
404,-105.57151612903463,0,0.8032023809523815,0.01
405,-102.14293548387275,0,0.8347023809523813,0.01
406,-129.5946129032254,0,0.8082199251064229,0.01
407,-149.82303225806675,0,0.7072868745716192,0.01
408,-128.12312903225808,0,0.824869047619048,0.01
409,-134.29941935484004,0,0.7912857142857145,0.01
410,-132.90993548387183,0,0.757119047619048,0.01
411,-126.69812903225711,1,0.7899523928034611,0.01
412,-125.9689999999997,0,0.8020562248473558,0.01
413,-123.85470967741814,0,0.7984523809523807,0.01
414,-143.62364516129114,0,0.7468690476190476,0.01
415,-106.98641935484025,0,0.7513690476190483,0.01
416,-104.89393548387115,0,0.7921190476190475,0.01
417,-105.04654838709685,0,0.8287023809523806,0.01
418,-106.15748387096833,0,0.795952380952381,0.01
419,-116.33319354838787,0,0.7755357142857146,0.01
420,-111.19561290322649,0,0.7821190476190476,0.01
421,-113.6142258064524,0,0.7828690476190481,0.01
422,-105.01670967742004,0,0.7979523809523814,0.01
423,-101.33806451612962,0,0.8244523809523804,0.01
424,-110.35164516129078,0,0.7702023823975099,0.01
425,-112.96519354838911,0,0.8455357142857145,0.01
426,-83.25261290322292,0,0.8510357142857138,0.01
427,-203.49525806451555,2,0.6214164809748141,0.01
428,-109.85519354839016,0,0.8580357142857141,0.01
429,-101.04093548387306,0,0.8572023809523809,0.01
430,-114.16664516129237,0,0.8452857142857139,0.01
431,-104.12558064516341,0,0.8608690476190477,0.01
432,-154.58003225806476,1,0.7842023809983906,0.01
433,-37.805193548386534,0,0.08408333333333337,0.01
434,-37.70087096774153,0,0.054916666666666634,0.01
435,-37.45006451612865,0,0.03533333333333337,0.01
437,-37.91425806451571,0,0.021166666666666667,0.01
438,-37.07303225806413,0,0.018999999999999993,0.01
439,-37.32661290322542,0,0.013749999999999984,0.01
440,-37.266322580644776,0,0.01366666666666667,0.01
441,-37.84441935483831,0,0.03241666666666666,0.01
444,-76.84409677419276,1,0.804076579983245,0.01
445,-98.63438709677695,1,0.7939523809523814,0.01
446,-93.21658064515998,2,0.8119523809523806,0.01
447,-88.62061290322559,1,0.779702380952381,0.01
449,-87.38809677419356,1,0.794702380952381,0.01
451,-80.34725806451512,1,0.8408694195403539,0.01
452,-82.31532258064557,3,0.8520398303049758,0.01
453,-79.17683870967659,0,0.8609523809523815,0.01
454,-105.81641935483864,0,0.833869047619048,0.01
455,-79.94835483870936,0,0.8743690476190483,0.01
456,-79.56348387096716,0,0.8801190476475278,0.01
457,-57.757129032257076,0,0.8930357142857145,0.01
458,-58.5535483870958,0,0.8997857142857144,0.01
459,-93.38174193548296,0,0.8479523809523816,0.01
460,-80.36419354838631,0,0.8019523809523811,0.01
461,-86.21632258064515,0,0.8309523809523813,0.01
462,-77.17306451613042,0,0.8475357142857142,0.01
463,-86.65648387096674,0,0.83970238095238,0.01
464,-81.66745161290257,0,0.8480357142857139,0.01
465,-78.43258064516291,0,0.8542857142857146,0.01
466,-79.98154838709527,0,0.8494523809523812,0.01
467,-76.06990322580764,0,0.8800357142857141,0.01
468,-80.67406451612818,0,0.8577857142857148,0.01
469,-100.0055483870993,0,0.8501190476190481,0.01
470,-87.64251612903401,0,0.8572857142857143,0.01
471,-86.10590322580724,0,0.8557023809523808,0.01
472,-91.82990322580864,0,0.8657023809523812,0.01
473,-88.31258064516139,0,0.8636190476190476,0.01
474,-93.5066129032275,0,0.8228690476190478,0.01
475,-93.07445161290418,0,0.8441190476190473,0.01
476,-94.0858064516133,0,0.8471190476190473,0.01
477,-84.28874193548535,0,0.8507023809523815,0.01
478,-100.07867741935665,0,0.8083690476190477,0.01
479,-100.7226774193567,0,0.8233690476190478,0.01
480,-99.21522580645366,0,0.8367857142857142,0.01
481,-98.6217741935522,0,0.8343690476190474,0.01
482,-99.22135483871358,0,0.8082857142857143,0.01
483,-94.88625806451753,0,0.8282857142857143,0.01
484,-101.16616129032454,0,0.818369047619048,0.01
485,-149.4386129032277,2,0.7482274219156038,0.01
486,-118.86993548387429,1,0.7981190476190477,0.01
487,-80.69270967741913,0,0.8082857142857143,0.01
488,-101.17029032257832,1,0.8190357142857141,0.01
489,-92.00722580645035,0,0.8177857142857143,0.01
490,-100.8099999999983,1,0.767619047619048,0.01
491,-98.89012903225886,0,0.7906190476190482,0.01
492,-82.03641935483829,0,0.8278690476190479,0.01
493,-114.78638709677391,2,0.7850115901719015,0.01
494,-86.44090322580603,1,0.7867903350742184,0.01
495,-103.75583870967512,0,0.7773690476190473,0.01
496,-130.83351612903135,2,0.7694774247797249,0.01
497,-97.8363225806436,0,0.7839523809523811,0.01
498,-146.58187096774228,2,0.6586896107268966,0.01
499,-95.1500967741921,0,0.7598690476190482,0.01
500,-95.12964516128879,0,0.7697023809523804,0.01
501,-111.30593548386989,1,0.7757857142857144,0.01
502,-136.60648387096907,2,0.7254947413572674,0.01
503,-97.78412903225627,0,0.7661190476190476,0.01
504,-108.75061290322313,1,0.8038690476190476,0.01
505,-63.460129032258756,1,0.75878571428571,0.01
506,-62.68583870967709,0,0.7908690476257675,0.01
507,-67.30322580645162,0,0.7611190476192039,0.01
508,-91.50370967741873,0,0.7453690476190479,0.01
509,-93.85258064516108,0,0.713619047619048,0.01
510,-105.15600000000097,0,0.7314523809523812,0.01
511,-90.45654838709493,0,0.7565357142857143,0.01
512,-58.7358709677423,0,0.7817857142857084,0.01
513,-102.53496774193654,0,0.7447857142857153,0.01
514,-106.33077419354719,0,0.8339523809523811,0.01
515,-100.64254838709519,0,0.8313690476190476,0.01
516,-98.85354838709583,1,0.835785714285714,0.01
517,-102.41400000000118,1,0.8142857142857151,0.01
518,-102.70038709677264,0,0.8331190476190472,0.01
519,-105.82629032257955,0,0.8190357142857142,0.01
520,-105.64448387096589,0,0.8393690476190477,0.01
521,-76.25670967741873,0,0.762619047619068,0.01
522,-105.5163225806445,0,0.8242857142857146,0.01
523,-94.9981290322587,4,0.8184768850246235,0.01
524,-88.911451612902,0,0.8447023809523813,0.01
525,-84.82041935483855,0,0.8878690476190474,0.01
526,-111.51122580645274,2,0.8477863005697795,0.01
527,-92.62877419354705,0,0.8831190476190475,0.01
528,-129.30577419355103,3,0.8210357142857142,0.01
529,-95.40748387096625,1,0.8354523809523823,0.01
530,-91.10377419354735,0,0.8812023809523809,0.01
531,-83.41990322580749,0,0.8642023813488907,0.01
532,-90.74122580645101,1,0.8695100371700513,0.01
533,-88.7286451612897,2,0.8954523809523816,0.01
534,-94.70438709677438,3,0.8700474939140432,0.01
535,-78.82248387096843,1,0.8818690476190479,0.01
536,-78.07190322580648,1,0.8912023809523809,0.01
537,-104.77661290322588,2,0.8430742904231331,0.01
538,-77.00487096774171,1,0.8893690476190479,0.01
539,-73.20664516128952,0,0.8996190476190474,0.01
540,-89.83764516129014,1,0.8818391859784236,0.01
541,-73.51058064516269,1,0.8209405327811455,0.01
542,-91.21432258064695,0,0.8137857142857146,0.01
543,-60.780161290321054,0,0.868202380952381,0.01
544,-100.27103225806691,0,0.810952380952381,0.01
545,-64.43229032257904,1,0.8455751033801048,0.01
546,-96.82790322580851,0,0.8105357142857145,0.01
547,-80.35680645161216,0,0.8328690476489329,0.01
548,-99.81990322580872,0,0.8308690476190478,0.01
549,-65.81022580644961,0,0.8705357142857141,0.01
559,-98.65570967741724,0,0.812369047619047,0.01
560,-93.53951612902999,0,0.8255357142857146,0.01
561,-90.43193548387006,0,0.8479523809523808,0.01
562,-86.01687096774214,1,0.8477023809523807,0.01
563,-86.96032258064523,0,0.8486190476190475,0.01
564,-96.02561290322356,0,0.8236190476190473,0.01
565,-92.13461290322381,0,0.8418690476190477,0.01
566,-100.22603225806323,0,0.8267023809523812,0.01
567,-82.33587096774158,0,0.8167857142857141,0.01
568,-82.53525806451763,0,0.8625357142857147,0.01
569,-82.36022580645256,0,0.849369047619048,0.01
570,-90.99335483871118,0,0.8409523809523809,0.01
571,-90.69080645161331,0,0.8393690476190478,0.01
572,-102.70958064516215,0,0.8332023809523812,0.01
573,-90.54951612903223,0,0.8630357142857148,0.01
574,-97.27238709677417,0,0.8474523809523814,0.01
575,-97.6448064516132,0,0.8505357142857144,0.01
576,-96.91741935483891,0,0.8434523809523811,0.01
577,-94.5829032258057,0,0.8362857142857143,0.01
578,-65.48025806451611,1,0.821785714285714,0.01
579,-83.80293548386906,0,0.8093690476190477,0.01
580,-84.85706451612927,2,0.816535714285714,0.01
581,-88.42390322580687,1,0.8488690476190485,0.01
582,-68.1703548387087,0,0.8478690476190478,0.01
583,-86.19258064516067,0,0.8656190476190478,0.01
584,-90.29370967741897,1,0.8318693093882533,0.01
585,-87.80145161290322,1,0.8078690476190477,0.01
586,-78.71925806451452,0,0.82686945270613,0.01
587,-93.9304838709648,0,0.8878690476190477,0.01
588,-77.0017419354825,0,0.866952380961103,0.01
589,-69.12345161290234,0,0.8503690476190475,0.01
590,-76.58864516128887,0,0.8811190476190475,0.01
591,-80.54177419354643,0,0.8643690476190479,0.01
592,-81.73712903225598,0,0.8373690476190476,0.01
593,-91.63948387096728,0,0.8317857142857142,0.01
594,-105.19229032257742,0,0.8425357142857144,0.01
595,-103.06293548387163,0,0.8563690476190478,0.01
596,-100.81625806451669,0,0.8657857142857146,0.01
597,-100.12480645161415,0,0.8485357142857146,0.01
598,-97.05754838709805,0,0.8774523809523811,0.01
599,-93.70283870967808,0,0.8401190476190475,0.01
600,-91.09145161290336,0,0.8457023809523814,0.01
601,-101.3555483870964,0,0.8556190476190477,0.01
602,-108.09109677419538,0,0.8374523809523808,0.01
603,-104.74141935484019,0,0.8311190476190476,0.01
604,-47.63574193548335,0,0.9007857142857142,0.01
605,-53.499967741936125,1,0.8643214285714897,0.01
606,-81.97941935483989,1,0.8399523809523808,0.01
607,-82.52922580645307,1,0.8359523809523803,0.01
608,-50.04670967742006,0,0.9087857142857142,0.01
609,-64.89403225806456,1,0.8543690476190491,0.01
610,-49.96735483871023,1,0.9101190497345393,0.01
611,-81.70009677419397,1,0.8513690476190466,0.01
612,-100.88545161290516,1,0.8238690476190479,0.01
613,-93.83051612903327,0,0.8166190476190472,0.01
614,-86.06103225806521,0,0.855452380952382,0.01
615,-90.98980645161403,0,0.8194523809523802,0.01
616,-90.55338709677501,0,0.8327023809523809,0.01
617,-93.94400000000117,0,0.8014523809523814,0.01
618,-90.16406451613096,0,0.8266190476190478,0.01
619,-85.54638709677471,0,0.8282857142857153,0.01
620,-81.5296451612891,1,0.847369047619048,0.01
621,-87.24251612903315,0,0.8236190476190474,0.01
622,-81.35393548387128,0,0.6737857142857143,0.01
623,-74.88206451612902,0,0.6777857143543089,0.01
624,-69.86725806451618,0,0.5988690476190481,0.01
625,-92.43325806451766,0,0.6727023809523811,0.01
626,-65.4744838709677,0,0.6115357142857138,0.01
627,-79.35880645161211,0,0.7237023809523814,0.01
628,-88.88877419354873,0,0.6351190476190474,0.01
629,-63.72790322580606,0,0.6178690476190475,0.01
630,-72.47045161290391,0,0.621452380952381,0.01
631,-151.90983870967816,1,0.7930524667698214,0.01
632,-126.50516129032297,0,0.775119047619048,0.01
633,-125.19558064516143,0,0.7797023809523815,0.01
634,-120.35612903225953,0,0.7921190476190477,0.01
635,-115.53480645161247,0,0.7563690476190477,0.01
636,-130.64635483870825,0,0.7705373811848959,0.01
637,-129.52474193548466,1,0.7426334200846614,0.01
638,-102.36019354838587,0,0.7842857142865193,0.01
639,-129.4105806451607,0,0.7252490360095428,0.01
640,-93.10093548387103,0,0.7512023809523809,0.01
641,-85.6700322580662,0,0.7561904761904703,0.01
642,-74.49890322580691,0,0.7686190476190452,0.01
643,-81.91819354838823,0,0.7729404761904681,0.01
644,-72.20658064516131,0,0.7744523809523818,0.01
645,-85.28406451613044,0,0.7614404761904708,0.01
646,-88.9215483870985,0,0.7469404761904699,0.01
647,-82.93996774193708,0,0.7701904761904698,0.01
648,-84.01577419354932,0,0.7650238095238057,0.01
649,-97.2772580645179,0,0.8037023809523808,0.01
650,-81.81219354838557,0,0.8629523809523818,0.01
651,-92.5329999999987,1,0.8683690476190481,0.01
652,-70.85132258064597,0,0.8450357142857149,0.01
653,-86.85483870967671,0,0.8012738095238062,0.01
654,-107.53154838709906,0,0.8272857142857143,0.01
655,-95.69564516128993,1,0.8308690476190475,0.01
656,-102.98312903226032,0,0.8778690476190477,0.01
657,-84.6105806451612,0,0.85660712462686,0.01
658,-106.90783870967753,0,0.5811904752966811,0.01
659,-99.04593548387193,0,0.638785714285715,0.01
660,-107.7240645161278,0,0.5872857142857141,0.01
661,-91.68758064516078,1,0.6435238095237731,0.01
662,-120.54074193548371,1,0.5985238095238085,0.01
663,-89.57519354838765,0,0.6285162227425527,0.01
664,-104.00487096774096,0,0.575035714285715,0.01
665,-162.80958064515997,1,0.5752023809523797,0.01
666,-98.5020967741937,0,0.6494805425687317,0.01
667,-60.953935483871135,1,0.5727878084239151,0.01
668,-76.91790322580674,0,0.5953690476190485,0.01
669,-78.86729032258046,1,0.5436190476224091,0.01
670,-56.09335483871014,0,0.6372857142857148,0.01
671,-55.00777419354896,0,0.6638690476190475,0.01
672,-53.746580645161096,2,0.6407852487027077,0.01
673,-76.10883870967716,1,0.6053490176814128,0.01
674,-61.472290322580875,0,0.5858690476190472,0.01
675,-59.265419354838194,0,0.5807857142857138,0.01
676,-63.4054193548394,0,0.7841190476190479,0.01
677,-78.77387096774312,0,0.8782857142857144,0.01
678,-58.23774193548318,0,0.8767738086300148,0.01
679,-93.18735483870732,0,0.8326071428571367,0.01
680,-65.0209677419348,0,0.8401071428538388,0.01
681,-80.55629032258143,0,0.8938690476190477,0.01
682,-82.80900000000179,0,0.8660357142857148,0.01
683,-103.69203225806417,0,0.8352023809523814,0.01
684,-92.42858064516024,0,0.8501071428571408,0.01
685,-96.73738709677545,0,0.8330357142857152,0.01
686,-104.55277419355049,0,0.8274523809523806,0.01
687,-127.1398064516128,2,0.7946190476190473,0.01
688,-116.09577419354765,2,0.7728690476190487,0.01
689,-115.24132258064476,2,0.8168690476190478,0.01
690,-97.10812903225933,0,0.8351190476190475,0.01
691,-102.64187096774333,0,0.8116190476190478,0.01
692,-102.20161290322743,0,0.8322857142857145,0.01
693,-97.43516129032388,0,0.8419523809523802,0.01
694,-30.59361290322619,1,0.26371324637148985,0.01
695,-48.68941935483839,0,0.5517857142857147,0.01
696,-31.273774193548697,0,0.27576190382855337,0.01
697,-48.97651612903224,1,0.500872493146742,0.01
698,-32.36083870967767,1,0.24892857857893663,0.01
699,-31.47351612903251,1,0.2403560723968234,0.01
700,-50.764838709677456,0,0.5159573122941864,0.01
701,-46.48932258064505,0,0.5783571428571422,0.01
702,-29.51267741935519,1,0.25841666646444456,0.01
703,-84.12680645161093,0,0.7437023809523814,0.01
704,-83.28212903225617,0,0.743952380952381,0.01
705,-85.87887096773976,0,0.7642023809523811,0.01
706,-82.47112903225641,0,0.7645357142857148,0.01
707,-98.14554838709773,0,0.6997857142857149,0.01
708,-89.20864516128827,0,0.7207857142857149,0.01
709,-93.64916129032369,0,0.7204523809523812,0.01
710,-96.38567741935599,0,0.7024523809523813,0.01
711,-87.79609677419134,0,0.7373690476190478,0.01
712,-68.92487096774228,0,0.6407023809523817,0.01
713,-87.17893548387185,0,0.7085238095238057,0.01
714,-72.90148387096723,0,0.6626190476190478,0.01
715,-75.5064516129033,0,0.6379404761900936,0.01
716,-90.85435483870903,0,0.7743571428571367,0.01
717,-88.91629032258167,0,0.7266904761904716,0.01
718,-81.86341935483874,0,0.7477738095238085,0.01
719,-73.13416129032302,0,0.6995238094799953,0.01
720,-75.17541935483922,1,0.6959523813300112,0.01
721,-64.14987096774203,0,0.8906190476190468,0.01
722,-90.65361290322619,0,0.7756190476190467,0.01
723,-64.10100000000101,0,0.8803690476190478,0.01
724,-95.98183870967654,0,0.7862023809523809,0.01
725,-104.53164516129186,0,0.8568690476190474,0.01
726,-104.4120000000018,0,0.8254523809523815,0.01
727,-102.53474193548536,0,0.8128690476190474,0.01
728,-97.20035483871062,0,0.8170357142857146,0.01
729,-107.23712903226003,0,0.8057023809523807,0.01
730,-80.97519354838727,0,0.8173690500795466,0.01
731,-89.9166129032273,0,0.7925238095238006,0.01
732,-86.70345161290435,0,0.7881904761904687,0.01
733,-84.97541935483979,0,0.8101071428571357,0.01
734,-88.37096774193684,0,0.774607142857135,0.01
735,-86.58596774193667,0,0.8400238095238007,0.01
736,-84.37561290322671,0,0.7739404761904694,0.01
737,-85.56954838709567,0,0.8382738095238035,0.01
738,-85.72106451613003,0,0.8116904761904703,0.01
739,-102.81867741935667,0,0.8333690476190482,0.01
740,-105.79261290322823,0,0.8210357142857143,0.01
741,-98.55983870967907,0,0.783702380952381,0.01
742,-95.49703225806618,0,0.7854523809523812,0.01
743,-103.61651612903397,0,0.8344523809523807,0.01
744,-107.32483870967936,0,0.824285714285714,0.01
745,-104.83087096774399,0,0.8168690476190474,0.01
746,-103.85903225806649,0,0.828285714285714,0.01
747,-101.95503225806637,0,0.8402857142857139,0.01
748,-74.36099999999958,2,0.5211200436414363,0.01
749,-45.943193548386695,0,0.5320119029743142,0.01
750,-47.41654838709653,0,0.6168690572974255,0.01
751,-44.62525806451581,0,0.5386785349637113,0.01
752,-44.01180645161272,0,0.5349523836238538,0.01
753,-43.642935483870716,0,0.5308333322022634,0.01
754,-48.4995806451611,0,0.6304999999998666,0.01
755,-44.734903225806285,0,0.5147482861902614,0.01
756,-47.309161290322216,0,0.5537857154476413,0.01
757,-100.90454838709931,0,0.8622023809523806,0.01
758,-100.50454838709918,0,0.8642023809523807,0.01
759,-102.0172903225827,0,0.8437857142857145,0.01
760,-128.76532258064736,1,0.8492023809523804,0.01
761,-113.3307096774223,0,0.8367857142857146,0.01
762,-106.44970967742204,0,0.8505357142857141,0.01
763,-128.8213870967773,1,0.8420357142857144,0.01
764,-102.25367741935733,0,0.8677857142857139,0.01
765,-101.06287096774466,0,0.8652023809523807,0.01
766,-52.79596774193545,0,0.7293690476190483,0.01
767,-58.43667741935537,1,0.8245357142857119,0.01
768,-64.3473225806448,0,0.8147024947854801,0.01
769,-60.432548387097505,2,0.8145357175412221,0.01
770,-61.77254838709684,1,0.8336761078763361,0.01
771,-53.2235161290323,0,0.7980238095238028,0.01
772,-43.3455161290322,0,0.8610357142857142,0.01
773,-53.04335483870987,0,0.8231211311366983,0.01
774,-57.05887096774292,1,0.8358690476190495,0.01
775,-103.66067741935694,1,0.8633199041365947,0.01
776,-100.2494193548391,0,0.8524523809523787,0.01
777,-90.24761290322502,1,0.8865065476223445,0.01
778,-116.96625806451668,1,0.8452857142857138,0.01
779,-93.33412903225717,0,0.8259523809523813,0.01
780,-92.50045161290524,0,0.8672933009999491,0.01
781,-91.74838709677134,0,0.8497857142857143,0.01
782,-117.42154838709568,1,0.8627857142857143,0.01
783,-99.20983870967613,0,0.8608690476190477,0.01
784,-29.521645161290138,0,0.7475238095237969,0.01
785,-29.345870967741757,0,0.7614404761904633,0.01
786,-29.192935483870787,0,0.7500238095237969,0.01
787,-29.310387096774015,0,0.7607738095237967,0.01
788,-55.306354838709424,0,0.667202380952379,0.01
789,-29.357645161290137,0,0.7565238095237966,0.01
790,-29.32722580645143,0,0.7599404761904632,0.01
791,-29.444548387096592,0,0.7603571428571299,0.01
792,-29.34622580645142,0,0.7510238095237968,0.01
793,-80.60470967741928,1,0.7156190476192996,0.01
794,-66.98054838709604,0,0.7632023809523809,0.01
795,-79.79329032258065,0,0.7411190476190471,0.01
796,-71.38635483871032,0,0.7432023809523811,0.01
797,-70.47122580645171,0,0.7494523809523814,0.01
798,-84.44245161290226,0,0.7794523809523817,0.01
799,-82.40261290322516,0,0.7448690476190482,0.01
800,-71.39938709677324,1,0.7582023809523808,0.01
801,-80.23851612903158,1,0.7599523809523806,0.01
802,-20.294677419354834,4,0.16566238264549882,0.01
803,-27.081354838709668,3,0.19662860779267063,0.01
805,-30.629548387096783,2,0.1838888530444503,0.01
807,-14.491258064516098,1,0.23433343189042447,0.01
810,-29.687193548387118,4,0.1875913615676834,0.01
811,-94.17338709677425,0,0.8500357142857142,0.01
812,-97.85974193548063,0,0.8136071428571336,0.01
813,-91.76793548387252,0,0.8341071428571349,0.01
814,-99.77519354838404,0,0.8278571428571352,0.01
815,-95.89364516128819,0,0.8391904761904724,0.01
816,-100.30458064515774,0,0.8274404761904673,0.01
817,-95.37603225806475,0,0.865202380952381,0.01
818,-96.14867741935494,0,0.8552023809523809,0.01
819,-93.16722580645168,0,0.8534523809523811,0.01
820,-36.96861290322575,0,0.816369047619051,0.01
821,-39.21277419354862,0,0.7937857142857178,0.01
822,-36.310516129032024,0,0.8516190476190488,0.01
823,-37.804451612903016,0,0.8364668876890876,0.01
824,-37.446870967742846,0,0.7338452380952252,0.01
825,-37.82045161290416,0,0.7389285714285582,0.01
826,-38.76964516129036,0,0.8100357142857176,0.01
827,-40.12374193548453,0,0.7524523809523791,0.01
828,-37.36212903225813,0,0.7899523809523853,0.01
829,-82.55054838709624,0,0.8237023809523805,0.01
830,-81.52490322580752,0,0.8267857142857146,0.01
831,-82.12396774193645,0,0.8043690476190473,0.01
832,-81.57200000000103,0,0.7911190476190474,0.01
833,-80.17748387096874,0,0.835619047619048,0.01
834,-82.75341935483958,0,0.8031190476190477,0.01
835,-79.985387096775,0,0.8030357142857142,0.01
836,-82.27500000000087,0,0.8222023809523811,0.01
837,-82.43167741935589,0,0.8022857142857144,0.01
838,-92.70767741935299,0,0.8239523809523813,0.01
839,-91.27554838709614,1,0.7869523809523806,0.01
840,-88.67954838709613,0,0.8022857142857154,0.01
841,-94.65077419354634,0,0.7966190476190473,0.01
842,-91.5147096774189,2,0.7944525528017516,0.01
843,-87.19035483870914,0,0.806869047619048,0.01
844,-90.94883870967524,0,0.7966190476190476,0.01
845,-90.74003225806239,0,0.825869047619048,0.01
846,-89.5279032258057,0,0.7885357142857142,0.01
847,-73.2381612903213,0,0.7817023809523808,0.01
848,-104.05806451613034,0,0.7744523809523776,0.01
849,-102.46990322580761,0,0.7710357142857137,0.01
850,-100.01700000000093,0,0.799035714285714,0.01
851,-94.71987096774058,0,0.782119047619047,0.01
852,-101.61845161290408,0,0.8207857142857145,0.01
853,-99.34119354838872,0,0.8142023809523807,0.01
854,-92.72138709677259,0,0.8047023809523808,0.01
855,-98.06361290322606,0,0.7961190476190474,0.01
856,-89.16199999999989,0,0.8096190476190479,0.01
857,-110.08335483871052,1,0.8564523809523814,0.01
858,-81.37683870967618,0,0.8359523809523808,0.01
859,-116.35296774193641,1,0.7837398325322884,0.01
860,-113.46425806451633,1,0.7642738095238096,0.01
861,-100.59487096774248,0,0.7812023809523815,0.01
862,-94.25370967741974,1,0.7835999334726389,0.01
863,-87.66635483870986,0,0.8052023809523813,0.01
864,-88.06664516128983,0,0.8159523809523812,0.01
865,-106.50987096774162,0,0.8056190476190476,0.01
866,-85.68267741935476,0,0.8100938080357173,0.01
867,-96.65461290322646,0,0.8002023809523909,0.01
868,-87.27919354838725,0,0.8057023809658099,0.01
869,-107.72332258064445,0,0.818035714285714,0.01
870,-90.08880645161318,1,0.8110245934959922,0.01
871,-101.0090967741936,0,0.8299523809523817,0.01
872,-87.11400000000083,2,0.8140795168899373,0.01
873,-102.34841935483925,0,0.8378690476190482,0.01
874,-30.279516129032352,0,0.42420238095238116,0.01
875,-63.602000000000125,0,0.37695238095238154,0.01
876,-57.6874193548387,0,0.3500795168912616,0.01
877,-65.67783870967718,1,0.34720238095238076,0.01
878,-46.8402580645163,0,0.681944335712042,0.01
879,-54.9277096774193,0,0.356035714285716,0.01
880,-67.00864516129043,1,0.35912663114570637,0.01
881,-59.50509677419354,1,0.36195291001380664,0.01
882,-64.12248387096768,0,0.33402378306853486,0.01
884,-80.83329032258091,0,0.7524523809523812,0.01
885,-84.62122580645001,1,0.7372857142857143,0.01
886,-78.30764516129085,0,0.7358690476190476,0.01
887,-80.68451612903172,0,0.696273808630014,0.01
888,-86.65145161290206,0,0.6598569878357231,0.01
889,-75.42932258064461,1,0.7202023809523811,0.01
890,-75.23122580645135,0,0.7041190476190486,0.01
891,-80.54764516129147,0,0.7792023809523803,0.01
893,-56.14651612903211,2,0.31942142139754603,0.01
901,-68.63312903225943,0,0.8347023809523809,0.01
902,-96.45541935483806,0,0.7752857142857122,0.01
903,-128.4226774193563,1,0.7710357744291887,0.01
904,-104.25441935483772,0,0.7763690476198468,0.01
905,-95.31516129032198,1,0.777952380952389,0.01
906,-85.36896774193514,0,0.774292332612432,0.01
907,-92.87864516129068,0,0.7752857142886495,0.01
908,-88.97596774193559,0,0.7613690476190477,0.01
909,-97.5074193548393,1,0.7819523811979335,0.01
910,-160.18019354838742,3,0.7250522824812748,0.01
911,-117.74619354838748,1,0.8161192845203636,0.01
912,-172.98632258064464,2,0.7084523809548461,0.01
913,-115.1081935483891,1,0.7718016661711813,0.01
914,-124.34983870967639,2,0.8245357142857148,0.01
915,-163.56280645161294,2,0.7577025243366042,0.01
916,-164.6738064516129,3,0.7285929534713027,0.01
917,-159.03809677419378,2,0.7648718238986573,0.01
918,-163.89851612903098,2,0.7479523809523807,0.01
919,-78.89764516128936,0,0.8018571428571328,0.01
920,-77.88229032257998,0,0.7938571428571302,0.01
921,-110.97735483870973,1,0.8106190476190475,0.01
922,-104.61429032257978,1,0.8240357142857145,0.01
923,-100.50735483871021,0,0.8134523809523827,0.01
924,-72.32999999999862,0,0.8462857142857131,0.01
925,-82.20819354838738,1,0.8639523809523808,0.01
926,-99.26283870967693,1,0.8117857142857142,0.01
927,-99.01196774193546,3,0.8303690918246258,0.01
928,-89.64106451613016,0,0.8508690476190471,0.01
929,-92.69106451613021,0,0.838702380952381,0.01
930,-89.77970967741994,0,0.8327023809523819,0.01
931,-89.85874193548553,0,0.8332023809523817,0.01
932,-92.39290322580797,0,0.8471190476190469,0.01
933,-93.3475806451621,0,0.8657023809523812,0.01
934,-76.5193225806454,0,0.7478570997034628,0.01
935,-89.81219354838784,0,0.822619047619047,0.01
936,-83.47054838709698,0,0.8000357142857142,0.01
937,-80.96877419354857,0,0.8751190476190478,0.01
938,-85.55219354838664,0,0.8552857321405162,0.01
939,-89.72835483870885,0,0.8667023809524204,0.01
940,-87.80409677419412,0,0.8600357142857143,0.01
941,-84.80390322580558,0,0.8572023809523817,0.01
942,-89.08435483870763,0,0.8357023809523824,0.01
943,-92.32638709677359,0,0.8592857142857142,0.01
944,-93.69016129031984,0,0.8427023809523807,0.01
945,-85.57187096774155,0,0.8594523809523812,0.01
946,-63.21570967741856,1,0.7517023809523818,0.01
947,-68.9717741935481,0,0.7375357142857143,0.01
948,-66.56403225806498,0,0.7820121375526429,0.01
949,-66.68206451612893,1,0.7391190873489524,0.01
950,-80.01419354838687,1,0.7419328926502992,0.01
951,-62.3642903225798,1,0.7333556069507158,0.01
952,-55.91258064516187,0,0.766619052618307,0.01
953,-56.83000000000113,0,0.8299523809523809,0.01
954,-66.20422580645182,0,0.7137023809708237,0.01
955,-93.49929032258026,0,0.7872857142857144,0.01
956,-60.66122580645152,3,0.782593734595996,0.01
957,-88.24503225806545,0,0.7747857142857144,0.01
958,-40.67258064516112,0,0.906952380952381,0.01
959,-96.74687096774166,0,0.7882023809523813,0.01
960,-40.386612903227,0,0.2795952380952528,0.01
961,-86.23422580645159,0,0.6808690476190472,0.01
962,-39.755000000000706,0,0.13622688884839826,0.01
963,-84.43025806451674,0,0.6382857142857149,0.01
964,-108.55241935483916,0,0.6790610852851088,0.01
965,-121.21722580645181,1,0.6745993547339086,0.01
966,-116.3373225806454,1,0.6825357142857136,0.01
967,-113.43422580645196,1,0.7208690476190484,0.01
968,-103.84667741935492,0,0.6823690476190477,0.01
969,-111.12925806451652,0,0.7212602351193224,0.01
970,-102.57412903225868,0,0.7369523809523806,0.01
971,-121.45074193548422,1,0.6756035629637648,0.01
972,-104.13074193548478,0,0.6996006703555872,0.01
973,-90.52580645161505,1,0.7707857142857141,0.01
974,-90.4500000000025,1,0.7529523809523808,0.01
975,-87.39596774193363,1,0.8040357142857146,0.01
976,-92.65496774193677,2,0.744326943983876,0.01
977,-91.34451612903258,3,0.7853896758870164,0.01
978,-72.35674193548323,0,0.7621904761904692,0.01
979,-90.3154838709691,0,0.7707857142857146,0.01
980,-87.5351290322604,1,0.7998690476190475,0.01
981,-95.14451612903288,4,0.7376435569671096,0.01
982,-98.74519354838984,0,0.8542023809523814,0.01
983,-100.057806451613,1,0.851119047619047,0.01
984,-103.94654838709806,0,0.8473690476190479,0.01
985,-103.3701935483869,0,0.8561190476190474,0.01
986,-105.96648387096931,1,0.8395357142857142,0.01
987,-101.88180645161326,0,0.8647857142857146,0.01
988,-46.07445161290229,1,0.8884573123601973,0.01
989,-108.25906451613095,0,0.843702380952381,0.01
990,-100.19206451612904,0,0.8692857142857141,0.01
991,-65.86161290322467,0,0.8176190476190477,0.01
992,-82.61674193548326,0,0.8847023809523811,0.01
993,-65.88003225806389,0,0.8235357142857144,0.01
994,-77.24600000000008,0,0.7996190480225147,0.01
995,-67.70832258064418,0,0.818285714285714,0.01
996,-71.83438709677417,2,0.8090830770356424,0.01
997,-69.86677419354737,0,0.8292857142857143,0.01
998,-68.68435483870911,0,0.8137023809523816,0.01
999,-81.51280645161386,0,0.8798690476190468,0.01
1000,-31.01090322580641,0,0.5649523809523808,0.01
1001,-25.43625806451573,0,0.44445238095238104,0.01
1002,-30.25612903225745,0,0.5987857142857145,0.01
1003,-32.97438709677369,0,0.5829523809523809,0.01
1004,-30.652774193547792,0,0.593452380952381,0.01
1005,-32.76109677419304,0,0.5806190476190475,0.01
1006,-31.80519354838646,0,0.5798690476190477,0.01
1007,-31.24267741935417,0,0.5850357142857143,0.01
1008,-31.172612903225136,0,0.5790357142857143,0.01
1009,-141.65532258064528,2,0.6893144549985589,0.01
1010,-115.65467741935525,1,0.7667023809523809,0.01
1011,-103.12999999999603,0,0.781285714285714,0.01
1012,-99.37187096773988,1,0.7987857142857144,0.01
1013,-128.31216129031992,1,0.7706815986280667,0.01
1014,-123.41841935483748,1,0.7840357892002687,0.01
1015,-146.52551612903267,2,0.6851530494423997,0.01
1016,-104.38858064516054,0,0.7886190476190476,0.01
1017,-104.36103225806411,0,0.7704523809523807,0.01
1018,-59.04532258064302,0,0.8302023809523811,0.01
1019,-55.22680645161097,0,0.8583690476190475,0.01
1020,-86.08832258064523,0,0.8296190476190485,0.01
1021,-99.2105483870983,0,0.7807023809523813,0.01
1022,-87.19677419354858,3,0.7893199200546663,0.01
1023,-98.38290322580761,0,0.7889523809523816,0.01
1024,-84.64577419354916,0,0.7787023809523815,0.01
1025,-79.1774516129032,0,0.7918690547605817,0.01
1026,-57.311451612901244,0,0.8403690476190475,0.01
1027,-97.5849677419342,0,0.8689523809523808,0.01
1028,-88.4063225806437,0,0.8681190476190473,0.01
1029,-86.9716129032242,0,0.8451190476190478,0.01
1030,-97.61383870967865,0,0.8558452226888342,0.01
1031,-102.50619354838844,0,0.8574523809523809,0.01
1032,-98.89445161290418,1,0.8501190476190476,0.01
1033,-97.01864516129085,0,0.8386190476202039,0.01
1034,-92.47706451612943,0,0.8568690476190477,0.01
1035,-96.67222580645387,0,0.8557023809523808,0.01
1036,-94.84787096774308,0,0.7944523809523808,0.01
1037,-95.00867741935521,0,0.8602023809523812,0.01
1038,-91.85432258064236,0,0.8311190476190482,0.01
1039,-94.69629032257983,0,0.7862023809523809,0.01
1040,-91.52351612902947,0,0.8388690476190477,0.01
1041,-101.14738709677069,0,0.8128690476190479,0.01
1042,-89.67738709677226,0,0.8257023809523811,0.01
1043,-90.00780645161038,0,0.8586190476190476,0.01
1044,-99.3845161290331,0,0.8274523809523813,0.01
1045,-100.88280645161439,0,0.8340357142857144,0.01
1046,-101.84545161290497,0,0.8405357142857142,0.01
1047,-98.4933870967756,0,0.8457023809523814,0.01
1048,-104.10167741935643,0,0.828452380952381,0.01
1049,-103.9387096774214,0,0.823452380952381,0.01
1050,-104.274645161292,0,0.8296190476190477,0.01
1051,-95.44032258064622,0,0.8699523809523813,0.01
1052,-89.93890322580505,0,0.8392857142857143,0.01
1053,-98.4825161290339,0,0.8626190476190476,0.01
1054,-63.463967741935555,1,0.570369047619048,0.01
1055,-54.183741935484015,1,0.5638133409286666,0.01
1056,-55.462838709677754,0,0.5866071428571448,0.01
1057,-52.44867741935473,0,0.5993571428571431,0.01
1058,-64.19232258064505,2,0.6448557841087432,0.01
1059,-66.50096774193592,1,0.609619196324926,0.01
1060,-58.15019354838671,1,0.605273844438853,0.01
1061,-63.68832258064533,0,0.6059523809523816,0.01
1062,-59.44209677419334,1,0.6300240037409054,0.01
1063,-95.04293548387035,0,0.8219410315714925,0.01
1064,-92.81661290322572,0,0.7740359380265539,0.01
1065,-99.93296774193571,0,0.7452857142857141,0.01
1066,-105.92067741935405,0,0.7291928625641627,0.01
1067,-112.71106451612934,1,0.7269007692785855,0.01
1068,-106.4578064516122,0,0.7404523809523811,0.01
1069,-119.62754838709635,1,0.6966543663239396,0.01
1070,-106.10038709677335,0,0.7196895029444731,0.01
1071,-98.15067741935702,0,0.736035714285714,0.01
1072,-80.691064516127,0,0.8860357142857144,0.01
1073,-93.24222580645045,0,0.8658690476190477,0.01
1074,-82.42729032258083,0,0.8766190476190475,0.01
1075,-98.69883870967622,0,0.8517857142865232,0.01
1076,-81.74390322580807,0,0.8658690476190477,0.01
1077,-83.81345161290368,2,0.8722023809523815,0.01
1078,-87.56190322580592,3,0.8178632167488059,0.01
1079,-78.73683870967626,1,0.8699234851245053,0.01
1080,-81.50287096774215,3,0.8778935922284226,0.01
1081,-79.93599999999994,0,0.6634523809523813,0.01
1082,-72.93770967741945,0,0.6592023809523808,0.01
1083,-79.93135483870951,1,0.6741190476190482,0.01
1084,-72.34158064516177,0,0.7162023809523818,0.01
1085,-70.30796774193594,0,0.7103690476190485,0.01
1086,-83.40599999999998,0,0.7032857142857145,0.01
1087,-82.91251612903211,0,0.6611455252045466,0.01
1088,-72.73558064516152,1,0.6310357142857151,0.01
1089,-74.1296129032257,0,0.6962857142857143,0.01
1090,-94.00161290322744,0,0.7712857142857141,0.01
1091,-93.25670967742123,0,0.7659523809523812,0.01
1092,-100.93203225806653,0,0.7558690476190476,0.01
1093,-93.49790322580863,0,0.7567023809523812,0.01
1094,-106.11216129032228,1,0.7403461826912802,0.01
1095,-109.33664516129122,1,0.735606570966247,0.01
1096,-96.21316129032375,0,0.7374523809523823,0.01
1097,-99.27164516129044,0,0.7438690476190475,0.01
1098,-102.3470000000004,1,0.7642023809523811,0.01
1099,-80.54506451612863,0,0.8372023809523802,0.01
1100,-85.50619354838715,0,0.839119047619048,0.01
1101,-78.9366451612902,0,0.8464523809523803,0.01
1102,-104.83535483871063,1,0.8527857142857141,0.01
1103,-84.49532258064588,0,0.8347023809523814,0.01
1104,-83.62851612903151,0,0.8384523809523815,0.01
1105,-86.17716129032398,0,0.865119047619048,0.01
1106,-91.07283870967808,0,0.8469523809523816,0.01
1107,-83.28558064516204,0,0.8495357142857141,0.01
1108,-31.52258064516091,0,0.4325595238095238,0.01
1109,-31.468548387096394,0,0.4346428571428571,0.01
1110,-31.323387096773818,0,0.4346428571428571,0.01
1111,-31.453709677418978,0,0.43297619047619046,0.01
1112,-31.524354838709296,0,0.43547619047619046,0.01
1113,-31.397903225806076,0,0.4321428571428571,0.01
1114,-31.453709677418978,0,0.43297619047619046,0.01
1115,-31.38483870967704,0,0.43339285714285714,0.01
1116,-31.48161290322543,0,0.43339285714285714,0.01
1117,-106.87935483870822,0,0.8257857142857148,0.01
1118,-139.09887096773943,1,0.8255357142857144,0.01
1119,-107.51716129032056,0,0.8444523809523811,0.01
1120,-72.63241935483866,1,0.8965357142857141,0.01
1121,-130.79809677419198,1,0.8115357142857138,0.01
1122,-112.22977419354817,0,0.815702380952381,0.01
1123,-122.65303225806399,0,0.7961190476190475,0.01
1124,-140.97674193548312,1,0.7973690476190477,0.01
1125,-149.82122580645034,1,0.7842857142857145,0.01
1126,-36.41874193548409,0,0.7736904761904628,0.01
1127,-36.02054838709705,0,0.7683571428571297,0.01
1128,-44.7543870967749,0,0.7662857142857075,0.01
1129,-36.21745161290349,0,0.7956904761904622,0.01
1130,-38.3087419354833,0,0.8015238095237953,0.01
1131,-38.46561290322523,0,0.8047738095237952,0.01
1132,-41.32119354838825,0,0.7883571428571288,0.01
1133,-38.2967419354833,0,0.799190476190462,0.01
1134,-41.03970967742049,0,0.7975238095237953,0.01
1135,-65.43419354838701,0,0.6614523809523816,0.01
1136,-55.068516129032204,0,0.5644523809658185,0.01
1137,-79.12070967741892,0,0.8016190476190562,0.01
1138,-53.98754838709677,0,0.598619047623549,0.01
1139,-56.082193548387,0,0.564452380953133,0.01
1140,-76.35629032258112,0,0.8078690476190479,0.01
1141,-55.439483870967656,0,0.5941190476190482,0.01
1142,-40.21945161290325,0,0.4370357142857142,0.01
1143,-43.988774193548316,0,0.4707857142857144,0.01
1144,-72.05625806451651,0,0.7017857142857147,0.01
1145,-68.77603225806443,0,0.7412023809523808,0.01
1146,-68.83606451612917,1,0.7362857142857141,0.01
1147,-70.06022580645114,1,0.7360357142857145,0.01
1148,-66.79735483870965,0,0.7519523809523805,0.01
1149,-74.31116129032291,1,0.736952380952381,0.01
1150,-67.61819354838644,0,0.7377857142857148,0.01
1151,-66.48096774193576,0,0.7676190476190476,0.01
1152,-72.65645161290306,0,0.7249523809523819,0.01
1153,-128.27722580645312,1,0.7877026310402591,0.01
1154,-95.58209677419562,0,0.8365357142857138,0.01
1155,-90.1026451612898,0,0.8382857142857147,0.01
1156,-133.86203225806577,1,0.7759048320147915,0.01
1157,-96.3793870967767,0,0.8308690476190477,0.01
1158,-80.51954838709607,0,0.8339523809523816,0.01
1159,-126.81306451612961,1,0.8112023809523815,0.01
1160,-88.37306451612876,0,0.8652023809523814,0.01
1161,-109.60525806451518,1,0.8317023809523811,0.01
1162,-54.43722580645294,0,0.2578571428571348,0.01
1163,-55.09387096774326,0,0.22752380952380302,0.01
1164,-53.573000000001315,0,0.21460714285713733,0.01
1165,-51.96458064516253,0,0.23652380952380236,0.01
1166,-52.37406451613028,0,0.22802380952380294,0.01
1167,-52.683161290323845,0,0.2381904761904689,0.01
1168,-52.71490322580772,0,0.23885714285713558,0.01
1169,-54.85987096774327,0,0.24802380952380151,0.01
1170,-53.66635483871098,0,0.21110714285713758,0.01
1171,-59.87309677419434,0,0.8252857142857127,0.01
1172,-64.39535483871104,0,0.7754285714285518,0.01
1173,-62.97077419354965,0,0.789928571428553,0.01
1174,-63.049580645162585,0,0.8380238095237988,0.01
1175,-85.8678064516109,0,0.8752857142857144,0.01
1176,-58.96022580645272,0,0.8018571428571327,0.01
1177,-86.41258064515944,0,0.8789523809523808,0.01
1178,-79.58938709677477,0,0.870369047619048,0.01
1179,-58.606032258063806,0,0.8890357142857143,0.01
1180,-92.06016129032449,0,0.859202380952381,0.01
1181,-97.33977419355068,0,0.8412023809523812,0.01
1182,-95.87780645161499,0,0.8531190476190482,0.01
1183,-98.24009677419535,0,0.8400357142857147,0.01
1184,-95.61900000000203,0,0.8388690476190482,0.01
1185,-97.67193548387289,0,0.8619523809523808,0.01
1186,-93.08112903225981,0,0.8540357142857143,0.01
1187,-89.71338709677408,0,0.8440357142857144,0.01
1188,-95.68622580645382,0,0.842869047619048,0.01
1189,-81.46893548387018,0,0.8712023809523811,0.01
1190,-95.83680645161137,0,0.8472023809523815,0.01
1191,-85.54596774193408,0,0.8818690476190472,0.01
1192,-77.1692580645159,0,0.8867023809523817,0.01
1193,-83.2206774193536,0,0.8705357142857152,0.01
1194,-95.80867741935486,0,0.8695357142857147,0.01
1195,-96.52748387096777,0,0.8574523809523813,0.01
1196,-85.43761290322495,0,0.8799523809523803,0.01
1197,-84.47341935483942,0,0.8811190476190467,0.01
1198,-143.06790322580602,2,0.7101498240482302,0.01
1199,-130.40880645161275,2,0.7482023809523802,0.01
1200,-90.01064516129135,0,0.8269523809523812,0.01
1202,-118.42164516128997,2,0.8103690490628961,0.01
1203,-85.90203225806539,0,0.8233690476190487,0.01
1204,-131.42306451612907,2,0.7380357142857153,0.01
1205,-138.8872903225803,2,0.7696190476190483,0.01
1206,-80.16270967742003,0,0.7904523809523806,0.01
1207,-103.44451612903318,0,0.8661190476190477,0.01
1208,-99.84622580645126,0,0.8908690476190481,0.01
1209,-114.02277419354829,1,0.868619047619048,0.01
1210,-89.21329032258068,0,0.8764523809523816,0.01
1211,-97.83029032258035,1,0.8950357142857147,0.01
1212,-107.15919354838698,0,0.8747023809523807,0.01
1213,-128.34238709677356,2,0.8157863711251903,0.01
1214,-112.13674193548579,1,0.862369047619048,0.01
1215,-105.59119354838828,0,0.856369047619048,0.01
1216,-95.82351612903277,1,0.8742023809523819,0.01
1217,-105.80467741935699,0,0.8128690476190477,0.01
1218,-100.13370967742036,0,0.8745357142857146,0.01
1219,-99.42719354838778,0,0.868035714285714,0.01
1220,-100.88383870967913,0,0.8817023809523815,0.01
1221,-101.93216129032432,0,0.8608690476190486,0.01
1222,-95.26829032258074,0,0.8475357142857138,0.01
1223,-102.10712903225897,0,0.8495357142857142,0.01
1224,-101.6295161290335,0,0.8127023809523813,0.01
1225,-112.27348387096929,0,0.8479523809523812,0.01
1226,-120.3683548387112,1,0.8490357142857143,0.01
1227,-110.77038709677515,0,0.8529523809523816,0.01
1228,-111.48203225806628,0,0.847702380952381,0.01
1229,-78.0407419354835,0,0.8843690476190473,0.01
1230,-184.50077419355026,3,0.7487858242914257,0.01
1231,-106.71180645161346,0,0.8506190476190479,0.01
1232,-130.18164516129102,2,0.8410357142857124,0.01
1233,-146.72261290322666,2,0.8125716440600739,0.01
1234,-90.42099999999992,1,0.6820357142857144,0.01
1235,-97.00880645161413,2,0.6788690476190476,0.01
1236,-66.78858064516139,0,0.6776190476190471,0.01
1237,-66.42467741935546,0,0.6888690476190474,0.01
1238,-72.11751612903184,0,0.6853690476190474,0.01
1239,-89.12883870967903,1,0.6576190476190474,0.01
1240,-89.11829032257991,1,0.6823690476190478,0.01
1241,-72.06045161290375,2,0.6884383926706725,0.01
1242,-77.73151612903227,1,0.6742023809523809,0.01
1243,-74.63793548387132,0,0.8431190476190483,0.01
1244,-88.71370967741885,0,0.816202380953777,0.01
1245,-85.09145161290363,0,0.7627023809523811,0.01
1246,-58.79983870967873,0,0.8610357142857143,0.01
1247,-75.09887096774155,0,0.819535714285714,0.01
1248,-81.15532258064447,4,0.8381032673244649,0.01
1249,-77.73729032258042,4,0.7914530825966667,0.01
1250,-80.99770967741898,1,0.8352023809523819,0.01
1251,-79.94377419354842,2,0.8319098320318754,0.01
1252,-96.31864516129231,1,0.8632857142857142,0.01
1253,-108.15161290322813,0,0.758452380952381,0.01
1254,-141.5266451612902,2,0.8009523850541256,0.01
1255,-117.50077419354702,2,0.7537857142857145,0.01
1256,-152.57851612903352,2,0.7708206775227449,0.01
1257,-122.87351612903146,1,0.7663690476190478,0.01
1258,-84.862548387095,0,0.804369047619048,0.01
1259,-143.7430645161283,2,0.7603690476190483,0.01
1260,-82.82103225806384,0,0.7791190476190478,0.01
1261,-81.48248387096791,0,0.8768690476190479,0.01
1262,-87.03854838709626,0,0.8687023809523815,0.01
1263,-84.4546451612905,1,0.8726190476190484,0.01
1264,-79.26848387096727,0,0.8647023809524957,0.01
1265,-73.19283870967618,0,0.8482857142857134,0.01
1266,-81.92003225806435,0,0.8192023812091113,0.01
1267,-86.27474193548355,0,0.8608690476190478,0.01
1268,-85.61035483871002,0,0.8525357142857146,0.01
1269,-84.94054838709633,0,0.87820238095238,0.01
1270,-54.91522580645199,2,0.8736046408293199,0.01
1271,-52.692064516129165,0,0.8649523809523788,0.01
1272,-63.98364516129015,0,0.8692023809523839,0.01
1273,-51.82690322580702,0,0.8912857142857143,0.01
1274,-54.17035483870889,1,0.9095357142857139,0.01
1275,-59.259870967742344,2,0.8759591351618076,0.01
1276,-67.16467741935473,0,0.8772023810079174,0.01
1277,-70.54454838709665,1,0.8702023809523769,0.01
1278,-72.03783870967776,1,0.8792023809523805,0.01
1279,-82.23745161290462,1,0.8432023809523815,0.01
1280,-81.51480645161301,0,0.8530357142857142,0.01
1281,-171.06635483871085,4,0.6908407760713406,0.01
1282,-90.29193548387066,2,0.7932857142857143,0.01
1283,-74.19145161290358,0,0.8027023809523806,0.01
1284,-86.81935483871084,1,0.8107857142857146,0.01
1285,-85.39712903225899,1,0.8273690476190474,0.01
1286,-73.90109677419301,2,0.8616190476190475,0.01
1287,-84.19900000000138,0,0.8458690476190476,0.01
1288,-87.99690322580439,0,0.8281190476190468,0.01
1289,-91.04577419354737,0,0.8657023809523806,0.01
1290,-91.87712903225763,0,0.8763690476190474,0.01
1291,-88.99848387096552,0,0.8685357142857151,0.01
1292,-88.24099999999791,0,0.8657023809523814,0.01
1293,-68.41970967741939,0,0.8673690476190472,0.01
1294,-87.7016774193529,0,0.8791190476190479,0.01
1295,-67.61335483870975,0,0.8849523809523809,0.01
1296,-63.41938709677445,0,0.8368690476190475,0.01
1297,-109.45680645161394,1,0.841535714285714,0.01
1298,-108.35964516128965,0,0.8038690476190469,0.01
1299,-115.12554838709576,0,0.8411190476190478,0.01
1300,-101.25196774193581,0,0.843702380952381,0.01
1301,-95.50548387096597,0,0.8439523809523806,0.01
1302,-108.42983870967916,1,0.782089110526621,0.01
1303,-101.54367741935299,1,0.8322252735777671,0.01
1304,-92.33525806451591,0,0.8218690476190477,0.01
1305,-110.48919354838732,0,0.7848690476190482,0.01
1306,-91.55012903225725,1,0.8622857142857134,0.01
1307,-87.52574193548362,1,0.8716190476190474,0.01
1308,-85.85116129032168,0,0.8836190476190479,0.01
1309,-114.59629032258128,1,0.821535714285713,0.01
1310,-97.80519354838798,0,0.8675357142857142,0.01
1311,-106.56812903225892,1,0.8657857142857143,0.01
1312,-104.51464516128996,0,0.8512857142857141,0.01
1313,-94.53487096774384,0,0.8662023809523807,0.01
1314,-103.25409677419339,0,0.8745357142857142,0.01
1315,-98.02599999999985,1,0.8512857142857145,0.01
1316,-89.82593548387185,0,0.843119047619048,0.01
1317,-94.36296774193659,0,0.8471190476190474,0.01
1318,-98.45958064516039,0,0.8250357142857142,0.01
1319,-99.11129032257861,0,0.8276190476190476,0.01
1320,-85.5391290322582,0,0.8518690476190476,0.01
1321,-100.43129032257849,0,0.8162857142857141,0.01
1322,-90.69074193548416,1,0.8372023809523809,0.01
1323,-90.96051612903311,0,0.8517857142857146,0.01
1324,-74.2942903225807,0,0.8533690476190475,0.01
1325,-74.52819354838722,0,0.8586190476190474,0.01
1326,-73.3222258064517,0,0.8558690476190475,0.01
1327,-90.75638709677324,0,0.8594523809523813,0.01
1328,-72.15838709677432,0,0.8569523809523809,0.01
1329,-73.76600000000016,0,0.8412857142857144,0.01
1330,-73.7238709677416,0,0.8581190476190479,0.01
1331,-69.08587096774201,0,0.8746190476190473,0.01
1332,-73.37880645161287,0,0.852702380952381,0.01
1333,-51.96206451612825,0,0.5604523809523811,0.01
1334,-60.99216129032236,0,0.7450072085112601,0.01
1335,-84.06683870967808,0,0.8644523809523813,0.01
1336,-83.70916129032412,0,0.8574523809523811,0.01
1337,-55.94729032257915,0,0.5070595238095239,0.01
1338,-49.29683870967734,0,0.6292857142857462,0.01
1339,-52.42203225806392,0,0.5827714249962477,0.01
1340,-112.09174193548463,0,0.8171190476190467,0.01
1341,-107.38441935483972,1,0.7973947963031705,0.01
1342,-110.79651612903383,0,0.784452380952381,0.01
1343,-99.93245161290419,0,0.8056190476190476,0.01
1344,-99.90667741935708,0,0.7997023809523808,0.01
1345,-109.82606451613151,0,0.8114523809523815,0.01
1346,-101.97051612903469,0,0.7896190476190474,0.01
1347,-102.70219354838322,0,0.7854523809523811,0.01
1348,-106.73438709677662,0,0.7902857142857147,0.01
1349,-103.17267741935106,0,0.8215357142857139,0.01
1350,-110.05377419355077,0,0.798702380952381,0.01
1351,-103.88519354838611,0,0.8875357142857143,0.01
1352,-101.52341935483476,0,0.8829523809523804,0.01
1353,-107.57070967741868,0,0.8811190476190478,0.01
1354,-107.01841935483472,0,0.8947023809523807,0.01
1355,-102.94661290322554,0,0.8692023809523808,0.01
1356,-105.14654838709602,0,0.8443690476190482,0.01
1357,-96.69058064516081,0,0.8737857142857142,0.01
1358,-125.59806451613133,0,0.8697857142857144,0.01
1359,-99.49516129032165,0,0.8796190476190473,0.01
1360,-41.89270967741932,0,0.8562857142857143,0.01
1361,-41.67541935483868,0,0.8576190476190476,0.01
1362,-42.711516129032226,0,0.858202380952381,0.01
1363,-41.78545161290321,0,0.8578690476190476,0.01
1364,-42.28338709677423,0,0.8185357142857136,0.01
1365,-41.559999999999974,0,0.865785714285714,0.01
1366,-41.32203225806449,0,0.8693690476190473,0.01
1367,-83.92074193548476,2,0.8143690476190468,0.01
1368,-40.705483870967726,0,0.8579523809523808,0.01
1369,-51.19325806451665,0,0.9105238095238135,0.01
1370,-59.57612903225841,0,0.8487857142857158,0.01
1371,-64.07299999999988,2,0.8687023809523816,0.01
1372,-54.298806451612556,1,0.8847023809523811,0.01
1373,-58.19706451612886,0,0.9052023809523814,0.01
1374,-51.6366451612906,1,0.8977885991000013,0.01
1375,-62.47806451612911,0,0.8977857142857137,0.01
1376,-56.42445161290333,0,0.885619047620455,0.01
1377,-50.45396774193512,0,0.8785357142857148,0.01
1378,-77.5310645161293,0,0.8713690476190469,0.01
1379,-78.76509677419236,0,0.8532933010660633,0.01
1380,-80.18716129032171,0,0.8669523809523804,0.01
1381,-69.05258064515988,0,0.8819523809523809,0.01
1382,-75.33412903225776,0,0.8936190476190476,0.01
1383,-76.34293548387124,0,0.9010357142857146,0.01
1384,-92.10358064516004,0,0.862702380952381,0.01
1385,-82.84516129032315,0,0.8707857142857144,0.01
1386,-76.9602903225813,0,0.8908690476190476,0.01
1387,-87.20583870967633,1,0.7988690476888983,0.01
1388,-94.14658064516175,0,0.8387857142857144,0.01
1389,-91.23829032257987,0,0.8373690476190473,0.01
1390,-89.0585161290328,0,0.8416190476190479,0.01
1391,-90.18058064516084,0,0.8336190476190478,0.01
1392,-90.80935483871002,0,0.8229523809523808,0.01
1393,-100.71551612903404,0,0.8175357142857138,0.01
1394,-88.62903225806461,0,0.8134523809523806,0.01
1395,-76.84029032258061,2,0.8482023809808611,0.01
1396,-95.31990322580845,0,0.8278690476190474,0.01
1397,-92.95716129032425,0,0.8047857142857143,0.01
1398,-91.2074838709695,0,0.8114523809523809,0.01
1399,-92.26306451613057,0,0.8043690476190476,0.01
1400,-92.99080645161457,0,0.8433690476190476,0.01
1401,-96.15858064516348,0,0.8237857142857142,0.01
1402,-97.2082580645183,0,0.8224523809523813,0.01
1403,-92.45254838709833,0,0.8038690476190476,0.01
1404,-100.69961290322826,0,0.8044523809523808,0.01
1405,-97.65319354838681,0,0.8812023809523807,0.01
1406,-91.46970967741926,0,0.8995357142857142,0.01
1407,-87.55322580645286,0,0.898285714285715,0.01
1408,-79.00025806451592,0,0.906119047619048,0.01
1409,-95.43048387096775,1,0.9002023809523807,0.01
1410,-92.82251612903185,0,0.9126192281946667,0.01
1411,-87.97925806451553,0,0.8902023809523816,0.01
1412,-93.4541290322587,2,0.8922857142857143,0.01
1413,-85.75635483871072,0,0.9023690476190477,0.01
1414,-97.79048387096582,0,0.8228690476190473,0.01
1415,-91.75509677419193,0,0.8481190476190474,0.01
1416,-93.0773870967724,0,0.8547023809523807,0.01
1417,-91.65738709677228,0,0.8147023809523813,0.01
1418,-93.35967741935329,0,0.8122857142857146,0.01
1419,-96.23345161290123,0,0.8168690476190477,0.01
1420,-91.7503870967727,0,0.8349523809523807,0.01
1421,-96.53838709677221,0,0.7989523809523805,0.01
1422,-95.51393548386893,0,0.7994523809523809,0.01
1423,-41.61551612903254,0,0.6823571428571386,0.01
1424,-83.99183870967667,0,0.7943690476190475,0.01
1425,-41.64435483871015,0,0.5898571428571335,0.01
1426,-75.5683225806453,0,0.818952380952381,0.01
1427,-43.22674193548429,0,0.7320238095238006,0.01
1428,-43.436838709677836,0,0.7357738095238004,0.01
1429,-75.67432258064497,0,0.6801190476190476,0.01
1430,-41.62567741935527,0,0.7029404761904682,0.01
1431,-82.58622580645027,0,0.8072023809523811,0.01
1432,-139.90361290322537,2,0.8057857142857148,0.01
1433,-81.10554838709747,0,0.8717857142857143,0.01
1434,-123.2547419354844,2,0.8141426576711308,0.01
1435,-99.47274193548424,0,0.8417023809523808,0.01
1436,-112.30135483871139,1,0.8336190476190477,0.01
1437,-174.77864516129011,3,0.706952380952387,0.01
1438,-88.93764516129106,0,0.8690357142857141,0.01
1439,-85.10487096774284,0,0.8660357142857141,0.01
1440,-86.47635483870978,0,0.8640357142857145,0.01
1441,-59.79651612903398,0,0.8874523809523809,0.01
1442,-55.071032258063134,0,0.8719523809523809,0.01
1443,-58.274838709679,0,0.8847857142857142,0.01
1444,-57.2902258064516,0,0.8888690476190474,0.01
1445,-61.80206451612774,0,0.910452380952381,0.01
1446,-59.282322580646216,1,0.8684531024669239,0.01
1447,-54.72306451612767,0,0.8863690476190476,0.01
1448,-55.208032258063156,0,0.8805357142857143,0.01
1449,-58.035129032259654,0,0.8912023809523809,0.01
1450,-124.79045161290203,0,0.7967871785768766,0.01
1451,-110.34854838709565,0,0.8298883857961324,0.01
1452,-114.60599999999897,0,0.8609523809523806,0.01
1453,-66.67032258064441,0,0.8717857142857145,0.01
1454,-113.93625806451482,0,0.8367857142857144,0.01
1455,-110.63683870967759,0,0.8516190476190476,0.01
1456,-114.80245161290175,0,0.8574523809523809,0.01
1457,-118.96851612903089,0,0.8264523809523813,0.01
1458,-116.16009677419287,0,0.8570357142857138,0.01
1459,-69.77554838709514,0,0.8017738095237967,0.01
1460,-69.82045161290151,0,0.8157738095237964,0.01
1461,-69.91954838709505,0,0.8147738095237972,0.01
1462,-70.41893548386942,0,0.8055238095237971,0.01
1463,-68.64551612903274,0,0.8201904761904638,0.01
1464,-65.0781290322567,0,0.8351071428571362,0.01
1465,-72.09935483870812,0,0.805607142857129,0.01
1466,-70.86264516128868,0,0.8144404761904628,0.01
1467,-69.79132258064341,0,0.8201904761904629,0.01
1468,-87.05306451612896,0,0.8868690476190475,0.01
1469,-94.54093548387152,2,0.877535714285714,0.01
1470,-87.44622580645233,0,0.9122023809523809,0.01
1471,-95.50738709677277,2,0.8658690476190477,0.01
1472,-82.12964516128956,0,0.9223690476190475,0.01
1473,-81.90077419355,0,0.9191190476190477,0.01
1474,-96.12925806451578,1,0.9103690476190477,0.01
1475,-92.86606451612988,1,0.8881190476190469,0.01
1476,-92.51745161290279,1,0.9115357142857141,0.01
1477,-43.80961290322588,0,0.2711904761904689,0.01
1478,-40.639451612903265,0,0.42726838582759075,0.01
1479,-39.16361290322537,0,0.47222619047619047,0.01
1480,-40.58180645161243,0,0.4738928571428572,0.01
1481,-42.18909677419353,0,0.24285714285713506,0.01
1482,-40.13067741935438,0,0.46780952380952384,0.01
1483,-43.81170967741945,0,0.23160714285713604,0.01
1484,-43.37093548387104,0,0.24627380952380154,0.01
1485,-42.464096774194246,0,0.34927380952380543,0.01
1486,-91.44622580645161,0,0.9082023809523809,0.01
1487,-96.01545161290346,0,0.900702380952381,0.01
1488,-94.26000000000012,0,0.8851190476190476,0.01
1489,-90.4131290322584,0,0.9117023809523808,0.01
1490,-86.06654838709815,0,0.9013690476190478,0.01
1491,-95.61512903225844,0,0.8942023809523808,0.01
1492,-89.24667741935552,0,0.8957023809523813,0.01
1493,-90.02212903225823,0,0.9029523809523808,0.01
1494,-90.69187096774063,0,0.9191190476190477,0.01
1495,-59.29045161290288,0,0.7854523809523811,0.01
1496,-57.52154838709615,0,0.8081190476190478,0.01
1497,-55.70683870967709,0,0.7971190476190484,0.01
1498,-62.23012903225904,0,0.7139285714285583,0.01
1499,-57.391967741935,2,0.7967023809708742,0.01
1500,-58.02999999999949,1,0.8042857142857143,0.01
1501,-73.88235483870994,1,0.7868690476190479,0.01
1502,-61.88916129032187,1,0.8107857142859636,0.01
1503,-58.97599999999933,1,0.8184523809523816,0.01
1504,-109.04412903225692,0,0.8601190476190472,0.01
1505,-114.5271935483855,0,0.8532103023665175,0.01
1506,-125.3578709677411,0,0.8063025458687247,0.01
1507,-113.97832258064376,0,0.8457857142857149,0.01
1508,-107.45861290322563,0,0.8778690476190477,0.01
1509,-129.61703225806608,0,0.7990660930381757,0.01
1510,-120.43716129032417,0,0.797687791890883,0.01
1511,-72.31980645161285,0,0.8972857142857148,0.01
1512,-124.12132258064456,0,0.8295357142857142,0.01
1513,-73.58180645161322,0,0.8377857142857109,0.01
1514,-62.52835483870979,0,0.783702381903725,0.01
1515,-66.2239677419361,2,0.7755229292366865,0.01
1516,-78.21858064516162,0,0.792119047619046,0.01
1517,-71.93809677419388,0,0.7955357142857128,0.01
1518,-63.48854838709698,1,0.7772023809523755,0.01
1519,-65.52667741935542,1,0.7703690476211212,0.01
1520,-69.16780645161306,1,0.7992857142857127,0.01
1521,-77.31248387096818,0,0.799702380952379,0.01
1522,-27.06612903225795,0,0.573619047779984,0.01
1523,-93.85458064516054,1,0.8717857142857143,0.01
1524,-87.71819354838793,0,0.8504523809523807,0.01
1525,-80.10061290322598,0,0.8787023809523808,0.01
1526,-89.83364516128874,0,0.8743690476190473,0.01
1527,-102.23500000000159,0,0.8478690476190475,0.01
1528,-30.703838709677402,0,0.5870536697893644,0.01
1529,-29.373709677419203,0,0.592895793299192,0.01
1530,-30.052483870967855,0,0.5837023809523807,0.01
1531,-93.22351612903141,4,0.8360134434853321,0.01
1532,-92.9609032258072,0,0.8564523809523822,0.01
1533,-81.66967741935466,1,0.8647857142857144,0.01
1534,-106.80864516129068,2,0.8142738095237891,0.01
1535,-94.36803225806523,0,0.8542023809523801,0.01
1536,-96.88912903225963,0,0.8693690476190483,0.01
1537,-86.95380645161256,0,0.8394523809523814,0.01
1538,-93.94858064516214,0,0.8562857142857141,0.01
1539,-95.26406451613006,0,0.8302857142857146,0.01
1540,-135.7713225806458,1,0.8297023809523811,0.01
1541,-134.10945161290408,1,0.8372023809523813,0.01
1542,-137.16470967741967,1,0.8516190476190482,0.01
1543,-150.30364516129015,2,0.826584397963459,0.01
1544,-98.72548387096641,0,0.8776190476190474,0.01
1545,-123.35787096774037,1,0.8729523809523795,0.01
1546,-96.32064516129209,0,0.8761190476190478,0.01
1547,-89.63099999999808,0,0.9105357142857141,0.01
1548,-96.6793870967714,0,0.8722023809523809,0.01
1549,-58.33883870967734,0,0.6274523809523813,0.01
1550,-67.4113225806454,0,0.6237023809523807,0.01
1551,-67.85706451612863,0,0.6355357142857145,0.01
1552,-68.35329032258036,0,0.6201190476190477,0.01
1553,-65.0924193548388,0,0.6238690476190475,0.01
1554,-73.20209677419335,0,0.6155357142857144,0.01
1555,-78.2121935483872,0,0.8439523809523811,0.01
1556,-73.64635483870929,1,0.6282023809523807,0.01
1557,-95.69709677419385,0,0.8222857142857142,0.01
1558,-86.79464516129038,0,0.878952380952381,0.01
1559,-83.56341935483982,0,0.8709523809523809,0.01
1560,-91.69490322580647,0,0.857952380952381,0.01
1561,-89.28703225806454,0,0.8802857142857144,0.01
1562,-86.8495161290323,0,0.8680357142857145,0.01
1563,-84.56112903225812,0,0.8827023809523806,0.01
1564,-88.42138709677316,0,0.8743690476190477,0.01
1565,-96.19254838709782,1,0.8925357142857143,0.01
1566,-88.17193548387118,0,0.8659523809523807,0.01
1567,-51.015193548388275,0,0.38763095238094447,0.01
1568,-106.64680645161398,0,0.8380357142857139,0.01
1569,-96.17096774193631,0,0.8647857142857144,0.01
1570,-97.80832258064544,0,0.8579523809523808,0.01
1571,-104.39483870967871,0,0.8357857142857142,0.01
1572,-52.60980645161423,0,0.389047619047611,0.01
1573,-56.32564516129056,0,0.5776228243972626,0.01
1574,-100.1059999999996,0,0.8576190476190472,0.01
1575,-98.95100000000163,0,0.8808690476190477,0.01
1576,-59.06174193548374,0,0.7383046597377562,0.01
1577,-63.418258064515776,0,0.8462857145311706,0.01
1578,-56.765161290322595,0,0.8767857143156186,0.01
1579,-71.51632258064508,0,0.8556190476190485,0.01
1580,-55.95354838709593,0,0.8666071428571399,0.01
1581,-59.59887096774179,1,0.8575796951961528,0.01
1582,-56.833806451612936,0,0.885452380952381,0.01
1583,-74.81454838709674,2,0.8383690476190473,0.01
1584,-55.364516129031486,0,0.8529404761904722,0.01
1585,-101.3038387096748,1,0.8473690476190476,0.01
1586,-142.6723225806459,1,0.8376190476226585,0.01
1587,-115.15461290322644,1,0.8688690476190478,0.01
1588,-114.47751612903211,0,0.8480357142857144,0.01
1589,-139.9131290322585,1,0.8270363150820794,0.01
1590,-104.44874193548073,0,0.8453690476190476,0.01
1591,-103.24054838709384,0,0.8568690476190475,0.01
1592,-106.6500000000024,0,0.8522857142857144,0.01
1593,-115.20387096774202,0,0.8334523809523811,0.01
1594,-95.46190322580738,0,0.8293690476190478,0.01
1595,-102.96958064516292,0,0.8315357142857144,0.01
1596,-94.75725806451692,1,0.8253690476190474,0.01
1597,-72.49574193548388,0,0.884785714285715,0.01
1598,-103.13180645161434,0,0.833952380952381,0.01
1599,-77.266967741936,1,0.8674523809523814,0.01
1600,-80.56780645161211,0,0.8706190476190475,0.01
1601,-100.02638709677545,0,0.8549523809523807,0.01
1602,-92.31619354838716,1,0.8589523809523808,0.01
1603,-65.54770967741895,2,0.6897023809703465,0.01
1604,-49.17983870967745,0,0.875702380952381,0.01
1605,-69.04229032258044,0,0.8343690476190481,0.01
1606,-69.3275806451609,0,0.8407023809523806,0.01
1607,-64.48083870967739,1,0.8099523809523806,0.01
1608,-71.58116129032216,1,0.8347857142857147,0.01
1609,-69.53464516128994,0,0.8426190476190478,0.01
1610,-69.27729032258031,0,0.842452380952382,0.01
1611,-83.9569032258063,1,0.8377857142857149,0.01
1612,-127.07261290322907,1,0.8637023809523808,0.01
1613,-105.27383870967893,0,0.8795357142857142,0.01
1614,-109.51758064516335,0,0.8825357142857143,0.01
1615,-97.25041935484013,0,0.8637023809523813,0.01
1616,-110.61470967742203,0,0.8577857142857147,0.01
1617,-102.20864516129232,0,0.8557857142857143,0.01
1618,-122.26412903225614,1,0.8531190476190477,0.01
1619,-95.59690322580386,0,0.8614523809523817,0.01
1620,-131.2876774193581,1,0.8596190476190481,0.01
1621,-93.88009677419157,0,0.835702380952381,0.01
1622,-122.72861290322687,1,0.8227023809523808,0.01
1623,-109.79348387096861,2,0.8126190476190476,0.01
1624,-106.25154838709568,0,0.8336190476190475,0.01
1625,-155.1181935483858,1,0.7367926182571511,0.01
1626,-117.16716129032287,0,0.8052857142857144,0.01
1627,-211.9885161290313,3,0.6384122199894559,0.01
1628,-115.12935483871003,0,0.7816190476190475,0.01
1629,-102.90945161290388,0,0.8085357142857142,0.01
1630,-121.60248387096863,0,0.778869047619048,0.01
1631,-49.826935483871196,0,0.21427380952381062,0.01
1632,-123.30032258064543,0,0.766619047619048,0.01
1633,-49.9348387096786,0,0.22769047619046992,0.01
1634,-50.1222903225818,0,0.24060714285713564,0.01
1635,-50.310774193549555,0,0.2158571428571374,0.01
1636,-49.87870967742051,0,0.21269047619047093,0.01
1637,-50.07880645161406,0,0.22194047619047022,0.01
1638,-49.71383870967857,0,0.20977380952380445,0.01
1639,-113.94806451612969,0,0.8166190476190477,0.01
1640,-112.38206451613088,0,0.8151190476190477,0.01
1641,-113.06406451613155,0,0.8296190476190478,0.01
1642,-103.66270967741629,0,0.8134523809523807,0.01
1643,-106.65570967742077,0,0.8300357142857142,0.01
1644,-99.73745161290464,0,0.8368690476190475,0.01
1645,-106.73180645161449,0,0.8069523809523812,0.01
1646,-107.53319354839013,0,0.852202380952381,0.01
1647,-92.52296774193766,0,0.8277857142857143,0.01
1648,-75.67116129032343,0,0.8719523809523811,0.01
1649,-73.20332258064454,0,0.879702380952381,0.01
1650,-98.58825806451917,0,0.8647857142857142,0.01
1651,-77.8147741935497,0,0.877952380952381,0.01
1652,-74.32080645161228,0,0.8568690476190458,0.01
1653,-105.41099999999932,1,0.8625357142857145,0.01
1654,-89.80854838709678,1,0.8868690476190483,0.01
1655,-83.79058064516218,0,0.8641190476190473,0.01
1656,-99.51587096774271,0,0.8907857142857144,0.01
1657,-125.59616129032105,2,0.8282499504342541,0.01
1658,-92.94270967741814,0,0.8161190476190483,0.01
1659,-81.58529032258123,0,0.8494523809523807,0.01
1660,-93.17829032258034,1,0.8517023809523804,0.01
1661,-86.91967741935422,1,0.8456190476190482,0.01
1662,-83.22219354838705,1,0.7841190476190484,0.01
1663,-97.45261290322483,1,0.8383690476190477,0.01
1664,-83.79622580645133,0,0.834702380952381,0.01
1665,-130.22390322580432,2,0.7808754891996933,0.01
1666,-91.35525806451669,0,0.8528690476190477,0.01
1667,-142.56222580645192,2,0.8323054851859937,0.01
1668,-80.0957741935467,0,0.8712023809523809,0.01
1669,-123.66570967741856,2,0.8452023809523803,0.01
1670,-84.18445161290234,0,0.8862857142857149,0.01
1671,-102.62622580645237,1,0.8828690476190476,0.01
1672,-123.0300967741906,2,0.8692047116603785,0.01
1673,-85.22867741935585,0,0.8878690476190474,0.01
1674,-90.93048387096607,0,0.880202380952381,0.01
1675,-77.65777419354802,0,0.8300357142857141,0.01
1676,-88.13854838709663,0,0.8203690476190469,0.01
1677,-90.45616129032275,0,0.8068690476190479,0.01
1678,-87.96683870967678,0,0.8231190476190479,0.01
1679,-84.15696774193543,0,0.8182857142857142,0.01
1680,-83.30370967742033,0,0.8320357142857142,0.01
1681,-87.99019354838639,1,0.8097857142857152,0.01
1682,-85.40312903225812,0,0.8115357142857142,0.01
1683,-86.38774193548309,0,0.8084863561185304,0.01
1684,-91.97683870967725,0,0.8579523809523812,0.01
1685,-81.28874193548441,0,0.860369047619048,0.01
1686,-101.42087096774165,1,0.8670357142857142,0.01
1687,-92.64790322580495,0,0.8682023809523813,0.01
1688,-88.27190322580597,1,0.8575357142857145,0.01
1689,-85.78370967741837,1,0.8713690476190478,0.01
1690,-85.81703225806501,0,0.8534523809523811,0.01
1691,-81.53583870967687,0,0.8757023809523812,0.01
1692,-84.03122580645127,0,0.8547857142857144,0.01
1702,-105.11625806451792,0,0.7451190476190478,0.01
1703,-101.73122580645452,0,0.7724523809523809,0.01
1704,-132.23706451612998,1,0.7742023809523809,0.01
1705,-133.57277419354907,1,0.7571190476190478,0.01
1706,-95.20706451613057,0,0.781369047619048,0.01
1707,-138.92970967741908,1,0.7298690476190476,0.01
1708,-136.25945161290417,1,0.6998150192146328,0.01
1709,-136.99654838709714,1,0.7368695599973147,0.01
1710,-127.88838709677442,1,0.715820655914152,0.01
1711,-96.65661290322646,0,0.8360357142857145,0.01
1712,-93.9929354838717,0,0.8442023809523812,0.01
1713,-90.53006451612899,0,0.8254523809523815,0.01
1714,-93.22364516128994,0,0.8265357142857142,0.01
1715,-99.40338709677444,0,0.841535714285714,0.01
1716,-92.49777419354916,0,0.8457023809523808,0.01
1717,-93.54145161290391,0,0.8568690476190477,0.01
1718,-88.85251612903245,0,0.8477857142857146,0.01
1719,-94.12474193548452,0,0.8467023809523812,0.01
1720,-91.44874193548542,0,0.7900357142857143,0.01
1721,-93.86919354838778,0,0.7718690476190477,0.01
1722,-96.55467741935593,0,0.7720357142857143,0.01
1723,-92.33248387096869,0,0.8037023809523813,0.01
1724,-123.8559354838711,2,0.7552889146937155,0.01
1725,-81.82441935483841,0,0.8032023809523814,0.01
1726,-93.09238709677558,0,0.7741190476190476,0.01
1727,-89.00370967742047,0,0.7807023809523814,0.01
1728,-100.2363548387114,0,0.7443690476190471,0.01
1729,-94.53877419354995,0,0.8071633488058457,0.01
1730,-82.00451612903178,0,0.8337857142857142,0.01
1731,-107.17248387096748,1,0.8043690482762458,0.01
1732,-92.81493548386939,1,0.8083690476190503,0.01
1733,-86.11887096774237,0,0.8462023809523813,0.01
1734,-88.51074193548448,0,0.8238690476190479,0.01
1735,-87.83467741935496,0,0.832035714285715,0.01
1736,-86.84122580645236,0,0.8226190476190481,0.01
1737,-103.78009677419342,2,0.8144227625526412,0.01
1738,-68.46916129032257,0,0.8549406378399965,0.01
1739,-67.40274193548345,0,0.8858690476190478,0.01
1740,-75.24254838709655,0,0.8351891219026047,0.01
1741,-69.28777419354799,0,0.8452023809523811,0.01
1742,-72.75506451612875,1,0.8860357142857144,0.01
1743,-74.01393548387071,0,0.876119047619047,0.01
1744,-64.82961290322594,0,0.8932857142857145,0.01
1745,-72.46074193548384,0,0.8690357142857227,0.01
1746,-66.42980645161286,0,0.8947857142857147,0.01
1747,-87.7511935483862,1,0.74270238095238,0.01
1748,-93.96183870967778,1,0.7460238095238083,0.01
1749,-88.56912903225805,0,0.7930357142857141,0.01
1750,-75.24954838709661,0,0.7814523809523807,0.01
1751,-78.9080322580647,0,0.7762023809523808,0.01
1752,-87.7918387096774,0,0.792035714285714,0.01
1753,-92.63319354838664,0,0.7922023809523809,0.01
1754,-85.362354838709,0,0.783535714285714,0.01
1755,-82.31645161290349,1,0.7926190476190478,0.01
1756,-90.21493548387208,1,0.5043881660941829,0.01
1757,-97.08612903225891,1,0.5489899542872723,0.01
1758,-88.06058064516179,1,0.5264029158721117,0.01
1759,-89.4583225806457,1,0.4593472249230344,0.01
1760,-103.04551612903239,2,0.5497361534600135,0.01
1761,-90.08135483870896,2,0.540959967743854,0.01
1762,-90.15909677419374,1,0.43249669022027737,0.01
1763,-88.07838709677449,1,0.3539047619047674,0.01
1764,-77.59777419354805,2,0.341531396305067,0.01
1765,-79.66370967741908,1,0.8247023810510143,0.01
1766,-76.64777419354711,0,0.8375357142857103,0.01
1767,-74.53432258064306,0,0.9037857142857142,0.01
1768,-75.54870967742039,0,0.8642857142857139,0.01
1769,-83.97187096774172,0,0.8604523809523809,0.01
1770,-91.64706451612894,0,0.8700357142857147,0.01
1771,-76.26822580645124,0,0.8503690476190403,0.01
1772,-78.37064516128964,0,0.8676190476192965,0.01
1773,-77.70545161290225,0,0.8605357142857084,0.01
1774,-47.200774193548575,1,0.8582261312500049,0.01
1775,-82.15519354838679,1,0.8853690476193012,0.01
1776,-98.0199032258057,1,0.8662023809523809,0.01
1777,-64.98432258064477,0,0.8889523809523816,0.01
1778,-89.61783870967783,0,0.8505357142857144,0.01
1779,-66.9382903225807,0,0.8750357142857157,0.01
1780,-65.43638709677396,0,0.8767857142857203,0.01
1781,-75.0131290322576,0,0.8740357142857147,0.01
1782,-98.25616129032267,4,0.865536479569569,0.01
1783,-90.59009677419398,0,0.8072023809523814,0.01
1784,-94.93990322580555,0,0.8485357142857144,0.01
1785,-121.67541935483982,2,0.8559523809523811,0.01
1786,-86.53506451612935,0,0.8500357142857142,0.01
1787,-94.82399999999987,0,0.840785714285715,0.01
1788,-101.41532258064643,1,0.8503690476190472,0.01
1789,-91.23464516129079,1,0.8436190476190478,0.01
1790,-94.48790322580672,0,0.8445357142857144,0.01
1791,-92.65819354838727,0,0.8521190476190477,0.01
1792,-62.51187096774179,0,0.7887857142857144,0.01
1793,-92.10312903225838,1,0.760540772907309,0.01
1794,-126.65570967741834,2,0.7783690476190483,0.01
1795,-56.71467741935538,0,0.817035714285715,0.01
1796,-90.15335483870913,0,0.8396190476190473,0.01
1797,-134.67616129032334,1,0.781202380952381,0.01
1798,-129.4714516129034,5,0.7372239960934547,0.01
1799,-40.54267741935535,0,0.5937615163787816,0.01
1800,-92.65548387096698,0,0.8334523809523814,0.01
1801,-37.63741935483925,0,0.38938095238094456,0.01
1802,-38.20335483871029,0,0.39038095238094456,0.01
1803,-56.49222580645107,0,0.6497023809523816,0.01
1804,-38.32258064516192,0,0.382380952380945,0.01
1805,-54.89583870967717,0,0.5997023811373955,0.01
1806,-56.08580645161289,0,0.6297857142857157,0.01
1807,-33.40677419354885,0,0.11067857142856859,0.01
1808,-33.79712903225853,0,0.11042857142856857,0.01
1809,-34.1138387096779,0,0.10226190476190249,0.01
1810,-101.29074193548635,0,0.8675357142857143,0.01
1811,-100.62454838709435,1,0.8545357142857141,0.01
1812,-106.06754838709892,0,0.8396190476190472,0.01
1813,-104.83070967741727,0,0.8547857142857144,0.01
1814,-97.27158064515869,0,0.8753690476190475,0.01
1815,-88.43506451612913,0,0.8840357142857143,0.01
1816,-108.27474193548457,0,0.8682023809523811,0.01
1817,-108.07783870967695,0,0.8658690476190477,0.01
1818,-104.07803225806421,0,0.8590357142857143,0.01
1819,-87.21674193548245,0,0.894702380952381,0.01
1820,-110.29535483871027,1,0.9084523809523809,0.01
1821,-89.39696774193395,0,0.893952380952381,0.01
1822,-86.51696774193432,0,0.9032857142857148,0.01
1823,-110.59467741935488,1,0.894702380952381,0.01
1824,-91.94148387096627,0,0.8816190476190477,0.01
1825,-86.84032258064357,0,0.8929523809523812,0.01
1826,-130.08206451612713,2,0.8837857142857142,0.01
1827,-87.42764516128942,0,0.8888690476190476,0.01
1828,-107.1250967741925,0,0.8622857142857143,0.01
1829,-102.76187096774134,0,0.8802857142857141,0.01
1830,-112.80245161290291,0,0.8771190476190477,0.01
1831,-93.05890322580521,0,0.9026190476190475,0.01
1832,-113.44635483870955,0,0.8672023809523808,0.01
1833,-87.70554838709589,1,0.8747857142857123,0.01
1834,-95.90216129032257,0,0.8830357142857146,0.01
1835,-106.81999999999857,0,0.8564523809523803,0.01
1836,-110.40106451612888,2,0.8872023809523809,0.01
1837,-49.46799999999931,0,0.8145749851241194,0.01
1838,-48.33019354838659,0,0.7286071428571427,0.01
1839,-48.58183870967666,0,0.8195357142857144,0.01
1840,-49.98354838709599,0,0.8216190476190477,0.01
1841,-50.504064516128366,0,0.8366190476474229,0.01
1842,-47.40858064516207,0,0.8176190476190479,0.01
1843,-49.311322580644436,0,0.8370357143888312,0.01
1844,-49.71364516128967,0,0.8160357142907798,0.01
1845,-48.513677419355126,1,0.7490865521587464,0.01
1846,-150.5885806451627,3,0.8256524395787226,0.01
1847,-181.26100000000298,3,0.8273187875522994,0.01
1848,-139.1519032258051,2,0.8818690476190479,0.01
1849,-140.1626451612903,2,0.8676335064434549,0.01
1850,-191.90503225806708,3,0.7544483616197782,0.01
1851,-110.48103225806359,0,0.884785714285714,0.01
1852,-118.22638709677278,0,0.8866190476190475,0.01
1853,-107.35780645161411,0,0.8847857142857142,0.01
1854,-109.2337096774205,0,0.878202380952381,0.01
1855,-77.37245161290272,0,0.8889523809523808,0.01
1856,-81.29625806451604,0,0.8657857142857143,0.01
1857,-74.0466129032242,0,0.8925357142857143,0.01
1858,-79.08270967741886,0,0.8901190476190479,0.01
1859,-77.05554838709595,0,0.8939523809523808,0.01
1860,-77.14148387096778,0,0.8966190476190478,0.01
1861,-73.4940645161275,0,0.8941190476190476,0.01
1862,-75.27970967741771,0,0.8887023809523807,0.01
1863,-78.0377419354832,1,0.8979523809523812,0.01
1864,-32.384258064516665,0,0.8027857142857132,0.01
1865,-33.656225806451936,0,0.8140357142857128,0.01
1866,-33.494096774193906,0,0.8228690476190462,0.01
1867,-32.992032258064945,0,0.8228690476190464,0.01
1868,-32.263645161289425,0,0.7936904761904622,0.01
1869,-33.06612903225849,0,0.8229523809523797,0.01
1870,-33.246709677419744,0,0.8237857142857129,0.01
1871,-33.450548387097186,0,0.8360357142857129,0.01
1872,-33.72254838709712,0,0.8223690476190463,0.01
1873,-66.51154838709625,0,0.7999523809523819,0.01
1874,-76.5381612903215,1,0.7880357142857141,0.01
1875,-68.85625806451651,0,0.8154523809523808,0.01
1876,-76.45393548387166,1,0.7967857142857144,0.01
1877,-68.846129032258,1,0.8132857142857146,0.01
1878,-66.56741935483844,0,0.8049523809523805,0.01
1879,-67.42451612903217,0,0.802452380952381,0.01
1880,-81.51706451613035,2,0.7905357142857139,0.01
1881,-72.2975806451614,0,0.7982023809523809,0.01
1882,-76.10264516129129,0,0.8146190477039736,0.01
1883,-83.10548387096689,0,0.8759523809523811,0.01
1884,-72.81477419354951,0,0.8712857142857143,0.01
1885,-77.63864516128939,0,0.881619047619048,0.01
1886,-82.50148387096706,0,0.8726190476190482,0.01
1887,-79.02845161290274,0,0.8809523809523812,0.01
1888,-82.4750645161284,0,0.8537023809523805,0.01
1889,-78.58306451612934,0,0.8647023809523813,0.01
1890,-82.15138709677336,0,0.8738690476190474,0.01
1892,-49.19677419354786,0,0.5437857142857236,0.01
1895,-45.28945161290403,0,0.9005357142857142,0.01
1898,-45.110387096775,0,0.8789523809523808,0.01
1899,-45.107419354839514,0,0.8776190476190476,0.01
1900,-65.43961290322481,1,0.8857857142857144,0.01
1901,-63.83832258064432,0,0.8807857142857144,0.01
1902,-65.56687096774112,1,0.8755357142857141,0.01
1903,-65.91445161290206,1,0.8617857142857094,0.01
1904,-65.44054838709587,0,0.8648690476190467,0.01
1905,-54.69941935483963,1,0.8819523809523808,0.01
1906,-65.54112903225688,1,0.8570357142857093,0.01
1907,-67.0546774193536,1,0.8480357142857095,0.01
1908,-70.32338709677268,1,0.8428690476190407,0.01
1909,-90.54045161290385,0,0.9022857142857146,0.01
1910,-69.24093548387063,0,0.8712023809523803,0.01
1911,-74.25770967741823,1,0.8812023813305996,0.01
1912,-81.32451612903012,0,0.9007857142857144,0.01
1913,-79.26499999999912,0,0.8787023809523811,0.01
1914,-65.54548387096752,0,0.8716190476190461,0.01
1915,-70.38067741935487,0,0.8945357142857144,0.01
1916,-69.96748387096721,0,0.8887857142857145,0.01
1917,-62.77909677419173,0,0.915785714285714,0.01
1918,-45.535387096772794,0,0.3918690476190452,0.01
1919,-45.84599999999896,0,0.39195238095237867,0.01
1920,-46.04458064516005,0,0.461285714285713,0.01
1921,-45.81819354838568,0,0.400119047619045,0.01
1922,-47.64438709677307,0,0.22002380952380376,0.01
1923,-47.36948387096664,0,0.22085714285713706,0.01
1924,-45.68990322580545,0,0.20560714285713821,0.01
1925,-46.36419354838603,0,0.21585714285713745,0.01
1926,-46.13367741935575,0,0.6951190476190481,0.01
1927,-68.9119354838696,0,0.8942857142857147,0.01
1928,-100.3282258064509,1,0.8927023809523806,0.01
1929,-96.21512903225728,1,0.8782023809523787,0.01
1930,-98.95045161290179,1,0.8660786347162465,0.01
1931,-65.16748387096867,0,0.8927857142857141,0.01
1932,-98.18358064515954,1,0.9063690476190476,0.01
1933,-69.28364516128953,0,0.8985357142857142,0.01
1934,-67.31009677419216,0,0.9015357142857144,0.01
1935,-92.12022580645034,0,0.8827023809523808,0.01
1954,-80.45006451612971,0,0.8911190476190476,0.01
1955,-54.253999999997916,0,0.8991071428133267,0.01
1956,-84.91493548387159,1,0.9073690476190478,0.01
1957,-75.88264516129043,0,0.911952380952381,0.01
1958,-81.1594838709683,1,0.8921190476190475,0.01
1959,-81.71467741935544,0,0.8887023809523811,0.01
1960,-83.14129032258116,0,0.8731190476190475,0.01
1961,-57.09783870967833,0,0.8982023809523808,0.01
1962,-54.067258064513936,0,0.8932023809523809,0.01
1963,-124.7454838709678,1,0.8679523809523806,0.01
1964,-103.67196774193408,0,0.8693690476190473,0.01
1965,-97.22370967742037,0,0.8740357142857147,0.01
1966,-118.05954838709692,1,0.8771748831255373,0.01
1967,-102.92083870967858,1,0.856619047619048,0.01
1968,-124.70890322580684,1,0.8721190476190477,0.01
1969,-100.98264516129001,0,0.8449523809523822,0.01
1970,-122.29925806451662,1,0.8762023809523812,0.01
1971,-101.72338709677513,1,0.8396386767487398,0.01
1972,-164.51490322580844,3,0.8286190476190476,0.01
1973,-129.5023225806455,2,0.8074363112690386,0.01
1974,-114.44748387096855,0,0.8284523809523806,0.01
1975,-150.05441935483844,1,0.7837023809523813,0.01
1976,-153.10561290322573,2,0.7766190476190478,0.01
1977,-142.35251612903278,2,0.7935280537820641,0.01
1978,-118.95448387096789,0,0.7988690476190482,0.01
1979,-158.24632258064523,2,0.7784523809523816,0.01
1980,-150.11525806451633,2,0.8052023809523816,0.01
1981,-76.24729032258054,0,0.6176190476190475,0.01
1982,-74.85354838709736,1,0.6094523809523815,0.01
1983,-64.50835483870976,0,0.5107023824660115,0.01
1984,-77.7041935483865,0,0.6012857143070957,0.01
1985,-66.82229032258053,0,0.5170119047608355,0.01
1986,-63.63409677419355,0,0.5381636940423216,0.01
1987,-77.29470967741959,1,0.6301190476190477,0.01
1988,-79.31632258064519,0,0.5989523809523806,0.01
1989,-85.14761290322599,3,0.5697857243702965,0.01
1990,-55.04403225806459,0,0.6628690476190483,0.01
1991,-39.95606451612923,0,0.6394404761826548,0.01
1992,-50.81809677419361,0,0.5642023809523815,0.01
1993,-42.286838709677895,1,0.6494523809523813,0.01
1994,-50.682290322581025,0,0.6497023809523811,0.01
1995,-53.24680645161281,0,0.6337023809523812,0.01
1996,-37.02903225806458,0,0.46545238095238145,0.01
1997,-43.48483870967763,1,0.6484164880947393,0.01
1998,-44.919258064516576,0,0.5740238095117774,0.01
1999,-97.92180645161042,0,0.8201190476190479,0.01
2000,-93.57693548387036,0,0.8202023809523814,0.01
2001,-102.63635483870681,0,0.8247023809523808,0.01
2002,-79.0437419354839,0,0.8577857142857143,0.01
2003,-110.9428064516124,1,0.8033690476190478,0.01
2004,-127.06803225806513,1,0.800202380952381,0.01
2005,-110.37029032258008,1,0.8147023809523809,0.01
2006,-89.96390322580658,0,0.8342023809523811,0.01
2007,-121.0189677419338,1,0.810452380952381,0.01
2008,-85.77054838709468,0,0.8447023809523813,0.01
2009,-86.62719354838585,0,0.8110357142857145,0.01
2010,-94.63174193548093,0,0.8287857142857146,0.01
2011,-108.26580645161255,1,0.8081190476190482,0.01
2012,-109.63129032257743,1,0.8339523809523812,0.01
2013,-86.65541935483668,0,0.8462857142857149,0.01
2014,-75.5820322580631,0,0.8490357142857144,0.01
2015,-111.45241935483723,1,0.8125357142857151,0.01
2016,-85.04032258064308,0,0.8439523809523811,0.01
2017,-109.35164516129103,1,0.7998690476190476,0.01
2018,-84.41554838709841,0,0.7969523809523809,0.01
2019,-104.75164516129114,1,0.8055357142857146,0.01
2020,-82.91370967741918,0,0.7608690476190477,0.01
2021,-110.65177419354882,2,0.7915357145311727,0.01
2022,-111.05441935483933,1,0.7953690476190477,0.01
2023,-83.69351612903316,0,0.746702380952381,0.01
2024,-85.09690322580589,0,0.7881190476190474,0.01
2025,-108.78935483871095,1,0.7706190476190475,0.01
2026,-85.16251612903204,2,0.851290645693514,0.01
2027,-82.93061290322511,2,0.8396401982731143,0.01
2028,-80.0370645161288,2,0.8243571427897336,0.01
2029,-111.37880645161329,0,0.828702380952381,0.01
2030,-77.20154838709712,0,0.8224523809523809,0.01
2031,-80.61748387096938,0,0.7862857142857141,0.01
2032,-76.88977419354846,0,0.8060357142857143,0.01
2033,-79.33345161290246,0,0.8298690476190477,0.01
2034,-99.42722580645079,0,0.8067857142857142,0.01
2035,-89.03335483870812,0,0.8582857142857147,0.01
2036,-94.26841935483611,0,0.8602023809523809,0.01
2037,-91.29222580645377,0,0.8830357142857139,0.01
2038,-90.59803225806279,0,0.8700357142857139,0.01
2039,-92.40516129032032,0,0.8634523809523811,0.01
2040,-91.02632258064345,0,0.8774523809523811,0.01
2041,-95.30658064515963,0,0.8711190476190475,0.01
2042,-99.1938064516097,0,0.8534523809523811,0.01
2043,-91.86300000000003,0,0.8618690476190475,0.01
2044,-93.62883870967775,2,0.8464404761904473,0.01
2045,-111.10741935484015,0,0.8252857142857146,0.01
2046,-95.53925806451583,0,0.868535714285715,0.01
2047,-104.39729032258079,0,0.8731190476190475,0.01
2048,-106.89516129032386,0,0.8489523809523812,0.01
2049,-118.45225806451515,1,0.8434523809523807,0.01
2050,-90.38467741935543,0,0.8525357142857142,0.01
2051,-104.98432258064427,0,0.8412857142859633,0.01
2052,-103.81467741935596,0,0.8620357142857146,0.01
2053,-95.96035483871044,0,0.8803690476190481,0.01
2054,-98.56280645161307,0,0.8750357142857138,0.01
2055,-184.65445161290793,3,0.7669480790818831,0.01
2056,-105.5858709677421,0,0.8549523809523801,0.01
2057,-102.71348387096772,0,0.8636190476190476,0.01
2058,-94.59174193548338,0,0.8784523809523809,0.01
2059,-82.88974193548162,0,0.8912857142857143,0.01
2060,-100.16325806451266,0,0.879202380952381,0.01
2061,-74.49193548387008,0,0.9056190476190473,0.01
2062,-82.72293548386995,0,0.807369047619048,0.01
2063,-83.19509677419228,0,0.8081190476190478,0.01
2064,-84.41777419354739,0,0.7853690476190484,0.01
2065,-83.434225806451,0,0.7492023809523809,0.01
2066,-82.22990322580492,0,0.7723690476190475,0.01
2067,-84.40741935483769,0,0.8099523809523811,0.01
2068,-83.14177419354753,0,0.7677023809523815,0.01
2069,-87.02809677419262,0,0.809035714285715,0.01
2070,-84.86854838709561,1,0.7612023809523812,0.01
2071,-86.77464516129146,0,0.9056190476190477,0.01
2072,-74.07867741935465,0,0.8803704019069193,0.01
2073,-75.11587096774076,0,0.9191190476190477,0.01
2074,-79.00667741935384,0,0.9063690476190476,0.01
2075,-81.29070967742012,0,0.9011190476190475,0.01
2076,-77.54348387096721,0,0.8951190476190476,0.01
2077,-73.20764516129064,0,0.9056904761898862,0.01
2078,-73.5332903225791,0,0.9087857144315209,0.01
2079,-75.68683870967818,0,0.8904523809523808,0.01
2080,-64.67038709677475,0,0.8469523809523807,0.01
2081,-40.71254838709758,0,0.880202380960202,0.01
2082,-60.15358064516222,0,0.8768690476190477,0.01
2083,-42.054193548387936,0,0.8854523809523808,0.01
2084,-64.21232258064572,1,0.8692861976238657,0.01
2085,-64.21612903225892,1,0.869452390957941,0.01
2086,-42.08093548387068,0,0.9182023809523808,0.01
2087,-41.74987096774259,0,0.8979284851212102,0.01
2088,-71.87661290322565,4,0.8680357270305897,0.01
2089,-92.37693548386974,0,0.8492023809523812,0.01
2090,-113.94370967741739,1,0.8250357142857141,0.01
2091,-95.72193548386859,0,0.8387857142857142,0.01
2092,-104.43167741935567,0,0.8106190476190478,0.01
2093,-91.8622580645154,0,0.8416190476190476,0.01
2094,-139.85041935484023,2,0.7927023892481432,0.01
2095,-117.35774193548583,1,0.8262857142857148,0.01
2096,-110.71025806451435,1,0.8316190476190478,0.01
2097,-98.44890322580856,0,0.8371190476190481,0.01
2098,-87.7142258064514,1,0.8194758678963779,0.01
2099,-61.486806451613376,0,0.7547023809523807,0.01
2100,-90.91903225806445,1,0.78861718352449,0.01
2101,-82.60758064516223,0,0.7773690476190473,0.01
2102,-92.5508387096785,1,0.7772991414528883,0.01
2103,-83.1279354838707,0,0.7609523809523805,0.01
2104,-87.1075806451608,0,0.7680357142857139,0.01
2105,-85.7699677419357,0,0.7772037352217425,0.01
2106,-89.66596774193563,2,0.7501785714283222,0.01
2107,-93.66835483870798,0,0.8807023809523813,0.01
2108,-68.84654838709749,0,0.8753690476190479,0.01
2109,-92.43154838709492,0,0.8606190476190475,0.01
2110,-88.2991290322579,0,0.8735357142857145,0.01
2111,-90.99145161290161,0,0.8777023809523811,0.01
2112,-115.47196774193584,1,0.8110357142857147,0.01
2113,-118.74283870967706,1,0.8617857142857146,0.01
2114,-91.43251612903062,0,0.8611190476190482,0.01
2115,-87.11619354838567,0,0.8596190476190478,0.01
2116,-90.45367741935434,0,0.8891190476190485,0.01
2117,-128.2988387096781,1,0.8644523809523808,0.01
2118,-120.45729032258414,0,0.8337857142857142,0.01
2119,-139.62793548387174,0,0.7989523809523812,0.01
2120,-151.53748387096874,1,0.821952380952381,0.01
2121,-122.83861290322938,0,0.8568690476190479,0.01
2122,-104.33174193548335,0,0.8651190476190478,0.01
2123,-120.1168064516163,0,0.8455357142857141,0.01
2124,-131.55470967742116,1,0.8131190476190474,0.01
2125,-72.02561290322659,0,0.8016190476190471,0.01
2126,-74.84332258064559,0,0.8083690476190472,0.01
2127,-79.58622580645084,0,0.8192023809523811,0.01
2128,-75.40980645161247,0,0.8397857142857148,0.01
2129,-74.74225806451616,0,0.8182857142857145,0.01
2130,-98.36990322580543,1,0.7860357142857155,0.01
2131,-84.2450645161293,0,0.8185357142857147,0.01
2132,-75.2099677419357,0,0.800535714285714,0.01
2133,-56.47306451612876,1,0.8309818164116919,0.01
2134,-49.23751612903149,0,0.5346547619047736,0.01
2135,-35.143612903225886,0,0.3817380952381011,0.01
2136,-49.30761290322573,0,0.6144523809523872,0.01
2137,-35.43790322580604,0,0.38365476190476777,0.01
2138,-50.15274193548305,0,0.5586547619047747,0.01
2139,-38.207580645161194,0,0.39632142857143493,0.01
2140,-37.05251612903221,0,0.36907142857143377,0.01
2141,-36.4384193548384,0,0.3953690476335155,0.01
2142,-50.240741935483,0,0.5196547619047726,0.01
2143,-93.76693548387118,0,0.7690357142857142,0.01
2144,-93.97609677419379,0,0.7650357142857145,0.01
2145,-78.99796774193464,0,0.7882023809523805,0.01
2146,-93.67138709677448,0,0.7658690476190475,0.01
2147,-96.07351612903253,0,0.7583690476190478,0.01
2148,-98.8138387096774,0,0.832202380952381,0.01
2149,-95.82087096774215,0,0.7740357142857139,0.01
2150,-92.82054838709786,0,0.7835357142857147,0.01
2151,-95.09019354838725,0,0.7631190476190475,0.01
2152,-83.10522580645235,0,0.8736190476190479,0.01
2153,-80.40283870967787,0,0.871785714285714,0.01
2154,-81.92125806451685,0,0.8857023809523812,0.01
2155,-78.45574193548241,0,0.8701190476190476,0.01
2156,-82.90732258064587,0,0.8760357142857148,0.01
2157,-85.66593548387205,0,0.8571190476190477,0.01
2158,-78.62532258064373,0,0.8702023809523804,0.01
2159,-85.01074193548493,0,0.8595357142857144,0.01
2160,-78.69035483870807,0,0.8628690476190471,0.01
2161,-68.38099999999935,1,0.8467023809523807,0.01
2162,-73.29848387096723,1,0.8565357142857141,0.01
2163,-49.95796774193504,1,0.6769285714285747,0.01
2164,-50.18883870967843,0,0.582904761904774,0.01
2165,-85.71980645161443,1,0.8292857142857144,0.01
2166,-77.37012903225909,0,0.8326190476190476,0.01
2167,-49.433064516129974,0,0.5944880952381069,0.01
2168,-71.19941935483885,0,0.7582857142857145,0.01
2169,-128.00225806451613,3,0.8302857574393957,0.01
2170,-109.43474193548359,0,0.8538690476190479,0.01
2171,-109.44922580645137,1,0.8502857142857132,0.01
2172,-95.64270967741827,0,0.8457857142857144,0.01
2173,-98.1465806451612,0,0.8607857142857152,0.01
2174,-75.03206451612975,1,0.8654383999346936,0.01
2175,-95.32758064516048,1,0.8550357142857157,0.01
2176,-83.4814193548391,0,0.8487857142857124,0.01
2177,-85.61909677419295,4,0.8192737912979813,0.01
2178,-73.57638709677448,0,0.8159404761904615,0.01
2179,-108.5208064516141,1,0.8715357142857141,0.01
2180,-98.53822580645104,0,0.8815357142857152,0.01
2181,-96.36803225806487,1,0.9062023809523813,0.01
2182,-98.37232258064498,1,0.9082857142857138,0.01
2183,-114.44203225806638,1,0.8807023809523807,0.01
2184,-97.53351612903248,0,0.893035714285715,0.01
2185,-139.42706451613026,2,0.8797023809523811,0.01
2186,-94.39641935484036,1,0.9225357142857141,0.01
2187,-108.51474193548543,1,0.8792023809523812,0.01
2188,-53.85564516128846,0,0.8162023809523812,0.01
2189,-50.33290322580493,0,0.7337857142857144,0.01
2190,-54.37377419354914,0,0.7810357142857144,0.01
2191,-52.560709677417606,0,0.7679523809523808,0.01
2193,-53.95887096774013,0,0.777202380952381,0.01
2194,-52.86470967741755,0,0.7842857142857143,0.01
2195,-53.06390322580469,0,0.7815357142857142,0.01
2196,-52.59690322580472,0,0.7657857142857143,0.01
2197,-79.19674193548305,0,0.8857023809523812,0.01
2198,-164.5459354838715,2,0.8091190476190466,0.01
2199,-110.13090322580925,0,0.8726190476190477,0.01
2200,-108.45529032258267,0,0.8796190476190475,0.01
2201,-106.39864516129275,0,0.8819523809523814,0.01
2202,-163.86164516129134,2,0.8287023809523812,0.01
2203,-109.91219354838502,0,0.8702857142857141,0.01
2204,-112.52809677419626,0,0.8590357142857147,0.01
2205,-83.4443548387065,0,0.8823690476190477,0.01
2206,-70.41267741935373,0,0.8905357142857141,0.01
2207,-60.2018387096756,1,0.9028690526261289,0.01
2208,-66.99241935483782,0,0.8808690476190477,0.01
2209,-77.63564516129043,0,0.8748690476190467,0.01
2210,-78.6304838709683,1,0.8816896980408647,0.01
2211,-97.2448064516138,0,0.887869047619048,0.01
2212,-80.50800000000011,0,0.8904523809523804,0.01
2213,-85.60690322580642,1,0.8932857142857145,0.01
2214,-85.85300000000035,1,0.884702380952381,0.01
2215,-93.45148387096744,0,0.8801190476190487,0.01
2216,-87.31606451612708,0,0.8972857142857132,0.01
2217,-86.49648387096764,0,0.8453690476190482,0.01
2218,-98.82941935483831,0,0.8754523809523812,0.01
2219,-100.01577419354817,0,0.8745357142857144,0.01
2220,-96.553999999999,0,0.8839523809523819,0.01
2221,-91.6153870967737,0,0.886869047619048,0.01
2222,-104.85787096774152,0,0.8602857142857139,0.01
2223,-86.41138709677433,0,0.8112023809523811,0.01
2224,-81.42932258064526,0,0.8565357142857141,0.01
2225,-78.02922580645142,0,0.8639523809523808,0.01
2226,-80.40738709677385,0,0.8792023809523812,0.01
2227,-80.14409677419313,0,0.8667023809523812,0.01
2228,-81.21135483870952,1,0.8321190476190482,0.01
2229,-85.32238709677415,0,0.8902857142857139,0.01
2230,-84.95954838709771,0,0.8739523809523816,0.01
2231,-79.88393548387018,0,0.898619047619048,0.01
2232,-85.75087096774323,0,0.8658690476190473,0.01
2233,-32.754000000000644,0,0.017166666666666656,0.01
2234,-32.571806451613554,0,0.015166666666666676,0.01
2235,-32.15670967742004,0,0.014833333333333316,0.01
2236,-32.384838709678085,0,0.027500000000000042,0.01
2237,-32.40329032258131,0,0.01983333333333333,0.01
2238,-32.51112903225873,0,0.03308333333333333,0.01
2239,-32.619935483871615,0,0.03383333333333333,0.01
2240,-32.505000000000656,0,0.029583333333333326,0.01
2241,-32.89877419354902,0,0.03250000000000001,0.01
2242,-82.5510967741937,0,0.8697857142857142,0.01
2243,-84.97177419354868,1,0.8428690658514751,0.01
2244,-79.63154838709787,0,0.853952380952381,0.01
2245,-85.68845161290372,1,0.8409523809961943,0.01
2246,-79.44151612903187,0,0.863702380952381,0.01
2247,-84.12780645161281,0,0.8652857142857151,0.01
2248,-72.41212903225788,1,0.8281732988978118,0.01
2249,-85.82680645161349,0,0.843369047619048,0.01
2250,-76.68380645161339,1,0.8592857142857142,0.01
2251,-106.66064516129254,0,0.9221190476190473,0.01
2252,-108.2853548387079,0,0.8909523809523809,0.01
2253,-115.1364516129026,0,0.8836190476190476,0.01
2254,-105.85741935483479,0,0.9134523809523813,0.01
2255,-102.21890322580789,0,0.9219523809523804,0.01
2256,-112.35816129032379,0,0.9053690476190476,0.01
2257,-107.14667741935341,0,0.9123690476190476,0.01
2258,-104.99441935484064,0,0.8943690476190473,0.01
2259,-108.80480645161059,0,0.8935357142857142,0.01
2260,-58.85132258064552,0,0.876369047619048,0.01
2261,-59.72390322580611,1,0.8542023809523804,0.01
2262,-59.33848387096752,0,0.8332023809523785,0.01
2263,-57.56009677419383,0,0.8783690476190456,0.01
2264,-42.214290322579735,0,0.8913690476190474,0.01
2265,-57.271129032258024,0,0.8398690476190456,0.01
2266,-68.13438709677382,0,0.8439523809523817,0.01
2267,-59.576774193548545,0,0.8527857142857144,0.01
2268,-59.42796774193585,0,0.8767023809523817,0.01
2269,-88.7778064516136,0,0.6411190476190478,0.01
2270,-87.46006451613016,0,0.7212857142857142,0.01
2271,-84.9250322580659,0,0.7511190476190476,0.01
2272,-93.57606451613036,0,0.7252857142857148,0.01
2273,-83.86216129032259,0,0.7407023809523832,0.01
2274,-92.91709677419574,0,0.7569523809523812,0.01
2275,-75.4733225806449,0,0.7215357142857162,0.01
2276,-77.76770967741908,0,0.7563690476190482,0.01
2277,-92.07909677419583,0,0.7664523809523802,0.01
2278,-76.65267741935426,0,0.8888690476190474,0.01
2279,-117.73722580645261,2,0.8237909507668594,0.01
2280,-74.51538709677293,0,0.9055357142857142,0.01
2281,-100.84496774193629,2,0.8702857142857143,0.01
2282,-76.37629032257952,0,0.9052023809523808,0.01
2283,-74.36838709677504,0,0.9051190476190474,0.01
2284,-98.66235483871253,0,0.8608690476190475,0.01
2285,-77.842709677419,0,0.9017857142857141,0.01
2286,-70.49316129032161,1,0.8951190476190476,0.01
2287,-72.3570645161299,0,0.8465357142857144,0.01
2288,-68.32509677419338,2,0.8632857161557487,0.01
2289,-83.71316129032152,0,0.8747857142857142,0.01
2290,-73.42712903225826,0,0.8452023809523808,0.01
2291,-83.83958064515984,0,0.8587023809523813,0.01
2292,-83.49864516129023,0,0.8282857142857143,0.01
2293,-72.29241935483913,0,0.848869047619048,0.01
2294,-91.57364516129127,2,0.8330357148666822,0.01
2295,-91.7963870967726,0,0.8267857142857141,0.01
2296,-74.19861290322619,0,0.7702023809523808,0.01
2297,-85.66922580645172,1,0.614878587781902,0.01
2298,-87.29709677419383,1,0.689027745145636,0.01
2299,-82.76664516129087,1,0.6527253145408345,0.01
2300,-85.09254838709747,1,0.9022024524496028,0.01
2301,-83.42583870967803,1,0.8965357142857141,0.01
2302,-81.25074193548441,1,0.817535918563491,0.01
2303,-83.9011612903232,1,0.8901190476190476,0.01
2304,-82.9231290322586,1,0.8908690476190476,0.01
2305,-80.09993548387071,0,0.8399523809523811,0.01
2306,-86.66648387096767,0,0.8362023809523813,0.01
2307,-87.15858064516199,0,0.8487857142857139,0.01
2308,-90.46580645161055,0,0.8251190476190475,0.01
2309,-88.21174193548222,1,0.8411190476190477,0.01
2310,-95.13545161290304,0,0.8300357142857152,0.01
2311,-78.80432258064467,0,0.8589523809523805,0.01
2312,-82.70861290322657,0,0.8330357142857143,0.01
2313,-81.87761290322655,0,0.8196190476190475,0.01
2314,-36.29064516129026,0,0.5112857142857814,0.01
2315,-26.93419354838644,0,0.20969047619047135,0.01
2316,-27.432129032257386,0,0.20235714285713852,0.01
2317,-26.84522580645096,0,0.1958571428571389,0.01
2318,-27.304516129031587,0,0.19802380952380544,0.01
2319,-26.876580645160637,0,0.19619047619047222,0.01
2320,-27.531677419354157,0,0.19919047619047206,0.01
2321,-26.92135483870902,0,0.1958571428571389,0.01
2322,-27.593258064515446,0,0.20360714285713843,0.01
2323,-53.09432258064422,0,0.7924523809523772,0.01
2324,-53.064225806451475,0,0.7755238095238006,0.01
2325,-51.948387096773445,0,0.7781190476190434,0.01
2326,-53.93238709677345,0,0.7784523809523756,0.01
2327,-62.55890322580635,0,0.7979523809523815,0.01
2328,-54.19632258064532,2,0.7963940476190479,0.01
2329,-53.91090322580629,0,0.7714404761904673,0.01
2330,-53.26545161290308,0,0.7720238095238003,0.01
2331,-56.81774193548425,0,0.7835952372894038,0.01
2332,-111.05587096774246,3,0.7968677819551993,0.01
2333,-111.795290322582,1,0.7603219627027099,0.01
2334,-104.43729032258203,1,0.8964523809782965,0.01
2335,-103.87325806451778,1,0.889702380952381,0.01
2336,-105.12425806451937,1,0.8601190476190474,0.01
2337,-83.47680645161255,0,0.857869047644351,0.01
2338,-80.61822580645263,0,0.7382023836513963,0.01
2339,-79.62425806451789,0,0.8508184025930122,0.01
2340,-110.25816129032464,1,0.8660357160770686,0.01
2350,-84.77838709677268,0,0.8282857142857151,0.01
2351,-89.2754193548374,0,0.805285714285715,0.01
2352,-115.85977419354907,1,0.8328690476190537,0.01
2353,-92.17590322580433,0,0.8472023809523814,0.01
2354,-123.72500000000106,1,0.8077023809523812,0.01
2355,-87.86964516128847,0,0.8517023809523812,0.01
2356,-104.13025806451873,0,0.8342857142857144,0.01
2357,-84.21051612903031,0,0.8142857142857148,0.01
2358,-101.46564516129271,0,0.830369047619048,0.01
2359,-112.56164516128977,0,0.8420357142857144,0.01
2360,-109.09338709677225,1,0.8463717484915891,0.01
2361,-117.56696774193412,0,0.8124708414135084,0.01
2362,-122.12974193548244,0,0.8489523809523803,0.01
2363,-116.56780645161291,0,0.8416190476190484,0.01
2364,-110.15167741935434,0,0.8379523809523807,0.01
2365,-129.9817419354834,0,0.8139523809523811,0.01
2366,-114.87796774193326,0,0.843535714285714,0.01
2367,-109.57061290322518,0,0.8445357142857136,0.01
2368,-77.17474193548321,3,0.6278038469891156,0.01
2369,-68.98116129032265,2,0.6401190476190484,0.01
2370,-65.3869032258065,0,0.5956193389542406,0.01
2371,-67.97287096774122,1,0.6207023809523807,0.01
2372,-64.34296774193493,2,0.6254908427772384,0.01
2373,-53.82577419354794,2,0.6396133629942221,0.01
2374,-86.3616774193543,0,0.7277857142857141,0.01
2375,-63.114483870967796,3,0.6092576322916138,0.01
2376,-66.01332258064515,1,0.6388701904963106,0.01
2377,-80.51409677419296,0,0.8715357142857146,0.01
2378,-70.55077419354794,0,0.8529523809523809,0.01
2379,-81.36490322580657,0,0.8351190476190481,0.01
2380,-82.93567741935438,0,0.8587163397766142,0.01
2381,-72.63841935483833,1,0.8630119047619036,0.01
2382,-85.92587096774271,0,0.8439523809523809,0.01
2383,-81.43583870967737,0,0.8571577098883324,0.01
2384,-64.2698709677417,0,0.8164404760309204,0.01
2385,-70.25164516128923,1,0.8642037343464581,0.01
2386,-91.72583870967516,0,0.887535714285714,0.01
2387,-91.02099999999874,0,0.8768571428571573,0.01
2388,-92.18906451612987,0,0.8885357142857142,0.01
2389,-100.38222580644982,0,0.8708690476190478,0.01
2390,-96.34593548387146,0,0.8691190476190483,0.01
2391,-94.69612903225709,1,0.8671191803993924,0.01
2392,-96.86522580645158,0,0.8879523809523817,0.01
2393,-99.30103225806242,1,0.8731190476190479,0.01
2394,-94.13238709677329,0,0.8774534036692613,0.01
2395,-100.70045161290282,1,0.8542857142857144,0.01
2396,-120.4115806451615,1,0.877035714285714,0.01
2397,-106.32993548387046,1,0.8527857142857144,0.01
2398,-107.60190322580753,0,0.8191904761904658,0.01
2399,-105.39154838709835,0,0.8866190476190478,0.01
2400,-103.54683870967703,1,0.8547857142857146,0.01
2401,-128.64699999999996,1,0.852475991061421,0.01
2402,-116.80190322580819,1,0.8703690476190475,0.01
2403,-97.53796774193476,2,0.8828690476190476,0.01
2404,-73.7440645161285,0,0.8032857142857138,0.01
2405,-71.50419354838665,0,0.7892857142857154,0.01
2406,-81.353806451613,2,0.8004525624453294,0.01
2407,-73.94116129032155,1,0.8104524041636229,0.01
2408,-73.82654838709607,2,0.7991901042694917,0.01
2409,-71.02567741935407,1,0.8087868574970326,0.01
2410,-74.22696774193514,0,0.809119047619047,0.01
2411,-76.60590322580568,1,0.8110357143205905,0.01
2412,-71.70787096774174,2,0.7954524989227975,0.01
2413,-69.36780645161286,2,0.8269523809523811,0.01
2414,-92.19593548387283,1,0.7892857142857153,0.01
2415,-90.11264516129216,1,0.7924523809523811,0.01
2416,-70.89699999999927,0,0.7641904761904729,0.01
2417,-60.52419354838747,0,0.8159523809523812,0.01
2418,-70.29967741935562,1,0.7866190476190473,0.01
2419,-63.78058064516107,0,0.785952380952381,0.01
2420,-71.150419354838,1,0.7457023929050891,0.01
2421,-91.07241935484029,1,0.782202380952381,0.01
2422,-85.11687096773986,0,0.7885238095238013,0.01
2423,-73.64006451612858,0,0.8919523809523809,0.01
2424,-101.64229032258174,0,0.8667023809523806,0.01
2425,-95.42412903225545,0,0.841452380952381,0.01
2426,-86.43838709677516,0,0.8516190476190482,0.01
2427,-82.44396774193507,0,0.8670357142857137,0.01
2428,-87.20467741935543,0,0.8745398808802832,0.01
2429,-77.0485483870956,1,0.8328690476190461,0.01
2430,-99.16503225806643,0,0.8554523809523814,0.01
2431,-44.92477419354833,1,0.6211190476190473,0.01
2432,-37.52051612903215,0,0.41142857142857475,0.01
2433,-44.290483870968146,0,0.6085374736986504,0.01
2434,-48.29877419354709,0,0.7789545897741932,0.01
2435,-83.85045161290289,1,0.7301190476190462,0.01
2436,-52.40174193548373,2,0.6549523809523812,0.01
2437,-47.02667741935534,0,0.6468632534717185,0.01
2438,-49.03825806451671,0,0.7029575070720389,0.01
2439,-43.17641935483918,0,0.6006640258053237,0.01
2440,-85.4922903225817,0,0.8485357142857131,0.01
2441,-79.27816129032367,0,0.8047102985643717,0.01
2442,-92.98319354838772,2,0.8647551285887414,0.01
2443,-182.6840000000007,3,0.7099516734746568,0.01
2444,-84.94454838709677,0,0.8362023809532699,0.01
2445,-85.0336451612912,0,0.8727023809523811,0.01
2446,-194.90638709677532,4,0.626921602773019,0.01
2447,-88.6351290322586,0,0.8478690476191908,0.01
2448,-76.45958064516297,0,0.8720357142857146,0.01
2449,-106.97696774193828,0,0.836952380952381,0.01
2450,-99.46967741935505,0,0.8594523809523785,0.01
2451,-93.22816129032132,0,0.8565357142857097,0.01
2452,-103.19187096774458,0,0.8531190476190476,0.01
2453,-130.3171290322624,1,0.8513690476190473,0.01
2454,-94.46448387096625,0,0.8248571428571323,0.01
2455,-103.98203225806694,0,0.8553690476190475,0.01
2456,-93.4331290322565,0,0.8225238095237993,0.01
2457,-98.51541935484114,0,0.8732857142857142,0.01
2458,-73.39487096774234,1,0.8185357142857144,0.01
2459,-74.42858064516119,1,0.8562857142857145,0.01
2460,-80.2988709677433,1,0.8272873834376535,0.01
2461,-74.90677419354817,0,0.8417738095238095,0.01
2462,-63.99525806451681,1,0.8708692861294719,0.01
2463,-67.79309677419343,0,0.8351071428571418,0.01
2464,-62.39499999999938,0,0.8585357142857147,0.01
2465,-74.25167741935515,0,0.8229523809523801,0.01
2466,-67.6285161290322,1,0.8634523809523805,0.01
2467,-100.63861290322586,0,0.8648690476190475,0.01
2468,-101.99396774193565,0,0.8168690476190438,0.01
2469,-104.3310000000009,0,0.8598690476190484,0.01
2470,-108.66396774193608,0,0.8590357142857143,0.01
2471,-149.63235483870773,3,0.8357023809523807,0.01
2472,-104.70138709677494,0,0.8680357142857147,0.01
2473,-107.90935483871003,0,0.8379523809523812,0.01
2474,-103.42170967742,0,0.8515357142857145,0.01
2475,-112.20393548387155,0,0.836952380952381,0.01
2476,-96.86399999999983,0,0.8044523809523808,0.01
2477,-92.03796774193466,0,0.8092023809523808,0.01
2478,-88.15919354838721,1,0.7937023809523807,0.01
2479,-94.08538709677343,0,0.7880357142857137,0.01
2480,-88.82580645161161,0,0.8127857142857144,0.01
2481,-90.04961290322517,1,0.8106190476190472,0.01
2482,-92.69854838709625,1,0.7873690476190475,0.01
2483,-95.56899999999922,1,0.7890357142857143,0.01
2484,-100.07999999999869,1,0.8024523809523813,0.01
2485,-77.76619354838694,1,0.8801190476190476,0.01
2486,-76.16038709677497,0,0.9047857142857137,0.01
2487,-81.30545161290408,0,0.8795357142857142,0.01
2488,-80.77480645161306,0,0.8920357142857135,0.01
2489,-97.4044193548395,1,0.8975357142857141,0.01
2490,-85.95003225806516,0,0.8760357142857127,0.01
2491,-90.93154838709737,1,0.9022857142857141,0.01
2492,-98.79777419354947,1,0.8940357142857142,0.01
2493,-81.65719354838798,0,0.8948690476190478,0.01
2494,-112.27987096774454,0,0.8024523809523809,0.01
2495,-99.72499999999707,0,0.8633690476190476,0.01
2496,-102.49529032257855,0,0.8212857142857143,0.01
2497,-112.91458064515857,0,0.7991190476190458,0.01
2498,-109.68135483870641,0,0.840952380952381,0.01
2499,-159.9047741935475,2,0.7811190476190479,0.01
2500,-101.72077419354704,0,0.8097857142857137,0.01
2501,-107.80277419354881,0,0.8229523809523808,0.01
2502,-133.45093548386814,1,0.8193690476190472,0.01
2503,-92.19625806451597,0,0.8257857142857142,0.01
2504,-83.94964516129056,0,0.8423690476190475,0.01
2505,-96.03148387096924,1,0.8367857142857144,0.01
2506,-102.58416129032439,0,0.8368690476190476,0.01
2507,-104.6984516129044,0,0.8154523809523812,0.01
2508,-132.64270967742092,2,0.8184523809523799,0.01
2509,-101.72377419354994,0,0.8215357142857141,0.01
2510,-133.26987096774263,2,0.8312857142857146,0.01
2511,-97.39145161290415,0,0.8380357142857144,0.01
2512,-98.81470967742172,0,0.8871190476190473,0.01
2513,-102.79632258064274,0,0.8786190476190479,0.01
2514,-99.30403225806525,0,0.8738690476190476,0.01
2515,-114.8226451612929,0,0.8546190476190478,0.01
2516,-121.48535483871174,0,0.8656190476190477,0.01
2517,-104.41606451613116,0,0.8716190476190475,0.01
2518,-98.93158064516362,0,0.8877023809523812,0.01
2519,-111.06854838709852,0,0.8782023809523811,0.01
2520,-100.04351612903358,0,0.8948690476190481,0.01
2521,-95.99609677419153,0,0.8660357142857146,0.01
2522,-100.5290967741914,0,0.8436190476190475,0.01
2523,-101.25503225806212,0,0.8469523809523809,0.01
2524,-99.31967741935298,1,0.8392857142857147,0.01
2525,-97.81464516128801,0,0.8416190476190476,0.01
2526,-125.61090322580569,1,0.833952380952381,0.01
2527,-100.71674193548164,0,0.8243690476190475,0.01
2528,-99.48164516128806,0,0.8503690476190474,0.01
2529,-107.06990322580424,0,0.8490357142857142,0.01
2530,-77.20416129032209,0,0.8568690476190479,0.01
2531,-71.82048387096715,0,0.8807023809523804,0.01
2532,-73.63890322580622,0,0.8642857142857144,0.01
2533,-74.46235483870916,0,0.8688690476190479,0.01
2534,-84.40964516128977,2,0.8827023809523818,0.01
2535,-88.22141935483866,1,0.8641190476190483,0.01
2536,-87.88822580645204,2,0.8720357142857311,0.01
2537,-94.27241935483859,2,0.8638690476190476,0.01
2538,-80.43099999999961,1,0.8818690476190572,0.01
2539,-93.12590322580523,0,0.8760357142857144,0.01
2540,-122.73664516128969,1,0.8514523809523818,0.01
2541,-95.76416129032448,0,0.8605357142857141,0.01
2542,-110.51222580644958,1,0.8623690476190474,0.01
2543,-113.39712903225795,1,0.8503690476190487,0.01
2544,-100.0659677419351,2,0.8698690476190486,0.01
2545,-109.43790322580638,0,0.8807023809523813,0.01
2546,-105.48432258064618,0,0.8579523809523812,0.01
2547,-97.89070967742104,0,0.8697857142857139,0.01
2548,-92.75606451612896,0,0.8462857142857119,0.01
2549,-142.02929032258155,2,0.7985749400029266,0.01
2550,-117.77277419354796,2,0.8438133402529636,0.01
2551,-117.52306451612962,2,0.8475236523870573,0.01
2552,-94.10770967741956,0,0.8467023809523806,0.01
2553,-114.72370967742083,1,0.8570357142857138,0.01
2554,-117.49761290322726,1,0.8612857142857141,0.01
2555,-121.92280645161394,1,0.8587023809523809,0.01
2556,-122.93732258064495,1,0.8350237431335328,0.01
2557,-106.98693548387037,0,0.8710357142857138,0.01
2558,-119.76490322580321,1,0.8784523809523811,0.01
2559,-149.46790322580725,2,0.8385387601765274,0.01
2560,-107.31454838709499,1,0.8590357142857145,0.01
2561,-122.89596774193781,1,0.8640419997946397,0.01
2562,-142.36532258064756,2,0.8742023897147732,0.01
2563,-117.73441935483717,1,0.8610357142857142,0.01
2564,-179.8900967741923,3,0.7453215638288252,0.01
2565,-113.52645161290053,1,0.8917857142857143,0.01
2566,-93.35754838709703,0,0.8987857142857143,0.01
2567,-89.36758064516022,0,0.8697023809523766,0.01
2568,-93.35477419354656,0,0.8791071428571433,0.01
2569,-88.05751612903256,0,0.8903690476475165,0.01
2576,-71.65625806451568,1,0.8701190476190478,0.01
2577,-74.06664516128976,1,0.8646190476190484,0.01
