1,-42.7435806451613,0,0.4297829846354422,0.7968000000000001
2,-154.6887741935479,0,0.4759869302444249,0.7936128
3,-154.94612903225809,0,0.4954559689885657,0.7904383488
4,-89.84464516129036,0,0.4834218531098598,0.7872765954048
5,-131.20477419354867,0,0.47675838129202797,0.7841274890231809
6,-120.80641935483867,0,0.49433328070984695,0.7809909790670881
7,-115.36583870967705,0,0.512290965456184,0.7778670151508198
8,-86.02100000000024,0,0.49952508919103367,0.7747555470902165
9,-147.10554838709635,0,0.49058854584342765,0.7716565249018555
10,-85.87051612903207,0,0.47469119372655155,0.7685698988022481
11,-87.72438709677394,0,0.5098617495193104,0.7654956192070391
12,-164.01299999999915,0,0.515184380146275,0.762433636730211
13,-127.91619354838697,0,0.5096625711081194,0.7593839021832902
14,-107.36580645161287,0,0.5177185690566246,0.756346366574557
15,-148.9816451612902,1,0.5064139850455255,0.7533209811082587
16,-46.94745161290307,0,0.4705237850597656,0.7503076971838257
17,-139.3329354838715,0,0.5129900503850102,0.7473064663950905
18,-140.17609677419372,1,0.5152349106839943,0.7443172405295101
19,-184.82561290322343,1,0.5129490448269206,0.7413399715673921
20,-128.12616129032241,0,0.4909121654406722,0.7383746116811225
21,-115.78790322580633,0,0.4834247803862801,0.735421113234398
22,-122.904483870968,0,0.5179820528374415,0.7324794287814603
23,-79.90951612903194,0,0.4630782658409213,0.7295495110663346
24,-125.91819354838675,0,0.5284682093453232,0.7266313130220692
25,-123.0657096774205,1,0.5247072142372634,0.723724787769981
26,-112.3877741935478,0,0.5090787110500077,0.720829888618901
27,-98.76435483871002,0,0.5078148667720037,0.7179465690644253
28,-105.83448387096809,1,0.5139321503392764,0.7150747827881676
29,-122.87425806451625,0,0.5302103984434945,0.712214483657015
30,-122.79277419354823,0,0.48856967089493525,0.7093656257223869
31,-157.59654838709685,1,0.5295361981866514,0.7065281632194974
32,-98.25741935483882,1,0.5159219137022201,0.7037020505666194
33,-138.6792903225809,0,0.5085703082534967,0.7008872423643528
34,-148.33429032258027,0,0.55436505273417,0.6980836933948955
35,-143.68461290322466,0,0.5477537441798224,0.6952913586213159
36,-98.75900000000003,1,0.5243267072322828,0.6925101931868306
37,-173.21203225806283,1,0.5154663810853739,0.6897401524140833
38,-127.60700000000017,0,0.43698462162243906,0.686981191804427
39,-79.62032258064531,0,0.5184069448482334,0.6842332670372092
40,-132.16761290322552,0,0.5540776672825498,0.6814963339690605
41,-120.70229032258061,0,0.5409330221319397,0.6787703486331842
42,-168.35935483870978,0,0.5247214603659637,0.6760552672386515
43,-119.5836451612909,0,0.5609177295302538,0.6733510461696968
44,-140.92032258064205,0,0.525609963117158,0.6706576419850181
45,-145.35477419354817,0,0.5579825359979946,0.667975011417078
46,-168.8404838709689,0,0.53721674720074,0.6653031113714096
47,-143.32335483870926,0,0.5278625492491459,0.6626418989259241
48,-138.80303225806392,0,0.5434495776392371,0.6599913313302204
49,-43.09883870967728,0,0.399069038552457,0.6573513660048995
51,-137.5287096774191,0,0.5508239940259383,0.6521030726987163
52,-106.73035483870873,0,0.5743148821135777,0.6494946604079215
53,-128.47929032258094,0,0.5596531122411033,0.6468966817662898
54,-154.57787096774217,1,0.558632281299852,0.6443090950392246
55,-117.72896774193494,0,0.5540448273885107,0.6417318586590677
56,-143.63490322580634,1,0.5487510169320376,0.6391649312244314
57,-89.14067741935463,2,0.508113304457239,0.6366082714995337
58,-141.74577419354787,0,0.5534195985415112,0.6340618384135356
59,-186.20706451612938,3,0.5409090911796492,0.6315255910598814
60,-122.64893548387083,1,0.5721429645702661,0.6289994886956419
61,-134.17870967741928,0,0.562428664095283,0.6264834907408594
63,-129.08699999999777,0,0.565041371425004,0.6214816465507843
64,-129.01816129032315,0,0.5533940348666476,0.6189957199645812
65,-122.27051612903163,0,0.5672850865274556,0.6165197370847229
66,-130.33893548387124,0,0.5566043727542255,0.6140536581363839
67,-146.97041935483892,2,0.56275967316767,0.6115974435038384
68,-66.81251612903236,1,0.5499722706831273,0.609151053729823
69,-117.68203225806492,0,0.5804734223801792,0.6067144495149037
70,-102.1351290322577,0,0.5190278856197208,0.6042875917168442
71,-151.5066129032254,0,0.546101424410231,0.6018704413499768
72,-107.25274193548387,0,0.517635742133449,0.5994629595845768
73,-111.69851612903237,1,0.5741862333320168,0.5970651077462386
74,-126.68532258064474,2,0.49434870055228186,0.5946768473152536
75,-74.82112903225801,0,0.4726224344380923,0.5922981399259926
76,-118.53467741935448,0,0.5654412621001573,0.5899289473662885
77,-145.08967741935484,2,0.545269217582266,0.5875692315768234
78,-39.59499999999997,1,0.3907959272673934,0.5852189546505161
79,-105.96622580645106,0,0.548315157545814,0.5828780788319141
80,-111.37232258064513,0,0.5544154372681639,0.5805465665165864
81,-132.01948387096738,0,0.5710378262265772,0.57822438025052
82,-110.896516129032,0,0.5624489459018767,0.575911482729518
83,-134.73129032258075,0,0.5725004366722123,0.5736078367986
84,-49.80487096774187,1,0.41839083943720806,0.5713134054514055
85,-161.24700000000036,1,0.5894914319694955,0.5690281518295999
86,-69.29383870967756,1,0.5446470312024992,0.5667520392222815
87,-113.20445161290228,0,0.5778631811297569,0.5644850310653923
88,-32.20658064516096,0,0.4985633147018629,0.5622270909411308
89,-107.14664516128988,0,0.5086810070842258,0.5599781825773662
90,-11.355838709677357,0,0.18444550218058064,0.5577382698470568
91,-122.55932258064536,0,0.6055776432362473,0.5555073167676685
92,-40.27425806451641,0,0.5366461407850187,0.5532852875005979
93,-106.37425806451662,0,0.5940001073502665,0.5510721463505955
94,-101.27935483870957,0,0.555411477994096,0.5488678577651931
95,-129.2935161290327,0,0.5608463268109374,0.5466723863341323
96,-105.60274193548312,0,0.5547952569423248,0.5444856967887958
97,-137.4365483870964,0,0.5580185481194003,0.5423077540016407
98,-61.57112903225806,1,0.2912837727196819,0.540138522985634
101,-110.8132903225807,0,0.5492422600821226,0.5336827527900443
102,-157.8764838709673,1,0.5796187809527867,0.531548021778884
103,-99.10580645161286,1,0.5773444290496593,0.5294218296917685
104,-128.08429032258067,1,0.6094432130628601,0.5273041423730015
105,-114.68254838709619,0,0.5972495612796088,0.5251949258035095
106,-96.63841935483869,1,0.5008450511310071,0.5230941461002954
107,-110.33790322580641,0,0.5698415980452,0.5210017695158943
108,-120.2766451612903,0,0.5419869405783266,0.5189177624378306
109,-104.80170967741851,2,0.5267579976270019,0.5168420913880793
110,-132.59429032257987,0,0.6049367713201044,0.514774723022527
111,-98.36096774193557,0,0.6119407802169357,0.5127156241304369
112,-35.485741935483986,0,0.3990486805565745,0.5106647616339152
113,-125.31022580645015,0,0.5789535600409582,0.5086221025873795
114,-120.98445161290432,0,0.5884439719372425,0.50658761417703
115,-121.26793548387083,0,0.5703078740907992,0.5045612637203218
116,-187.88567741935498,3,0.5335405071533553,0.5025430186654406
117,-136.88770967741954,0,0.5966641048590973,0.5005328465907788
118,-70.23558064516124,0,0.4769216414528908,0.49853071520441566
119,-134.78083870967728,1,0.5455390338899055,0.49653659234359804
120,-127.59932258064445,0,0.5888569045048672,0.4945504459742236
121,-101.09232258064473,0,0.5128260221518904,0.49257224419032675
122,-126.20529032258187,0,0.5535296913768893,0.4906019552135654
123,-116.34103225806457,0,0.5808209319983951,0.48863954739271115
124,-27.82129032258074,0,0.26434057799168714,0.4866849892031403
125,-167.7103225806455,1,0.5635781002067146,0.4847382492463277
126,-41.73054838709669,0,0.5633064929151492,0.4827992962493425
127,-49.473451612903176,2,0.4296172674836861,0.4808680990643451
128,-93.60587096774165,1,0.577070839017609,0.4789446266680877
129,-168.64416129032264,2,0.5612857496820992,0.47702884816141533
130,-56.586806451612965,0,0.42456940967015017,0.47512073276876965
131,-115.19045161290208,0,0.6222064213797576,0.4732202498376946
132,-133.30245161290344,0,0.6073932356038138,0.47132736883834386
133,-121.59954838709719,0,0.5890186779189743,0.46944205936299044
135,-115.00319354838749,0,0.6084284918500472,0.46569403396103626
136,-135.1203870967739,0,0.5893486664914244,0.4638312578251922
137,-147.38035483870902,1,0.5919613531453716,0.4619759327938914
138,-102.9389032258064,1,0.48489151897445604,0.4601280290627158
139,-105.32874193548385,0,0.5937729083102317,0.4582875169464649
140,-114.1571612903229,1,0.6314360922987908,0.45645436687867913
141,-103.3118387096773,0,0.5976055619729691,0.4546285494111644
142,-92.98300000000023,0,0.6222793349158429,0.4528100352135197
143,-112.07829032258118,0,0.6094552177596423,0.45099879507266566
144,-114.7753225806444,1,0.6019999031870015,0.449194799892375
145,-128.51106451612966,0,0.5978050453795752,0.44739802069280543
146,-132.1537096774194,1,0.5910628654053032,0.44560842861003425
147,-124.97193548387078,0,0.619098040583348,0.4438259948955941
148,-96.96290322580568,0,0.6094665018116788,0.4420506909160118
149,-145.403161290323,0,0.5835745031048797,0.44028248815234766
150,-180.00590322580646,1,0.588183262516145,0.4385213581997383
151,-127.18019354838593,1,0.6143017197747015,0.43676727276693933
152,-52.70132258064507,0,0.5729780176269984,0.4350202036758716
153,-79.04303225806422,0,0.6224461094425684,0.43328012286116807
154,-112.35835483870916,0,0.6723580946256981,0.43154700236972343
155,-111.26106451612834,0,0.569548314048891,0.42982081436024455
156,-118.90206451612994,0,0.6118382487785089,0.4281015311028036
157,-98.89993548387044,0,0.6557551525829882,0.4263891249783924
158,-121.20335483870906,0,0.6044404981465549,0.4246835684784787
159,-114.78135483870999,0,0.5516726637974023,0.42298483420456484
160,-112.79764516129138,0,0.6340581095184252,0.42129289486774657
161,-68.30451612903275,0,0.6566220612813012,0.41960772328827556
162,-92.67799999999936,0,0.6091595885674341,0.41792929239512255
163,-91.48280645161223,0,0.6295739231813298,0.416257575225542
164,-129.2064516129034,1,0.6369749076593729,0.41459254492463987
165,-43.671193548386945,0,0.4277339421195604,0.4129341747449413
166,-128.04316129032188,1,0.6572727143203889,0.4112824380459615
167,-64.78677419354813,1,0.6259719716118692,0.40963730829377765
168,-116.61448387096786,0,0.5911320026710094,0.40799875906060257
169,-75.6743548387096,0,0.5453266986949192,0.4063667640243601
170,-37.488580645161335,0,0.4099687611602271,0.4047412969682627
171,-119.82554838709721,0,0.5545599981977252,0.4031223317803896
172,-136.31158064516077,0,0.5980158366394771,0.40150984245326815
173,-72.53838709677436,1,0.3831624290637718,0.39990380308345497
174,-118.03929032257908,0,0.6305634733985108,0.3983041878711212
175,-121.00658064516097,0,0.5496107522887865,0.3967109711196367
176,-61.43825806451589,0,0.5255681149889324,0.39512412723515816
177,-142.16161290322663,0,0.5949188184578815,0.3935436307262175
178,-118.69964516129079,0,0.6307081656874639,0.3919694562033127
179,-83.75638709677402,1,0.5897379355069446,0.39040157837849937
180,-166.7150967741927,1,0.6451073047163215,0.3888399720649854
181,-245.96393548387113,3,0.5033887148032271,0.3872846121767255
182,-52.56596774193564,0,0.45919347599578997,0.38573547372801853
183,-147.15393548386945,0,0.5962297779687706,0.3841925318331065
184,-78.831935483871,0,0.6221058770288395,0.38265576170577403
185,-156.93738709677444,2,0.5509758446502487,0.3811251386589509
186,-120.81680645161306,0,0.6599018878016277,0.37960063810431516
187,-106.50403225806484,0,0.581504999408564,0.3780822355518979
188,-112.84077419354837,0,0.646435835188654,0.3765699066096903
190,-187.23951612903204,2,0.514159953329868,0.3735633724753185
191,-116.5582903225803,0,0.6175912454171489,0.3720691189854173
192,-111.66316129032354,0,0.5846234390900924,0.3705808425094756
193,-103.40816129032221,0,0.6318432403947954,0.36909851913943764
194,-89.07612903225842,0,0.6682353005334173,0.36762212506287995
195,-101.99506451612915,0,0.6289828925152279,0.3661516365626284
196,-88.8687419354843,1,0.45615300439846135,0.36468703001637787
197,-108.23461290322592,1,0.6538031308441103,0.3632282818963124
198,-71.61625806451589,0,0.6611801672668959,0.3617753687687271
199,-115.21461290322631,0,0.6353968101342704,0.3603282672936522
200,-84.45196774193546,0,0.6257563499865182,0.3588869542244776
201,-64.47564516129036,0,0.5074590286848099,0.3574514064075797
202,-142.87122580645087,0,0.6303944893942361,0.3560216007819494
203,-142.54096774193596,1,0.6462929869948474,0.3545975143788216
204,-114.08654838709658,0,0.6576142463650086,0.35317912432130627
205,-59.74206451612907,0,0.5676907929993121,0.351766407824021
206,-141.5072258064529,0,0.6655167884504029,0.35035934219272497
207,-99.72280645161271,0,0.6989428506338442,0.34895790482395406
208,-38.41800000000001,0,0.5669094855645727,0.34756207320465826
209,-87.98606451612932,0,0.6017967773411455,0.3461718249118396
210,-105.67570967741894,0,0.645734282161786,0.34478713761219226
211,-94.39145161290335,0,0.5624871219827643,0.34340798906174347
212,-81.18951612903155,1,0.5968834390944103,0.3420343571054965
213,-90.14225806451478,0,0.6927298733118725,0.3406662196770745
214,-43.626354838709574,0,0.527307564840739,0.33930355479836627
215,-119.17819354838696,1,0.655398627938152,0.3379463405791727
218,-107.43641935483919,0,0.697337473464401,0.3339071842880047
219,-157.67561290322627,1,0.6030949057574382,0.33257155555085266
220,-192.77738709677416,3,0.5486472265192242,0.3312412693286493
221,-90.34474193548373,0,0.49857854410988306,0.32991630425133467
222,-54.9866774193549,0,0.5111359561155674,0.32859663903432934
223,-117.38045161290019,0,0.6450480271797502,0.327282252478192
224,-92.34774193548324,0,0.643056800662803,0.3259731234682792
225,-130.90290322580594,1,0.5965146661495367,0.32466923097440614
226,-95.59629032258134,0,0.6969822847519591,0.3233705540505085
227,-119.02603225806394,0,0.6505835157129897,0.32207707183430645
228,-119.74603225806432,0,0.6773661089981079,0.3207887635469692
229,-118.72987096774204,0,0.6618693331963482,0.31950560849278137
230,-99.49599999999971,0,0.6045713551588288,0.3182275860588102
231,-92.9269999999993,0,0.6040443976837354,0.316954675714575
232,-72.04441935483882,0,0.6402390446904063,0.31568685701171667
233,-112.75377419354571,0,0.6350426945338173,0.3144241095836698
234,-107.53741935483825,1,0.5623402105223334,0.3131664131453351
235,-110.09296774193479,0,0.6853544138257336,0.3119137474927538
236,-164.22967741935486,1,0.6991226551264768,0.31066609250278276
237,-87.75719354838732,1,0.6104441414019829,0.3094234281327717
238,-48.82122580645203,0,0.6247315598004786,0.30818573442024055
239,-114.19812903225902,0,0.6020468276433679,0.3069529914825596
240,-99.33787096774363,1,0.6927061854120714,0.30572517951662936
241,-49.49503225806451,0,0.6038053209720096,0.30450227879856284
242,-120.32193548387072,0,0.6466775921729102,0.3032842696833686
243,-136.26270967741905,1,0.7121201872356594,0.3020711326046351
244,-59.815193548386254,0,0.6577703814513857,0.3008628480742166
245,-114.37499999999893,1,0.7004997757864045,0.29965939668191965
246,-108.88267741935468,0,0.6305907102560745,0.298460759095192
247,-111.88716129032208,0,0.671477111534041,0.2972669160588112
248,-101.43332258064528,0,0.6997433578249502,0.296077848394576
249,-33.028967741935865,0,0.39472259294070244,0.2948935370009977
250,-101.19445161290349,0,0.6605078979264172,0.29371396285299367
251,-137.92183870967628,0,0.6898765603057538,0.2925391070015817
252,-71.41400000000003,0,0.7098860410754517,0.2913689505735754
253,-110.47354838709795,0,0.614042317480757,0.2902034747712811
254,-150.1757419354835,2,0.5762546631331947,0.289042660872196
255,-90.72016129032403,0,0.6998694444325266,0.2878864902287072
256,-92.33899999999974,0,0.6145681170598619,0.2867349442677924
257,-99.69993548387245,0,0.7053695987359002,0.2855880044907212
258,-28.351193548387215,0,0.24652638581868336,0.28444565247275827
259,-65.86906451612926,0,0.5944252485058353,0.28330786986286727
260,-123.76080645161325,1,0.562949252153818,0.2821746383834158
262,-145.4222580645154,1,0.576392894242075,0.27992175607056263
263,-130.08680645161238,0,0.6354614402678558,0.27880206904628035
264,-74.83054838709674,1,0.5175963277844287,0.27768686077009525
265,-94.52845161290361,0,0.6585727447001832,0.2765761133270148
266,-108.95806451612911,0,0.6729935644421696,0.2754698088737068
267,-122.81351612903096,1,0.7197788754436026,0.27436792963821194
268,-98.15338709677424,0,0.615283521815454,0.2732704579196591
269,-84.95125806451497,0,0.6742765475000566,0.2721773760879805
270,-128.89116129032342,0,0.6426716505866653,0.2710886665836285
271,-48.72251612903248,0,0.5904090616063934,0.27000431191729407
272,-199.12090322580627,3,0.5128804818162139,0.2689242946696248
273,-105.96516129032247,0,0.7235149354018515,0.26784859749094636
274,-90.9048709677416,1,0.6963784806197675,0.2667772031009826
275,-124.14325806451691,1,0.6657730076181486,0.2657100942885786
276,-113.60622580645129,0,0.6349595295375262,0.26464725391142435
277,-103.57451612903361,1,0.7336772739295534,0.2635886648957786
278,-124.1382580645137,0,0.6908383698334262,0.2625343102361955
279,-124.06558064516001,0,0.6695770121994018,0.26148417299525073
280,-119.90454838709842,0,0.7268624870045312,0.26043823630326973
281,-114.20758064516009,0,0.6917458957594296,0.2593964833580566
282,-86.84477419354789,0,0.7240678835061034,0.2583588974246244
283,-131.38538709677422,0,0.6515158460299569,0.2573254618349259
284,-145.02790322580654,1,0.6394943364766509,0.2562961599875862
285,-171.23841935483765,2,0.6064955675954544,0.2552709753476358
286,-132.2347096774202,0,0.6912045699833035,0.2542498914462453
287,-106.1542903225802,2,0.6858687160626465,0.25323289188046033
288,-42.95658064516174,0,0.5618091312132957,0.2522199603129385
289,-91.38958064516119,0,0.615459430309063,0.2512110804716867
290,-111.81377419354754,0,0.6780910763977633,0.25020623614980003
291,-77.59896774193513,2,0.4526555316105066,0.2492054112052008
292,-179.70854838709644,2,0.609444201008897,0.24820858956037997
293,-89.21151612903213,0,0.6305996753765092,0.24721575520213845
294,-115.69054838709488,0,0.7438660265963627,0.2462268921813299
295,-125.0167096774193,0,0.6781651696521287,0.24524198461260457
296,-111.41967741935463,0,0.6736771529746796,0.24426101667415417
297,-84.07845161290209,0,0.7186505120567216,0.24328397260745757
298,-172.5890645161293,2,0.5910555802834528,0.2423108367170277
299,-48.57506451612885,0,0.6517131468525214,0.24134159337015962
300,-117.23738709677374,0,0.7334079143245733,0.240376226996679
301,-185.15899999999982,2,0.5968197918520423,0.23941472208869224
302,-95.08058064516231,0,0.7087315251399599,0.23845706320033747
303,-120.4546451612901,0,0.6617851037056366,0.2375032349475361
304,-130.85890322580605,2,0.6687631359980182,0.23655322200774598
305,-109.75616129032167,0,0.6439794297863187,0.235607009119715
306,-113.32745161290426,0,0.6784072103234253,0.23466458108323615
307,-121.70387096774179,0,0.7338159808548964,0.23372592275890322
308,-156.8550645161288,1,0.6375283740750861,0.2327910190678676
309,-118.79003225806595,0,0.7497689439901268,0.23185985499159611
310,-120.47374193548393,0,0.6758679211628577,0.23093241557162975
311,-69.74774193548403,0,0.6986346077622085,0.2300086859093432
312,-134.99312903225888,0,0.6590545481826416,0.22908865116570581
313,-75.1988387096774,0,0.5361516846343122,0.22817229656104301
314,-72.76116129032215,0,0.6335963809883994,0.22725960737479883
315,-115.75332258064495,1,0.677430162125263,0.22635056894529965
316,-68.05012903225794,0,0.643797402293463,0.22544516666951844
317,-161.920161290322,2,0.6327444475754525,0.22454338600284035
318,-45.67561290322531,0,0.7199823753144048,0.22364521245882898
319,-111.07070967741973,2,0.5958545285511767,0.2227506316089937
320,-102.2488387096773,0,0.6275856577227537,0.22185962908255774
321,-127.6855806451628,0,0.7073151373028592,0.22097219056622747
322,-78.58629032258095,0,0.6728500504496476,0.22008830180396255
323,-151.30687096774025,0,0.6370938332125321,0.21920794859674675
324,-112.709129032258,0,0.6533886260245367,0.21833111680235973
325,-73.2855806451615,0,0.5319554211087598,0.2174577923351503
326,-115.74148387096808,1,0.6851177484027854,0.2165879611658097
327,-129.9619354838723,0,0.6981179148715837,0.21572160932114645
328,-69.37619354838709,1,0.5803535861451284,0.21485872288386187
329,-162.10461290322587,3,0.5596789462341937,0.2139992879923264
330,-114.8025483870963,0,0.7153718845502464,0.2131432908403571
331,-30.868096774193575,1,0.2888890703678786,0.21229071767699567
332,-91.07438709677407,1,0.6239834363850036,0.2114415548062877
333,-122.36064516129134,0,0.6940254820212022,0.21059578858706254
334,-27.403483870967868,0,0.6359865433300832,0.20975340543271428
336,-119.98409677419541,0,0.6239273671603995,0.2080787342437395
337,-118.00154838709766,0,0.7270980870349107,0.20724641930676457
338,-115.85596774193344,0,0.6974489630849948,0.20641743362953746
339,-126.92341935483974,0,0.6659544835400439,0.20559176389501932
340,-56.530806451612996,1,0.6304176344000418,0.20476939683943926
341,-67.60532258064433,0,0.7625376651940033,0.20395031925208149
342,-89.07296774193593,0,0.6914840534849445,0.20313451797507318
343,-106.00206451612783,0,0.7167150133485026,0.2023219799031729
344,-79.73096774193603,0,0.5295338587028992,0.2015126919835602
345,-86.99170967741962,0,0.6326470921631085,0.20070664121562595
346,-108.36580645161463,1,0.6932506116529643,0.19990381465076346
347,-106.74838709677306,0,0.7379951859525549,0.1991041993921604
348,-157.01693548387067,1,0.6596912278109682,0.19830778259459175
349,-63.54635483870933,0,0.6051913117252422,0.19751455146421337
350,-116.90167741935488,0,0.6915900418353037,0.1967244932583565
351,-112.20151612903423,0,0.7627076396647285,0.1959375952853231
352,-108.1939032258057,0,0.6910613059131577,0.1951538449041818
353,-100.74438709677352,0,0.7433534954980027,0.19437322952456507
354,-89.94577419354722,0,0.7257054517842456,0.1935957366064668
355,-104.37535483870857,0,0.7381519207894339,0.19282135366004094
356,-77.38277419354797,0,0.6167812221658787,0.19205006824540077
357,-101.62403225806275,0,0.7492381208532947,0.1912818679724192
358,-99.42348387096834,0,0.6863426676900645,0.1905167405005295
359,-66.5241612903225,0,0.4779375806883266,0.18975467353852737
360,-77.4028064516124,0,0.7000228423609393,0.18899565484437328
361,-109.65916129032304,0,0.6943892676386383,0.18823967222499577
362,-103.5560322580633,0,0.729552623003723,0.1874867135360958
363,-109.25935483870974,0,0.6984523809779777,0.1867367666819514
364,-71.7705806451614,0,0.7234596036762374,0.1859898196152236
365,-96.86154838709693,0,0.5953460578872803,0.1852458603367627
366,-100.05532258064409,0,0.6538072640562518,0.18450487689541564
367,-3.1897096774193527,0,0.03114888212070636,0.183766857387834
368,-69.96445161290337,0,0.6967017784919959,0.18303178995828265
369,-102.81787096774207,0,0.5588798758781885,0.18229966279844953
370,-99.48167741935542,0,0.6367957314006538,0.18157046414725572
371,-109.92267741935592,0,0.772599299478729,0.1808441822906667
372,-129.4017741935497,0,0.7185565903562238,0.18012080556150403
373,-98.3619999999999,1,0.7213718267318319,0.179400322339258
374,-125.8853870967749,0,0.6973177539980571,0.178682721049901
375,-101.105806451612,0,0.7129994075580848,0.1779679901657014
377,-82.9483548387093,1,0.7487132176547836,0.17654709373221844
378,-107.82322580645273,0,0.7356704713713725,0.17584090535728955
379,-106.06399999999987,0,0.7651245855036694,0.17513754173586038
380,-60.40522580645183,1,0.5534020006417332,0.17443699156891695
381,-118.6859354838727,0,0.6983230138057245,0.17373924360264126
382,-116.90067741935542,0,0.5915984321827377,0.1730442866282307
383,-122.23425806451577,0,0.7224452566500325,0.17235210948171778
384,-89.0849677419339,0,0.7136570415447601,0.17166270104379092
386,-97.97641935483854,0,0.6352759996817151,0.17029214603865728
387,-116.75438709677452,0,0.6814915922255651,0.16961097745450265
388,-88.425161290323,0,0.5278422130281734,0.16893253354468463
389,-97.90545161290298,1,0.724967043908843,0.16825680341050592
390,-87.37503225806513,0,0.7094990108285092,0.16758377619686388
391,-142.62154838709776,2,0.695974987821002,0.16691344109207643
392,-92.8291935483877,0,0.6260067302310028,0.16624578732770812
394,-120.62541935483894,0,0.7249203573014487,0.1649184809616837
395,-91.37048387096729,0,0.7602031199845434,0.16425880703783696
396,-98.63112903225846,0,0.6710985014639393,0.1636017718096856
397,-98.31941935483924,1,0.6624055715951684,0.16294736472244686
398,-120.95474193548276,0,0.7313018470011015,0.1622955752635571
399,-79.00203225806456,0,0.6831968460448806,0.16164639296250286
400,-129.22187096774115,1,0.7239134453101149,0.16099980739065284
401,-96.06032258064457,0,0.7242840473271936,0.16035580816109024
402,-135.29906451612894,1,0.7027830387676439,0.15971438492844586
403,-115.5796451612888,0,0.7495421433606858,0.1590755273887321
404,-74.90751612903111,0,0.7535367755300152,0.15843922527917717
405,-93.27600000000064,1,0.6160619825491086,0.15780546837806045
406,-136.7660322580646,1,0.6664023061831519,0.1571742465045482
407,-98.224774193547,0,0.7165817814599462,0.15654554951853
408,-110.33845161290441,0,0.7270302591498935,0.1559193673204559
409,-114.52025806451583,0,0.6258007145881525,0.15529568985117406
410,-75.20822580645155,0,0.6665497679729919,0.15467450709176936
411,-95.15735483871018,0,0.7175048077990983,0.1540558090634023
412,-119.83461290322614,1,0.6779756234125071,0.15343958582714867
413,-128.13170967741948,0,0.6822605638476195,0.1528258274838401
414,-114.83380645161411,0,0.7565447901585654,0.15221452417390471
415,-110.26880645161273,0,0.7107112838064922,0.1516056660772091
416,-112.27164516128883,0,0.7088583361528675,0.15099924341290027
417,-56.27216129032219,0,0.7997014556187276,0.15039524643924868
418,-106.88367741935369,0,0.7004378587400312,0.14979366545349168
420,-110.29477419354632,0,0.7593584628529049,0.14859771282851097
421,-112.43477419354848,0,0.6851895500933296,0.14800332197719696
422,-158.55583870967635,1,0.7056167562316602,0.14741130868928817
423,-109.37374193548274,0,0.6541779273572814,0.14682166345453102
424,-123.84522580645098,0,0.7094362607986601,0.14623437680071288
426,-60.544258064516164,3,0.32206826811119604,0.14506684153633598
427,-46.439032258064145,0,0.5811442517141922,0.14448657417019065
428,-99.53212903225722,0,0.6916435024228049,0.14390862787350986
429,-117.14525806451786,0,0.7172723325665661,0.14333299336201585
431,-124.99883870967763,0,0.7118637728091286,0.1421886227430135
432,-70.43061290322593,0,0.702457070842931,0.14161986825204145
433,-77.07893548387096,0,0.7523694555170192,0.14105338877903328
434,-130.64954838709667,0,0.6531218513346821,0.14048917522391716
435,-116.58561290322416,1,0.680447215320355,0.13992721852302148
436,-54.301000000000016,0,0.5792279945379438,0.13936750964892938
437,-123.75596774193579,1,0.7584605892872361,0.13881003961033367
438,-95.20332258064533,0,0.6938168080473543,0.13825479945189234
439,-91.43232258064371,0,0.7436993319814428,0.13770178025408478
440,-80.25693548387083,0,0.7354299177931656,0.13715097313306843
441,-104.9804193548378,0,0.7305418214564228,0.13660236924053615
442,-84.0399999999988,0,0.7882017069677636,0.136055959763574
443,-95.34261290322537,1,0.7142275349540074,0.1355117359245197
444,-90.04380645161397,0,0.6637625264381151,0.13496968898082162
445,-110.73387096774314,0,0.7303562806679914,0.13442981022489836
446,-50.29361290322584,0,0.6296650472062881,0.13389209098399876
447,-72.92758064516097,0,0.7374595402669344,0.13335652262006276
448,-97.05532258064517,1,0.7488055581315813,0.13282309652958252
449,-88.25558064516213,0,0.7227552611386687,0.13229180414346417
450,-88.50822580645115,0,0.6944822547579644,0.13176263692689033
451,-168.35367741935244,3,0.6015696721614431,0.13123558637918276
452,-79.34848387096743,0,0.5160657926835686,0.13071064403366603
453,-106.34312903225742,0,0.7472257352018259,0.13018780145753137
454,-109.23238709677395,0,0.7821528914546876,0.12966705025170125
455,-92.24919354838634,0,0.7633948340772078,0.12914838205069443
456,-78.66261290322578,0,0.686066911173412,0.12863178852249166
457,-120.32303225806633,0,0.7406755609666793,0.1281172613684017
458,-109.59003225806447,0,0.7048282223583668,0.12760479232292807
459,-64.45941935483827,0,0.7147015435277868,0.12709437315363636
460,-169.637516129032,2,0.6805337582213296,0.12658599566102183
461,-70.67764516129027,1,0.45357291935368893,0.12607965167837773
462,-129.940838709679,0,0.7288254154252387,0.1255753330716642
463,-80.70761290322577,0,0.7551190691881369,0.12507303173937756
464,-90.64061290322576,3,0.59339784150617,0.12457273961242006
465,-119.75370967741776,0,0.7623769382209968,0.12407444865397038
466,-101.860064516129,0,0.7636198758214211,0.12357815085935449
467,-57.66164516129041,0,0.8009716546671573,0.12308383825591707
468,-104.50696774193311,0,0.7615340425625613,0.1225915029028934
469,-111.78145161290355,0,0.75421533241094,0.12210113689128184
470,-58.52196774193565,0,0.5527628571580104,0.12161273234371671
471,-98.35745161290339,0,0.7721716388174411,0.12112628141434184
472,-82.14783870967614,0,0.6958192275643953,0.12064177628868447
473,-100.88000000000048,0,0.7967960578962651,0.12015920918352972
474,-63.32845161290237,0,0.7527950930695851,0.1196785723467956
475,-110.8624838709649,0,0.7672032270969511,0.11919985805740843
476,-80.08687096774274,0,0.7758693235678605,0.11872305862517879
477,-117.93758064516173,0,0.7086814271087861,0.11824816639067809
478,-77.7963870967751,2,0.7611240533411867,0.11777517372511537
479,-108.28712903225865,1,0.6786850850770036,0.11730407303021491
480,-75.4679677419362,0,0.7445292934716742,0.11683485673809405
481,-131.33441935483742,2,0.7477058206174291,0.11636751731114166
482,-90.65435483870996,0,0.7850962639974668,0.11590204724189711
483,-110.65216129032125,0,0.7446065718659391,0.1154384390529295
484,-90.23106451612824,0,0.7620416988091123,0.11497668529671778
485,-35.932451612903314,1,0.34596131724849655,0.11451677855553091
486,-49.64709677419349,0,0.777148798667667,0.1140587114413088
487,-27.94816129032262,1,0.35452947531130957,0.11360247659554357
488,-96.7396451612896,0,0.7237751010363244,0.11314806668916139
489,-30.37896774193548,0,0.6216737386819632,0.11269547442240474
490,-88.3269032258071,0,0.7516200111383274,0.11224469252471513
491,-98.16825806451735,0,0.7428838273519401,0.11179571375461626
492,-96.25500000000028,1,0.7045078291711633,0.1113485308995978
493,-101.15341935484052,0,0.7991215951729613,0.11090313677599939
494,-100.67925806451355,0,0.7752630077535937,0.1104595242288954
495,-93.37061290322463,0,0.7928690492183833,0.11001768613197982
496,-61.570580645161755,0,0.6803061919386805,0.10957761538745191
497,-81.70535483870788,0,0.8499528041096972,0.1091393049259021
498,-68.68019354838646,0,0.6957536305333283,0.10870274770619848
499,-133.96561290322558,1,0.6938316064781539,0.1082679367153737
500,-70.32029032258069,3,0.6414337917071451,0.1078348649685122
501,-108.81006451612704,0,0.7945375528654867,0.10740352550863815
502,-65.31441935483845,0,0.6487444468461135,0.1069739114066036
503,-79.23570967741882,0,0.7886792792140066,0.10654601576097718
504,-108.00590322580669,0,0.7040558754200937,0.10611983169793326
505,-80.91487096774226,0,0.7529435187304758,0.10569535237114154
506,-83.31445161290243,0,0.6848107174537448,0.10527257096165697
507,-114.03419354838805,0,0.693843357681644,0.10485148067781035
508,-110.89974193548227,0,0.773120490251568,0.10443207475509911
509,-81.25051612903192,0,0.7006652218453414,0.10401434645607871
510,-135.43848387096864,1,0.6596360752855116,0.1035982890702544
511,-105.38174193548325,0,0.7599462800734634,0.10318389591397337
512,-59.631290322580675,1,0.722932853622061,0.10277116033031748
513,-68.41567741935475,1,0.7764478823643683,0.10236007568899622
514,-123.53841935483858,0,0.7607188007378135,0.10195063538624022
515,-79.71354838709759,0,0.7754587099782927,0.10154283284469526
516,-132.1629354838721,0,0.7454503210950254,0.10113666151331649
517,-131.57832258064494,0,0.7502019894214099,0.10073211486726322
518,-105.25735483871023,0,0.7714242936814262,0.10032918640779416
519,-79.53687096774325,0,0.8207024787157754,0.099927869662163
520,-82.69477419354777,0,0.6173316538699956,0.09952815818351433
521,-85.9115483870967,0,0.5736354216199782,0.09913004555078027
522,-88.45538709677386,0,0.782600262528261,0.09873352536857716
523,-90.2801612903222,1,0.7302879592264525,0.09833859126710284
524,-57.566322580645135,2,0.797415001087919,0.09794523690203444
525,-67.72187096774195,0,0.7145029019885046,0.0975534559544263
526,-162.34158064516205,3,0.6527664213536424,0.09716324213060859
527,-81.8734193548394,0,0.7429410395412114,0.09677458916208614
528,-103.76764516129066,0,0.8088713263447723,0.0963874908054378
529,-79.11070967741955,0,0.7421943653322336,0.09600194084221605
530,-113.25561290322334,1,0.6811209636409682,0.0956179330788472
531,-111.58964516129167,1,0.7334061329050763,0.09523546134653181
532,-98.71651612903197,0,0.6908955300501939,0.09485451950114568
533,-66.126225806452,0,0.6305357342422585,0.09447510142314108
534,-141.14077419354828,1,0.6347380432502393,0.09409720101744852
535,-94.88829032258157,0,0.8012618858067589,0.09372081221337873
536,-95.79141935483699,0,0.5802727455536502,0.09334592896452522
537,-103.1153870967748,2,0.6157295799265778,0.09297254524866712
538,-43.42103225806457,0,0.4713035794005156,0.09260065506767245
540,-101.26645161290148,0,0.7612099713862226,0.09186133143761216
541,-78.98606451612795,0,0.7324784448641989,0.09149388611186171
542,-108.23687096774304,0,0.7995317358066183,0.09112791056741426
543,-81.61306451612965,0,0.6485090152936586,0.0907633989251446
544,-127.75825806451644,0,0.7638174522276806,0.09040034532944402
545,-94.4447419354834,0,0.7249584605801146,0.09003874394812623
546,-25.157032258064802,0,0.1344948576432928,0.08967858897233373
547,-100.05061290322651,1,0.7018690940924598,0.0893198746164444
548,-77.44270967741903,1,0.7872163003408513,0.08896259511797862
549,-157.32264516129027,1,0.681474847844732,0.08860674473750671
550,-82.69990322580671,0,0.8072158915329456,0.08825231775855669
551,-103.79390322580424,0,0.7100360443584481,0.08789930848752246
552,-91.13183870967744,0,0.7925563741573037,0.08754771125357236
553,-103.00367741935425,1,0.649619521815121,0.08719752040855808
554,-98.89077419354726,0,0.7774157915186102,0.08684873032692385
555,-96.62835483870931,1,0.6736785836309928,0.08650133540561615
556,-127.70103225806417,1,0.6939897661900386,0.08615533006399367
557,-109.24235483870878,1,0.7473609358247596,0.08581070874373771
558,-83.64225806451631,0,0.7896191380752126,0.08546746590876275
559,-68.77564516129085,0,0.7583161268968435,0.0851255960451277
560,-139.80087096774437,1,0.6677706988436393,0.08478509366094719
561,-36.07870967741934,0,0.5637857718252193,0.0844459532863034
562,-78.5711290322578,0,0.7822023842015194,0.08410816947315819
563,-103.4180322580638,0,0.6261079982770401,0.08377173679526556
564,-70.74780645161287,0,0.710836094757258,0.0834366498480845
565,-97.56122580645119,1,0.7989523810363968,0.08310290324869216
566,-43.674193548387066,1,0.7754730534829308,0.08277049163569739
567,-94.72512903225832,0,0.7860363656692141,0.0824394096691546
568,-113.97090322580567,1,0.7549530235830785,0.08210965203047799
569,-115.60767741935554,0,0.7747113486758381,0.08178121342235606
570,-87.14364516128994,0,0.7269605893943033,0.08145408856866665
571,-83.91896774193563,0,0.7424592849364039,0.08112827221439198
572,-50.96141935483988,0,0.8302965115651517,0.0808037591255344
573,-91.38054838709681,0,0.719986740667132,0.08048054408903227
574,-54.607161290322814,1,0.7025465612176666,0.08015862191267614
575,-109.47680645161182,0,0.7895404576033019,0.07983798742502543
576,-89.81512903225827,0,0.7783706606019091,0.07951863547532534
577,-92.58241935483791,1,0.7710359185164899,0.07920056093342404
578,-53.158451612903086,0,0.7837909064849136,0.07888375868969033
579,-94.33951612903398,0,0.810305242582873,0.07856822365493157
580,-95.500032258065,0,0.6373168096008893,0.07825395076031184
581,-32.20425806451654,0,0.21966666666666682,0.0779409349572706
582,-82.20687096774266,0,0.7751043078845855,0.07762917121744152
583,-105.10306451612699,0,0.7580545356693672,0.07731865453257175
584,-64.64429032258055,0,0.7888691835535373,0.07700937991444146
585,-101.63306451612931,0,0.7792698975361347,0.0767013423947837
586,-111.88658064516193,1,0.753469369381861,0.07639453702520456
587,-73.72725806451488,0,0.6859985727464335,0.07608895887710375
588,-121.18909677419127,1,0.7323607747284367,0.07578460304159533
589,-87.07229032258078,1,0.7155433403514072,0.07548146462942895
591,-137.9503548387104,1,0.778869052586187,0.07487882061582758
592,-103.33274193548358,0,0.7213958369301295,0.07457930533336427
593,-101.66058064516115,0,0.675619048902758,0.07428098811203081
594,-70.04232258064503,0,0.5164832011036279,0.07398386415958269
595,-106.88780645161445,0,0.7947224215919632,0.07368792870294437
596,-63.486290322580636,1,0.7183807231769387,0.07339317698813258
597,-24.403161290322632,0,0.0834999425678351,0.07309960428018006
598,-100.40187096774235,0,0.7477292769554896,0.07280720586305933
599,-115.84870967742224,0,0.805981394171008,0.07251597703960709
600,-85.5899354838706,1,0.815193512675976,0.07222591313144866
601,-71.4740645161283,0,0.7961190492457547,0.07193700947892287
602,-55.947774193548206,1,0.8486904751803259,0.07164926144100718
603,-94.08709677419334,0,0.7704934527590714,0.07136266439524315
604,-86.99819354838691,0,0.7474529396431892,0.07107721373766217
605,-59.33045161290316,1,0.5138146777948307,0.07079290488271153
607,-102.07683870967537,0,0.7339524267345997,0.07022769433012796
608,-78.97680645161223,0,0.7722046263196825,0.06994678355280745
609,-91.46980645161314,0,0.7917857142857252,0.06966699641859622
610,-115.3529677419374,0,0.6893638936598582,0.06938832843292184
611,-102.8301935483886,0,0.764120980589078,0.06911077511919014
612,-93.05867741935629,0,0.8333690505807609,0.06883433201871339
613,-110.12887096774186,0,0.8337375893021387,0.06855899469063853
614,-91.75496774193532,0,0.7502402189974052,0.06828475871187598
615,-95.44135483871042,0,0.7946200290772716,0.06801161967702847
616,-105.24193548387227,0,0.7817877473885476,0.06773957319832036
617,-108.63500000000093,0,0.7600735410133491,0.06746861490552707
618,-84.22151612903261,0,0.7998341458719738,0.06719874044590497
619,-76.78638709677418,1,0.7722886661546513,0.06692994548412134
620,-9.196774193548423,0,0.08683659999898306,0.06666222570218487
621,-72.07335483870874,0,0.7922861882868161,0.06639557679937612
622,-112.22803225806408,4,0.7733988350132569,0.06612999449217861
623,-85.49087096774196,0,0.5535365707506991,0.0658654745142099
624,-124.61564516129151,0,0.7802023817356256,0.06560201261615306
625,-78.37461290322513,0,0.5742168612466592,0.06533960456568845
626,-128.2910000000012,0,0.7413091816830498,0.06507824614742569
627,-75.2772258064508,0,0.7801071428571414,0.064817933162836
628,-88.27858064516082,1,0.7427857787092371,0.06455866143018466
629,-105.49045161290296,1,0.7394714029822421,0.0643004267844639
630,-177.4035161290311,2,0.6495943515019188,0.06404322507732606
631,-95.53041935483763,0,0.725562486077817,0.06378705217701675
632,-88.84119354838765,0,0.7028705060829098,0.06353190396830868
633,-107.96251612903191,0,0.7897459841033597,0.06327777635243545
634,-119.6649677419356,0,0.7889566667088033,0.0630246652470257
635,-112.98764516128932,0,0.7219260466368382,0.06277256658603761
636,-101.78461290322528,1,0.7677023870869589,0.06252147631969344
637,-137.51041935483929,0,0.753796746883311,0.06227139041441468
638,-94.25987096774253,0,0.7777861057974441,0.06202230485275702
639,-139.76170967741902,2,0.7179308614372812,0.06177421563334599
640,-90.59374193548136,1,0.8069523842086348,0.06152711877081261
641,-93.26567741935361,1,0.7445205924303743,0.061281010295729355
642,-77.12232258064522,0,0.6974525038981766,0.06103588625454644
643,-147.01390322580562,2,0.6687026542607092,0.06079174270952825
644,-79.64641935483772,0,0.753703682677213,0.06054857573869014
645,-118.87348387096708,1,0.7095961227819858,0.060306381435735384
646,-95.54177419354815,0,0.6727095797202224,0.06006515590999243
647,-126.27370967741969,1,0.7085445819547774,0.059824895286352466
648,-76.65180645161223,0,0.7809813941502056,0.05958559570520705
649,-79.56916129032246,0,0.5393604523797019,0.05934725332238623
650,-90.91512903225781,0,0.7069024777281465,0.059109864309096684
651,-98.87283870967767,1,0.5521362837060098,0.05887342485186029
653,-98.99287096774283,0,0.7940357472924525,0.058403379427843044
654,-88.72164516129014,0,0.6371110960472655,0.05816976591013167
655,-132.4252580645148,1,0.7585903510750701,0.05793708684649114
656,-79.65887096774117,0,0.7635672488215154,0.057705338499105176
658,-98.36190322580325,0,0.6958571428572363,0.05724461907652833
659,-87.59051612903222,0,0.7872857142870819,0.05701564060022221
661,-80.58561290322577,2,0.828389780913352,0.05656042772567004
662,-84.93474193548383,0,0.8082023811101687,0.056334186014767355
664,-76.16948387096683,0,0.7799523901341284,0.05588441387362545
665,-81.0124516129027,2,0.7281839083822921,0.055660876218130956
666,-112.65251612903357,0,0.6967890805838808,0.05543823271325843
667,-72.6128387096775,0,0.8579544129508389,0.055216479782405396
668,-47.529709677419575,0,0.34607758343126355,0.054995613863275776
669,-125.65087096774297,1,0.745001765508051,0.05477563140782267
670,-123.46554838709767,1,0.7572380517859977,0.05455652888219137
671,-97.88690322580665,0,0.7940482037296335,0.054338302766662606
672,-96.7710967741911,0,0.7914260496337445,0.05412094955559596
673,-78.25125806451663,1,0.5901525954234028,0.05390446575737358
674,-71.10096774193477,0,0.5163422449334807,0.05368884789434408
675,-95.92032258064371,2,0.8209534225976544,0.053474092502766704
676,-99.14932258064624,0,0.7895736217410922,0.053260196132755636
677,-110.74525806451626,1,0.6367239339347266,0.05304715534822462
678,-115.75061290322604,0,0.7237446149651188,0.05283496672683172
679,-159.22983870967676,2,0.6281594088139775,0.05262362685992439
680,-91.97300000000018,0,0.8123718205412592,0.052413132352484695
681,-108.0992903225816,0,0.7776449345782562,0.05220347982307475
682,-104.86148387096775,0,0.8152857143976558,0.05199466590378246
684,-66.36951612903279,0,0.726702380952386,0.05157954049120666
685,-109.84922580645272,0,0.7556818966945685,0.05137322232924183
686,-85.88109677419337,0,0.6177580551947359,0.05116772943992486
687,-129.41222580645334,1,0.724067776641348,0.050963058522165164
688,-45.369000000000014,1,0.24853016392495056,0.0507592062880765
689,-118.9626129032262,0,0.7746810438568034,0.0505561694629242
690,-61.874129032258836,0,0.7599550363621324,0.05035394478507249
691,-102.87512903225812,0,0.792209285065278,0.0501525290059322
692,-103.39958064516146,0,0.738702891646339,0.05
693,-68.96670967741792,0,0.8111867312388389,0.05
694,-103.84564516129197,0,0.7691256971943949,0.05
695,-97.6790645161283,0,0.7584962601452732,0.05
696,-78.3997419354842,0,0.6502756261380304,0.05
697,-77.44267741935536,0,0.7280520647981488,0.05
698,-86.67890322580688,0,0.7589523809998588,0.05
699,-97.4710967741952,0,0.7745580059523817,0.05
700,-114.78861290322475,1,0.7250811990297834,0.05
701,-102.80103225806594,0,0.7771286601095065,0.05
702,-92.2622580645157,1,0.7360831341625006,0.05
704,-83.8952903225802,0,0.7629531430044303,0.05
705,-112.6413225806456,1,0.7585357143195807,0.05
706,-71.41512903225852,0,0.8128690476271444,0.05
707,-110.9545483871002,0,0.7428571455647863,0.05
708,-85.96341935483711,0,0.8646230110850294,0.05
709,-159.0177419354847,2,0.658402543522497,0.05
710,-106.71935483871277,0,0.8094523840806647,0.05
711,-94.97158064516258,0,0.7589192284285732,0.05
712,-82.62103225806551,0,0.8047857143870208,0.05
713,-126.66358064516018,1,0.7517258573194905,0.05
714,-118.40438709677434,0,0.8061596107456377,0.05
715,-50.86958064516179,0,0.5952158986356227,0.05
716,-87.02238709677559,0,0.7966289120723654,0.05
717,-44.13241935483892,0,0.4223333374645078,0.05
719,-67.01696774193529,0,0.5369524058430685,0.05
720,-83.49980645161253,1,0.5234408025463554,0.05
721,-98.22741935483887,0,0.8300210377608044,0.05
722,-86.8088387096777,0,0.6814405098760927,0.05
723,-60.8992903225784,0,0.810648138929179,0.05
724,-115.86854838709839,0,0.8046950921604776,0.05
725,-61.49561290322442,0,0.8175416340826428,0.05
726,-66.56251612903223,0,0.47529641361663805,0.05
727,-108.28080645161306,0,0.7274179497092058,0.05
728,-84.30541935483798,0,0.8347857173569556,0.05
729,-112.28683870967704,0,0.662087036664962,0.05
730,-100.35641935483837,1,0.8140962119734919,0.05
731,-91.747258064516,2,0.6241077905455005,0.05
732,-48.086322580644534,0,0.7264712286882389,0.05
734,-95.1777419354838,2,0.7711762534806571,0.05
735,-109.10532258064555,0,0.7795399883891707,0.05
736,-145.0249677419363,2,0.7050945220313867,0.05
737,-97.95706451612861,0,0.8422023809523829,0.05
738,-85.9639677419358,1,0.7738574918002918,0.05
739,-91.66325806451582,0,0.7392023809598991,0.05
740,-66.90319354838722,1,0.6589461160064528,0.05
741,-58.74858064516134,0,0.7969551538568004,0.05
742,-106.78099999999951,1,0.7870357142873704,0.05
743,-90.07493548387161,0,0.8333690476916457,0.05
744,-102.98667741935206,0,0.8053690929368913,0.05
745,-95.24754838709553,0,0.7407950963810324,0.05
746,-66.11429032258047,1,0.6240368936659646,0.05
747,-68.93477419354996,0,0.8089524519498417,0.05
748,-114.73954838709824,0,0.8080620160321899,0.05
749,-68.6590322580651,0,0.6311071418398361,0.05
750,-78.228258064515,0,0.7175227976589195,0.05
751,-105.99464516129134,0,0.7062954548968351,0.05
752,-81.68029032258055,1,0.8088690477779473,0.05
753,-95.30025806451432,0,0.8087857143048766,0.05
754,-47.3908709677414,1,0.5794608178875975,0.05
755,-104.27474193548447,0,0.7763666369224265,0.05
756,-61.86819354838753,0,0.81577370881806,0.05
757,-88.56522580645074,1,0.7672857840037187,0.05
758,-59.400064516129184,1,0.8782870685735852,0.05
759,-123.71154838709805,0,0.818169010520561,0.05
760,-100.77967741935497,0,0.712619167997417,0.05
761,-104.05429032258148,0,0.7837167973610268,0.05
762,-97.50122580645069,0,0.7689592849386732,0.05
763,-107.33854838709738,0,0.8187023812659104,0.05
764,-49.24790322580747,0,0.7740363795000381,0.05
765,-99.40000000000136,0,0.8204523817454011,0.05
766,-107.91477419354929,0,0.74567185343377,0.05
767,-83.71609677419306,0,0.7153690868907546,0.05
768,-79.19748387096827,0,0.798952381022216,0.05
769,-99.26380645161088,0,0.8076354030259705,0.05
770,-37.94206451612848,0,0.13451190362275298,0.05
771,-117.00658064516271,1,0.7805804708426046,0.05
772,-93.60709677419267,0,0.8536126507652257,0.05
773,-81.86770967741946,0,0.7337023809523806,0.05
774,-89.09651612903228,0,0.7532738095187853,0.05
775,-113.09980645161284,0,0.7457314993265549,0.05
776,-100.22087096774311,0,0.822036194210818,0.05
777,-79.60864516129065,0,0.7814528815893098,0.05
778,-44.12041935483806,0,0.6052024025412815,0.05
779,-97.41112903226005,1,0.8080628525446875,0.05
780,-97.64174193548517,0,0.8148533921264812,0.05
781,-98.65758064516139,0,0.8052342706948457,0.05
782,-107.01970967742113,0,0.7510357143754272,0.05
783,-110.93387096774276,0,0.8179523837068383,0.05
784,-79.35748387096822,0,0.7736216850057906,0.05
785,-87.87516129032237,0,0.6324536916139739,0.05
786,-31.45261290322592,0,0.4017149840185742,0.05
787,-105.00912903225739,0,0.7970739144198797,0.05
788,-100.99251612903049,0,0.7851275102751258,0.05
789,-103.6939677419346,0,0.7956306074886119,0.05
790,-122.72945161290494,1,0.7670614743668525,0.05
791,-60.53816129032217,1,0.6013690506749445,0.05
792,-87.242709677419,0,0.8054523816928117,0.05
793,-87.67245161290283,1,0.5409523812743495,0.05
794,-49.155741935483704,1,0.48445238096305226,0.05
795,-108.83038709677183,0,0.7857217450229229,0.05
796,-84.22561290322602,0,0.8167738777387257,0.05
797,-74.11748387096786,0,0.7171238139221258,0.05
798,-84.68716129031995,0,0.8172857434336831,0.05
799,-65.09725806451543,0,0.6414272816131773,0.05
800,-101.58048387097057,0,0.773369049071003,0.05
801,-95.146935483872,0,0.8557809001403048,0.05
802,-129.14309677419124,0,0.7765081928673864,0.05
803,-115.7576451612889,1,0.8113692501883643,0.05
804,-97.04935483870962,1,0.7953104484294767,0.05
805,-78.30754838709575,0,0.7262857341335693,0.05
806,-111.96441935483948,0,0.8269797976743962,0.05
807,-97.01045161290173,0,0.8169404761992047,0.05
808,-113.94077419354838,1,0.7481190506844432,0.05
809,-77.76493548387107,1,0.6706320788933172,0.05
810,-92.62029032258094,0,0.7782040455168336,0.05
811,-103.4255483870985,0,0.7927857414634445,0.05
812,-60.53751612903219,2,0.8250357168160931,0.05
813,-84.5522903225808,0,0.669227353661791,0.05
814,-59.28974193548363,0,0.8255810262029966,0.05
815,-77.75880645161281,2,0.5987023809523808,0.05
816,-74.86135483870926,0,0.7032857142857155,0.05
817,-130.13283870967732,1,0.7890840777791281,0.05
818,-94.78041935484032,0,0.8258763399384152,0.05
819,-102.04187096774196,0,0.8158363669940502,0.05
820,-68.66558064516154,0,0.6849144479047404,0.05
821,-128.7125161290339,1,0.7622481617853937,0.05
822,-92.0539032258074,0,0.7983783001468162,0.05
823,-72.3427741935488,0,0.6753315722750257,0.05
824,-83.82967741935495,2,0.529762485141768,0.05
825,-104.1708709677434,0,0.7832212358230372,0.05
826,-101.4745806451616,0,0.727282342319447,0.05
827,-107.80864516129022,0,0.824925839836292,0.05
828,-104.37996774193516,1,0.8451843778864947,0.05
829,-87.09770967741969,1,0.8102031120970719,0.05
830,-96.60158064516128,0,0.8475564400465808,0.05
831,-107.7155483870988,0,0.8163025906858368,0.05
832,-76.39435483870871,0,0.8740521309601502,0.05
833,-59.574806451612126,0,0.7952499782738307,0.05
834,-117.67735483871,0,0.7063501737408068,0.05
835,-99.72364516128914,0,0.8238690493715263,0.05
836,-91.65554838709656,1,0.7083131873361819,0.05
837,-94.31893548387094,0,0.7737027029451368,0.05
838,-26.290161290322608,0,0.1284057762483719,0.05
839,-93.23961290322373,0,0.8301894642857337,0.05
840,-101.81983870967495,0,0.8433948943013566,0.05
841,-92.18506451612836,0,0.8335357142857315,0.05
842,-96.02980645161288,0,0.8374523912351417,0.05
843,-94.94322580645249,0,0.8171190476265644,0.05
844,-62.937548387096655,1,0.5067857144391421,0.05
845,-74.85454838709681,0,0.7163690476190476,0.05
846,-61.58999999999936,0,0.8073490094920536,0.05
847,-50.59409677419284,0,0.7455357142857191,0.05
848,-46.164645161290586,0,0.11533333333333327,0.05
849,-65.9262903225806,0,0.8010586782421879,0.05
850,-94.2765161290308,0,0.848472905649228,0.05
851,-11.444903225806446,1,0.07741913353661489,0.05
852,-54.35922580645174,1,0.3064117535075454,0.05
853,-56.504999999998304,0,0.7501904761905389,0.05
854,-91.90606451612845,1,0.7289418858891192,0.05
855,-84.06429032258116,0,0.8063177761633127,0.05
856,-160.36141935483943,1,0.6233829405733755,0.05
857,-104.77783870967798,0,0.8485357142860885,0.05
858,-126.48632258064521,0,0.8272945457348204,0.05
859,-144.91638709677355,1,0.7399483375416321,0.05
860,-119.06422580645147,0,0.684600143391621,0.05
861,-90.4225806451617,0,0.8054685455605014,0.05
862,-76.26880645161323,0,0.7000238095575022,0.05
863,-84.1007096774202,0,0.8146937706103666,0.05
864,-64.0091612903231,0,0.8781193336079374,0.05
865,-107.68419354838764,0,0.871297259350597,0.05
867,-105.73309677419563,1,0.7668848690338184,0.05
868,-117.93406451613059,0,0.7981190476250662,0.05
869,-102.94967741935776,0,0.7981191848748795,0.05
870,-72.92916129032231,0,0.6275616359256283,0.05
871,-44.71325806451609,0,0.8197103923840672,0.05
872,-86.46354838709748,0,0.821786136822971,0.05
873,-52.903709677419926,0,0.8853690476190479,0.05
874,-71.88935483871018,0,0.685285947325135,0.05
875,-101.80841935483714,0,0.8365357152493396,0.05
876,-112.53290322580823,0,0.7974806521954394,0.05
877,-69.5900322580647,0,0.7384975099148725,0.05
878,-117.8039354838719,1,0.8039523955330259,0.05
879,-105.8778387096766,0,0.7905840667481058,0.05
880,-90.11183870967766,0,0.7838396934524484,0.05
881,-135.11374193548693,1,0.7762859234625029,0.05
882,-126.6490967741951,0,0.6839851215298988,0.05
883,-107.50522580645101,2,0.803201466490731,0.05
884,-111.56912903225667,0,0.7847027260647375,0.05
885,-56.93448387096715,0,0.7545668445024557,0.05
886,-104.92896774193557,0,0.7373173781547083,0.05
887,-109.29335483870993,0,0.7911276973313229,0.05
888,-50.103258064515835,0,0.7750585975952548,0.05
889,-70.4691935483868,0,0.7402134464756799,0.05
890,-103.96451612903437,0,0.7774523830959005,0.05
891,-113.36974193548552,0,0.7838803411213097,0.05
892,-122.13612903225797,0,0.7856302301781971,0.05
893,-77.10632258064594,0,0.8164523809718219,0.05
894,-116.95541935483969,0,0.7962931930061388,0.05
895,-112.74641935484046,0,0.7075238124852264,0.05
896,-135.6870645161287,1,0.6925795174718614,0.05
897,-90.15412903225817,0,0.8556190476190654,0.05
898,-109.00503225806587,0,0.8448610707862508,0.05
900,-56.9366129032257,1,0.37916168966638625,0.05
901,-79.18103225806459,0,0.7052108133612149,0.05
902,-97.5304516129031,0,0.8431587460993352,0.05
903,-96.63025806451488,0,0.7626504937258295,0.05
904,-81.76141935483868,1,0.7894523837678362,0.05
905,-85.59480645161265,1,0.7713690873509733,0.05
906,-107.08416129032564,1,0.8285357152803038,0.05
907,-101.76267741935709,0,0.8257023809983892,0.05
908,-63.50699999999836,0,0.771535714285714,0.05
909,-110.48232258064559,0,0.8184587457276874,0.05
910,-46.58858064516079,0,0.7541071428571455,0.05
911,-79.72912903225745,0,0.7630357142857884,0.05
912,-98.88290322580704,0,0.8163265662227074,0.05
913,-83.91835483871041,0,0.8283265188661908,0.05
914,-72.21693548387026,1,0.7725357928254135,0.05
915,-85.21529032258073,0,0.6846190476553436,0.05
916,-67.74535483871061,0,0.8283249949579156,0.05
917,-69.87041935483879,0,0.749703229576054,0.05
918,-120.8741290322576,2,0.7616190477137982,0.05
919,-100.39219354838713,1,0.8124278751449501,0.05
920,-96.72451612903255,0,0.8351215124231154,0.05
921,-101.75519354838937,0,0.8013693557195382,0.05
923,-98.62180645161388,0,0.8065123525379566,0.05
924,-58.55080645161254,0,0.6244666226574647,0.05
925,-114.34948387097027,0,0.8309605423205766,0.05
926,-84.75245161290435,0,0.6836468853988565,0.05
927,-82.38829032257992,1,0.7962023809523932,0.05
928,-67.70280645161326,0,0.8427030578491959,0.05
929,-53.13167741935322,0,0.7169633355853366,0.05
930,-103.50941935483831,1,0.8668297627209481,0.05
931,-97.77487096774313,2,0.7395357191326536,0.05
932,-79.48193548387103,0,0.8254525781688236,0.05
933,-86.50164516128963,0,0.8495763609072859,0.05
934,-92.87596774193628,2,0.8264153521707176,0.05
935,-103.52164516129045,0,0.7567033826701063,0.05
936,-144.78403225806363,1,0.7755371706286482,0.05
937,-78.85451612903219,0,0.7719706627298438,0.05
938,-83.43425806451677,0,0.8196356889922184,0.05
939,-60.225225806452436,0,0.793004436693354,0.05
940,-70.88670967741842,0,0.7107857142874945,0.05
941,-97.64735483870732,0,0.7744525764115141,0.05
942,-99.29916129032344,0,0.6136976333780844,0.05
943,-125.17887096774092,1,0.8238609354429984,0.05
944,-169.71216129031964,1,0.7728691779239968,0.05
945,-89.89709677419418,0,0.8384159317166888,0.05
946,-85.31132258064582,0,0.8047023831421795,0.05
947,-88.11361290322753,0,0.8546190476190473,0.05
948,-79.7514193548376,0,0.8269536827187365,0.05
949,-67.57177419354834,0,0.7507754625309525,0.05
950,-95.63909677419228,0,0.8554523809523823,0.05
951,-75.2230645161287,0,0.8243690476191616,0.05
952,-30.438387096774715,1,0.851722142857148,0.05
953,-81.13700000000004,1,0.728037036447644,0.05
954,-133.41064516128978,1,0.6930604874252547,0.05
955,-66.0102258064527,0,0.4736650822099952,0.05
956,-107.91067741935527,0,0.8000357589551668,0.05
957,-92.83312903225824,0,0.7441414148046546,0.05
958,-97.75054838709752,0,0.8357023810703461,0.05
959,-76.81748387096629,0,0.8332858835101287,0.05
960,-86.48012903225799,0,0.7744388493167013,0.05
961,-86.60467741935392,0,0.7982048673446415,0.05
962,-125.97345161290252,1,0.6495465531353022,0.05
963,-99.78522580645132,0,0.8306190557447953,0.05
964,-93.17548387096672,0,0.7978445762018211,0.05
965,-70.95506451612901,0,0.6637023934069639,0.05
966,-32.50061290322653,0,0.17324999190712687,0.05
967,-87.20341935483964,0,0.7279966291416066,0.05
968,-91.20235483870947,0,0.8078794822629628,0.05
969,-25.64477419354885,0,0.22736245360402374,0.05
970,-141.58264516128884,1,0.7854652857612967,0.05
971,-83.130451612904,0,0.7721190482290635,0.05
972,-127.24009677419544,1,0.7698955933861057,0.05
973,-83.0448387096772,0,0.6672519311795115,0.05
974,-83.36358064516206,0,0.7393899630477969,0.05
975,-121.37222580645185,0,0.7980360051582839,0.05
976,-100.45306451612939,0,0.7990293714532309,0.05
977,-93.97874193548365,1,0.8252035525051169,0.05
978,-98.69103225806657,0,0.8459539453227055,0.05
979,-101.10467741935352,0,0.8512045120415547,0.05
980,-88.01641935483794,1,0.8263083103547024,0.05
981,-108.89077419354852,1,0.7863559661819427,0.05
982,-67.54377419355009,0,0.863872128629431,0.05
983,-107.5562580645161,0,0.798478937437176,0.05
984,-87.34309677419209,0,0.8204811854974997,0.05
985,-92.8792903225805,0,0.7276190476198733,0.05
986,-100.02625806451616,0,0.8119523809547974,0.05
987,-109.4119677419364,0,0.7691153043698785,0.05
988,-106.45383870967692,0,0.8412023993369409,0.05
989,-70.27467741935291,0,0.8579210776463545,0.05
990,-103.75522580645357,0,0.8381309289383011,0.05
991,-126.48893548387161,1,0.7622573498424271,0.05
992,-91.77854838709743,0,0.8237023987952047,0.05
993,-81.85954838709667,0,0.8286734268085036,0.05
994,-46.86690322580504,0,0.8602857461928151,0.05
995,-131.85867741935695,2,0.7897177895795803,0.05
996,-101.63767741935553,1,0.8001190481244818,0.05
997,-103.98235483870972,0,0.8010165274501383,0.05
998,-76.86512903225892,0,0.857816796303382,0.05
999,-94.19451612903335,0,0.7689900928211119,0.05
1000,-104.11041935483814,0,0.8445303775381028,0.05
1001,-148.36580645161197,1,0.7383506668194801,0.05
1,-113.83867741935504,0,0.5119167286249319,0.7968000000000001
2,-142.25474193548405,0,0.5569638448708598,0.7936128
3,-146.61509677419346,0,0.5365433890582373,0.7904383488
4,-108.56638709677367,0,0.5341745288894253,0.7872765954048
5,-123.91512903225735,1,0.5356329945423665,0.7841274890231809
6,-111.27841935483892,0,0.5137633041276809,0.7809909790670881
7,-138.33177419354803,0,0.5708219927369073,0.7778670151508198
8,-87.08083870967702,0,0.530641064749536,0.7747555470902165
9,-140.96283870967727,0,0.5477340045124182,0.7716565249018555
10,-58.3300000000001,2,0.4795741665312934,0.7685698988022481
11,-86.41551612903164,0,0.5374337147742805,0.7654956192070391
12,-150.09332258064475,0,0.5278034596622057,0.762433636730211
13,-83.55658064516037,0,0.5563752527105849,0.7593839021832902
14,-98.94567741935452,0,0.566892248357747,0.756346366574557
15,-128.56903225806488,1,0.5469264019582792,0.7533209811082587
16,-46.03977419354822,0,0.410478735562063,0.7503076971838257
17,-139.28938709677408,1,0.5474126554773551,0.7473064663950905
18,-76.13819354838675,0,0.5624022063489367,0.7443172405295101
19,-139.14709677419168,0,0.5546543263274916,0.7413399715673921
20,-119.95625806451584,0,0.5191318347585578,0.7383746116811225
21,-89.12338709677407,1,0.4822153719463729,0.735421113234398
22,-121.76003225806492,0,0.540314732007508,0.7324794287814603
23,-77.74877419354799,0,0.5163579701565948,0.7295495110663346
24,-121.18887096774104,0,0.5763534260825315,0.7266313130220692
25,-83.90703225806482,0,0.5928227770351456,0.723724787769981
26,-46.33799999999979,0,0.48271976524049015,0.720829888618901
27,-137.24919354838693,1,0.5492974805247788,0.7179465690644253
28,-104.98074193548443,0,0.5859837456112437,0.7150747827881676
29,-139.98848387096763,2,0.5695691980753432,0.712214483657015
30,-116.3554838709673,1,0.5455315242407135,0.7093656257223869
31,-134.4798064516129,1,0.5745026690180458,0.7065281632194974
32,-120.96525806451598,1,0.527755585596194,0.7037020505666194
33,-139.0444838709674,0,0.5635546639517832,0.7008872423643528
34,-182.56703225806658,2,0.5604954465305322,0.6980836933948955
35,-131.38287096774167,0,0.5694055243387821,0.6952913586213159
36,-124.7859032258065,0,0.5660860692794096,0.6925101931868306
37,-141.20945161290334,0,0.5504618915949094,0.6897401524140833
38,-26.615419354838746,1,0.16007207748809638,0.686981191804427
39,-77.05222580645176,0,0.5639236166666121,0.6842332670372092
40,-90.68335483870956,0,0.5737339545985406,0.6814963339690605
41,-117.86448387096767,0,0.5091532643113357,0.6787703486331842
42,-160.7112258064508,0,0.5554911115853147,0.6760552672386515
43,-115.65125806451788,0,0.6088017532248815,0.6733510461696968
44,-136.47458064515945,0,0.5478032527524056,0.6706576419850181
45,-135.53787096774238,0,0.5893941601500625,0.667975011417078
46,-164.0051612903239,0,0.5754763097844343,0.6653031113714096
47,-137.0736451612901,0,0.5726589476776373,0.6626418989259241
48,-122.43141935483918,0,0.5840458605384297,0.6599913313302204
49,-41.99651612903192,0,0.3254235627431259,0.6573513660048995
50,-109.64106451612943,1,0.5832311852143938,0.6547219605408798
51,-132.16816129032017,0,0.5852838527628438,0.6521030726987163
52,-116.75425806451608,0,0.5895114316590965,0.6494946604079215
53,-122.97816129032235,0,0.5825760991990937,0.6468966817662898
54,-135.84732258064523,0,0.5648524050656456,0.6443090950392246
55,-126.43606451612938,0,0.5873545828788408,0.6417318586590677
56,-148.17174193548342,1,0.5745237476106444,0.6391649312244314
57,-126.3472580645162,1,0.5690830479458363,0.6366082714995337
58,-136.95306451612834,0,0.5891373008957662,0.6340618384135356
59,-127.51925806451594,0,0.6139516902892922,0.6315255910598814
60,-118.17719354838682,1,0.6293023498647745,0.6289994886956419
61,-143.6632258064516,0,0.5358170003708695,0.6264834907408594
63,-126.36841935483577,0,0.5960053483065756,0.6214816465507843
64,-130.54641935483892,0,0.554154935935165,0.6189957199645812
65,-117.36177419354809,0,0.6047512971995662,0.6165197370847229
66,-126.44829032257923,0,0.5960533044787407,0.6140536581363839
67,-132.08725806451642,0,0.621027880143115,0.6115974435038384
68,-120.4204838709686,1,0.6272745268709436,0.609151053729823
69,-104.31683870967744,1,0.6272920062165878,0.6067144495149037
70,-81.66519354838735,0,0.5230406560179581,0.6042875917168442
71,-127.01470967741898,0,0.6147735045705335,0.6018704413499768
72,-100.36132258064386,0,0.6193997546841669,0.5994629595845768
73,-101.50461290322566,1,0.6048678126532566,0.5970651077462386
74,-109.96564516129013,0,0.5288231028875056,0.5946768473152536
75,-85.19990322580655,0,0.513366317123016,0.5922981399259926
76,-106.35967741935485,0,0.6029360248222695,0.5899289473662885
77,-146.50999999999968,2,0.619035452861978,0.5875692315768234
78,-39.9799032258065,2,0.31333508588425035,0.5852189546505161
79,-112.74477419354832,0,0.49357959790525785,0.5828780788319141
80,-85.47932258064493,0,0.5403935750703807,0.5805465665165864
81,-77.77945161290378,0,0.6329924134183016,0.57822438025052
82,-107.66116129032257,0,0.6099754319017244,0.575911482729518
83,-131.94738709677452,0,0.5840912833011497,0.5736078367986
84,-65.94341935483847,1,0.44775290397386036,0.5713134054514055
85,-139.39225806451668,0,0.5905111071572434,0.5690281518295999
86,-69.17970967741961,1,0.6368475296027172,0.5667520392222815
87,-144.72719354838742,1,0.6132699019871709,0.5644850310653923
88,-31.417322580644917,0,0.5858026609641264,0.5622270909411308
89,-108.34377419354877,0,0.5643964916488665,0.5599781825773662
91,-116.1315806451606,0,0.6527808248583606,0.5555073167676685
92,-43.01296774193567,0,0.5885806946495353,0.5532852875005979
93,-98.67261290322632,0,0.672803996582877,0.5510721463505955
94,-113.22838709677256,0,0.6083599097030405,0.5488678577651931
95,-93.8845483870967,0,0.5677099828037242,0.5466723863341323
96,-112.74648387096931,0,0.5902644396339947,0.5444856967887958
97,-132.72725806451587,0,0.6097271338354108,0.5423077540016407
98,-65.23067741935478,2,0.3135955829154315,0.540138522985634
101,-148.24203225806457,1,0.5970853847419711,0.5336827527900443
102,-185.77209677419367,2,0.5960874582612593,0.531548021778884
103,-122.71306451612877,1,0.6256682515850753,0.5294218296917685
104,-112.3661935483866,0,0.606116726394206,0.5273041423730015
105,-112.349193548386,0,0.6287808713363441,0.5251949258035095
106,-64.64596774193558,0,0.5167913163818456,0.5230941461002954
107,-121.2657741935487,1,0.555699413526364,0.5210017695158943
108,-127.02264516129085,1,0.5682308507302374,0.5189177624378306
109,-102.57741935483841,1,0.5895207094768582,0.5168420913880793
110,-128.79103225806472,0,0.6202141730919419,0.514774723022527
111,-105.9884193548388,0,0.6305198664993394,0.5127156241304369
112,-34.5599999999999,0,0.44887831491022,0.5106647616339152
113,-144.59061290322538,1,0.6069659175404565,0.5086221025873795
114,-92.0021935483874,0,0.596035605663704,0.50658761417703
115,-106.01190322580672,0,0.6460100641121156,0.5045612637203218
116,-120.96035483870976,0,0.5881708911564392,0.5025430186654406
117,-126.76216129032393,0,0.6336773111454873,0.5005328465907788
118,-65.635870967742,0,0.45066193492354195,0.49853071520441566
119,-124.30599999999981,0,0.5748120264998023,0.49653659234359804
120,-126.9765483870967,0,0.6364321722355893,0.4945504459742236
121,-91.31880645161297,1,0.5267386345240905,0.49257224419032675
122,-122.00758064516106,1,0.5905615860726021,0.4906019552135654
123,-116.61887096774299,1,0.6501489988168064,0.48863954739271115
124,-27.37383870967754,0,0.23433217456573588,0.4866849892031403
125,-129.78416129032215,0,0.6671809180076415,0.4847382492463277
126,-45.108838709677556,0,0.5408035509228334,0.4827992962493425
127,-44.26303225806454,2,0.3923173054100247,0.4808680990643451
128,-102.54090322580643,2,0.5750267586316418,0.4789446266680877
129,-153.94058064516042,1,0.6108941267459748,0.47702884816141533
130,-56.151870967742084,0,0.40464613938278715,0.47512073276876965
131,-113.19148387096682,0,0.6507903445576918,0.4732202498376946
132,-125.84816129032234,0,0.6150429559650515,0.47132736883834386
133,-120.38106451612917,0,0.6427537560882816,0.46944205936299044
134,-148.4299677419352,2,0.5874889804429685,0.4675642911255385
135,-137.7150967741935,1,0.6272253751466356,0.46569403396103626
136,-137.03390322580563,0,0.5869013935150971,0.4638312578251922
137,-122.00758064515986,0,0.6898070759164873,0.4619759327938914
138,-103.91551612903218,2,0.5017911313911001,0.4601280290627158
139,-102.3880000000001,0,0.5813838012434636,0.4582875169464649
140,-157.60187096774243,4,0.6040935970531096,0.45645436687867913
141,-103.6352903225808,2,0.652024278534864,0.4546285494111644
142,-72.55338709677429,0,0.656155312955781,0.4528100352135197
143,-102.85093548387124,0,0.6304412738166918,0.45099879507266566
144,-106.96799999999985,0,0.6238084983863831,0.449194799892375
145,-124.20332258064448,0,0.6367760312440612,0.44739802069280543
146,-139.428612903226,1,0.6699442158060488,0.44560842861003425
147,-107.74658064516177,1,0.6555810849393859,0.4438259948955941
148,-87.81222580645156,0,0.6612762529961401,0.4420506909160118
149,-164.11722580645204,2,0.6227394604081892,0.44028248815234766
150,-129.6892903225807,0,0.6302479288681481,0.4385213581997383
151,-124.46399999999979,0,0.636082690325389,0.43676727276693933
152,-120.09600000000015,0,0.6473665370732887,0.4350202036758716
153,-79.06677419354827,0,0.6683136502717588,0.43328012286116807
154,-113.7316451612908,0,0.675986819450379,0.43154700236972343
155,-127.1344838709677,1,0.6389624408535156,0.42982081436024455
156,-111.77661290322659,0,0.6460979170606517,0.4281015311028036
157,-122.59409677419389,0,0.6575173452159834,0.4263891249783924
158,-118.86777419354782,0,0.6500952055492139,0.4246835684784787
159,-47.37145161290319,0,0.47240631636505026,0.42298483420456484
160,-147.34393548387283,1,0.6391360883896147,0.42129289486774657
161,-65.03200000000037,0,0.6779427163646421,0.41960772328827556
162,-130.61903225806424,0,0.6663318517401178,0.41792929239512255
163,-78.66606451612904,0,0.6912040988897172,0.416257575225542
164,-127.92841935483786,2,0.6736966116751832,0.41459254492463987
165,-44.3640322580644,0,0.3797057948028635,0.4129341747449413
166,-120.29077419354797,0,0.6602830352561517,0.4112824380459615
167,-79.42787096774153,1,0.6389096489866349,0.40963730829377765
168,-123.52641935483942,0,0.6221083397757582,0.40799875906060257
169,-53.93874193548456,0,0.6802265679042665,0.4063667640243601
170,-35.5076129032258,1,0.4440647102511903,0.4047412969682627
171,-117.32361290322581,1,0.6099257109656543,0.4031223317803896
172,-154.06229032258014,1,0.6561481645385016,0.40150984245326815
173,-81.03429032258036,1,0.4819045820791625,0.39990380308345497
174,-118.1766774193539,0,0.6550582766199456,0.3983041878711212
175,-119.48206451612967,0,0.6785013834723438,0.3967109711196367
176,-88.30487096774199,0,0.6063459892559808,0.39512412723515816
177,-120.89693548387035,0,0.65691364042065,0.3935436307262175
178,-105.90858064516114,1,0.6496679978043169,0.3919694562033127
179,-78.55241935483889,1,0.595802983865683,0.39040157837849937
180,-132.92699999999954,0,0.6608119906678385,0.3888399720649854
181,-55.42938709677465,3,0.601179776011764,0.3872846121767255
182,-51.96996774193565,0,0.4233321239266751,0.38573547372801853
183,-121.38190322580482,0,0.6563454249617195,0.3841925318331065
184,-130.61761290322636,1,0.6269229347721247,0.38265576170577403
185,-78.85096774193585,1,0.5762924603455672,0.3811251386589509
186,-128.73416129032304,2,0.6876179981305637,0.37960063810431516
187,-96.89116129032274,0,0.6342763813410669,0.3780822355518979
188,-113.42280645161216,0,0.6501446872563211,0.3765699066096903
190,-124.34377419354924,0,0.6261247839118795,0.3735633724753185
191,-117.83661290322604,0,0.6609567150594313,0.3720691189854173
192,-116.58470967742015,0,0.6380502727480661,0.3705808425094756
193,-102.73041935483832,0,0.6596522631688242,0.36909851913943764
194,-87.69212903225764,1,0.6724582177998896,0.36762212506287995
195,-108.98687096774182,1,0.6545404014366611,0.3661516365626284
196,-79.5458709677422,1,0.4839435457922056,0.36468703001637787
197,-97.159,0,0.7169400416390869,0.3632282818963124
198,-81.3908064516131,0,0.6863966621470026,0.3617753687687271
199,-69.2395483870959,0,0.6708053172897341,0.3603282672936522
200,-78.86554838709621,0,0.6729437889400901,0.3588869542244776
201,-37.178935483871136,0,0.2531353144286586,0.3574514064075797
202,-131.42916129032156,0,0.6779794682723164,0.3560216007819494
203,-111.63667741935411,0,0.6811357883822116,0.3545975143788216
204,-120.0355161290319,0,0.6990341143168615,0.35317912432130627
205,-58.822483870967524,1,0.48561519531997893,0.351766407824021
206,-136.8294193548391,0,0.7001287070126332,0.35035934219272497
207,-124.32009677419342,1,0.7022135793018206,0.34895790482395406
208,-36.20348387096791,0,0.625611471383343,0.34756207320465826
209,-82.7246774193553,0,0.6628753678027927,0.3461718249118396
210,-112.35832258064593,1,0.6599214991042425,0.34478713761219226
211,-82.42125806451592,2,0.5851496914872399,0.34340798906174347
212,-78.1631612903224,1,0.649978428789179,0.3420343571054965
213,-75.42196774193519,0,0.7172590170733675,0.3406662196770745
214,-43.186741935483674,0,0.5405545556395079,0.33930355479836627
215,-107.98561290322533,1,0.7330039904276545,0.3379463405791727
218,-77.290612903226,1,0.6763135656181225,0.3339071842880047
219,-153.80419354838753,1,0.6464110767877449,0.33257155555085266
220,-123.8039354838697,0,0.6560795298050307,0.3312412693286493
221,-82.83529032258066,1,0.5244227379809587,0.32991630425133467
222,-58.05667741935488,0,0.5276963936758788,0.32859663903432934
223,-121.43154838709447,0,0.6679317346092726,0.327282252478192
224,-102.9451935483856,0,0.6928835471591578,0.3259731234682792
225,-123.81480645161302,1,0.631029138835622,0.32466923097440614
226,-99.44264516129084,1,0.6744883326285815,0.3233705540505085
227,-112.00406451613185,0,0.6829313197270315,0.32207707183430645
228,-109.75506451612915,0,0.6872907869037949,0.3207887635469692
229,-159.48022580645045,2,0.6776915217081166,0.31950560849278137
230,-101.49067741935374,0,0.6597733823993218,0.3182275860588102
231,-89.16735483870944,0,0.6480319700768281,0.316954675714575
232,-51.33177419354885,0,0.6940666250837277,0.31568685701171667
233,-97.45693548387044,0,0.6570738247271787,0.3144241095836698
234,-100.74819354838723,1,0.6060011574216271,0.3131664131453351
235,-107.4560967741937,0,0.7185412635434502,0.3119137474927538
236,-144.89264516129043,0,0.6925283734475446,0.31066609250278276
237,-101.88377419354843,0,0.6582864323826737,0.3094234281327717
238,-35.100709677419275,0,0.4302705060739001,0.30818573442024055
239,-101.71945161290215,0,0.6172161681198589,0.3069529914825596
240,-102.57648387096583,0,0.6977272953064241,0.30572517951662936
241,-92.39932258064542,0,0.6756880744689021,0.30450227879856284
242,-80.69277419354817,0,0.6228470650814437,0.3032842696833686
243,-140.69729032258098,1,0.7376931374491797,0.3020711326046351
244,-60.95283870967728,0,0.6246263845784529,0.3008628480742166
245,-135.76751612903283,0,0.6833552323501105,0.29965939668191965
246,-105.7947419354835,0,0.6800671376187924,0.298460759095192
247,-117.01529032258098,0,0.7028059919712463,0.2972669160588112
248,-101.10990322580581,0,0.7401900070214635,0.296077848394576
249,-34.208677419354984,0,0.40880597292666376,0.2948935370009977
250,-95.50890322580653,0,0.7142339512291406,0.29371396285299367
251,-141.1439677419329,0,0.7180825476142345,0.2925391070015817
252,-69.53419354838715,0,0.7245782642737937,0.2913689505735754
253,-95.36496774193665,0,0.6212017453936127,0.2902034747712811
254,-106.4155806451606,1,0.7342259974964288,0.289042660872196
255,-93.68929032258087,0,0.6901980843367032,0.2878864902287072
256,-89.32412903225817,1,0.5061137110260293,0.2867349442677924
257,-105.24906451612853,0,0.696039626868103,0.2855880044907212
258,-36.10000000000001,0,0.3482867002588192,0.28444565247275827
259,-67.41458064516105,3,0.6412639329451674,0.28330786986286727
260,-122.03132258064564,1,0.6133846562911849,0.2821746383834158
262,-108.53161290322466,0,0.6688335786271872,0.27992175607056263
263,-123.68683870967718,0,0.7196315095222918,0.27880206904628035
264,-73.0636451612897,0,0.5816991915165588,0.27768686077009525
265,-87.72945161290401,1,0.7441424665378912,0.2765761133270148
266,-105.16538709677482,0,0.7204177300936733,0.2754698088737068
267,-121.39745161290249,0,0.715275380584813,0.27436792963821194
268,-90.96012903225773,0,0.6832592681895249,0.2732704579196591
269,-99.90761290322658,1,0.68405173214915,0.2721773760879805
270,-89.73709677419382,0,0.7096193489317908,0.2710886665836285
271,-73.37509677419364,1,0.6042318860684034,0.27000431191729407
272,-111.66880645161308,1,0.6943380296013708,0.2689242946696248
273,-122.87345161290496,0,0.7312065239336258,0.26784859749094636
274,-103.73580645161245,1,0.7183657821257239,0.2667772031009826
275,-119.24748387096824,0,0.7278199400739048,0.2657100942885786
276,-110.47403225806418,0,0.7103111352435595,0.26464725391142435
277,-96.26480645161311,0,0.7527390112701358,0.2635886648957786
278,-120.29535483870912,0,0.7228160415755361,0.2625343102361955
279,-146.00722580645254,2,0.6882612772962269,0.26148417299525073
280,-142.80680645161183,0,0.693438753873384,0.26043823630326973
281,-120.87387096774074,0,0.6717728895181029,0.2593964833580566
282,-92.70416129032228,4,0.7031173208694445,0.2583588974246244
283,-114.8502903225821,0,0.7325083159493919,0.2573254618349259
284,-135.6199677419359,1,0.615618913775969,0.2562961599875862
285,-162.15345161290287,3,0.676517514945731,0.2552709753476358
286,-99.81045161290389,0,0.7691510796854919,0.2542498914462453
287,-88.03419354838714,1,0.6991869577308498,0.25323289188046033
288,-64.35416129032265,1,0.5926096619219816,0.2522199603129385
289,-84.75603225806444,1,0.6794422458760246,0.2512110804716867
290,-92.63619354838741,0,0.7089787816245218,0.25020623614980003
291,-95.62045161290291,0,0.6511101731715739,0.2492054112052008
292,-124.34267741935598,0,0.7702516319212896,0.24820858956037997
293,-84.57212903225832,0,0.694962216539228,0.24721575520213845
294,-143.99851612903205,1,0.7161565532341175,0.2462268921813299
295,-125.47751612903329,0,0.7319592318632712,0.24524198461260457
296,-214.75364516129076,4,0.5693059190562599,0.24426101667415417
297,-85.67551612903135,0,0.761038471971926,0.24328397260745757
298,-104.38606451612962,0,0.7470254194516972,0.2423108367170277
299,-48.595741935483844,0,0.6914805776243063,0.24134159337015962
300,-107.2900645161295,0,0.7698804057297913,0.240376226996679
301,-162.11645161290235,2,0.6346341624922432,0.23941472208869224
302,-97.2820322580663,0,0.6504381373796413,0.23845706320033747
303,-114.1060967741933,0,0.6974086772064467,0.2375032349475361
304,-96.91967741935547,0,0.7623769972150818,0.23655322200774598
305,-109.50638709677321,0,0.7277364821373451,0.235607009119715
306,-106.38580645161333,0,0.7002880932076436,0.23466458108323615
307,-133.01829032258044,0,0.6944786666436482,0.23372592275890322
308,-128.97948387096864,1,0.7258428412595593,0.2327910190678676
309,-126.48829032257756,0,0.7389011253231731,0.23185985499159611
310,-121.46035483870988,0,0.7228609928569119,0.23093241557162975
311,-66.12903225806451,0,0.7041371447968199,0.2300086859093432
312,-149.1951290322578,1,0.6548305950860718,0.22908865116570581
313,-66.47887096774186,0,0.5552415384244973,0.22817229656104301
314,-71.25070967741964,0,0.467766715658204,0.22725960737479883
315,-105.5852903225809,0,0.7286102066275518,0.22635056894529965
316,-68.31212903225791,0,0.6414290086521454,0.22544516666951844
317,-165.9506451612899,2,0.6577907826052697,0.22454338600284035
318,-45.937096774193094,0,0.6811900751995779,0.22364521245882898
319,-93.115612903226,1,0.5383774186018867,0.2227506316089937
320,-102.30099999999973,0,0.6533287878385495,0.22185962908255774
321,-128.7422580645154,0,0.6859857402226271,0.22097219056622747
322,-87.60541935483735,0,0.7364820768373281,0.22008830180396255
323,-157.59903225806136,0,0.674997474228118,0.21920794859674675
324,-106.05532258064558,0,0.6928571876591461,0.21833111680235973
325,-42.627129032257606,0,0.7593173676265805,0.2174577923351503
326,-116.10009677419389,1,0.6721155038262925,0.2165879611658097
327,-124.06532258064718,0,0.7393507501395494,0.21572160932114645
328,-46.804580645160236,0,0.707502788421825,0.21485872288386187
329,-102.3716451612898,0,0.7401048519169352,0.2139992879923264
330,-113.77116129032258,0,0.7492860585501567,0.2131432908403571
331,-31.946677419354913,0,0.3008236131471845,0.21229071767699567
332,-78.27329032258079,0,0.6320129648100086,0.2114415548062877
333,-114.55470967742096,0,0.7745997731673167,0.21059578858706254
334,-78.32303225806463,1,0.6835296639300327,0.20975340543271428
336,-171.0094193548392,2,0.6401203804458023,0.2080787342437395
337,-116.9501290322592,0,0.7579715070814002,0.20724641930676457
338,-115.81422580645305,0,0.6998979884517866,0.20641743362953746
339,-106.40167741935552,2,0.70124512751948,0.20559176389501932
340,-85.90725806451532,0,0.6083389690575401,0.20476939683943926
341,-95.02954838709769,1,0.7516456617721875,0.20395031925208149
342,-82.77258064516217,0,0.7562893260607988,0.20313451797507318
343,-89.05354838709695,0,0.7191390515940445,0.2023219799031729
344,-79.16538709677393,1,0.6670507253735714,0.2015126919835602
345,-95.17396774193573,1,0.7018712760998829,0.20070664121562595
346,-89.718161290323,0,0.7580644183869406,0.19990381465076346
347,-116.35558064516157,0,0.771905742830194,0.1991041993921604
348,-99.68603225806278,0,0.7564179854877828,0.19830778259459175
349,-60.150258064516066,0,0.7049534008878443,0.19751455146421337
350,-101.08851612903275,0,0.7511795215191249,0.1967244932583565
351,-110.69638709677517,0,0.7894963537649323,0.1959375952853231
352,-79.61570967742021,0,0.7441936969945988,0.1951538449041818
353,-133.383516129033,1,0.73482990524996,0.19437322952456507
354,-88.93209677419257,0,0.7428106782637904,0.1935957366064668
355,-113.76903225806483,0,0.7643211159594606,0.19282135366004094
356,-81.00977419354797,0,0.6530525223354371,0.19205006824540077
357,-183.72422580645093,2,0.6575653822263539,0.1912818679724192
358,-89.54093548387075,1,0.7330103857487825,0.1905167405005295
359,-63.39893548387099,0,0.5054572058908849,0.18975467353852737
360,-85.06567741935582,0,0.7423341116135357,0.18899565484437328
361,-109.7649677419355,1,0.7121876964781826,0.18823967222499577
362,-85.56912903225903,0,0.7031094888047792,0.1874867135360958
363,-101.15796774193508,0,0.7612059174914569,0.1867367666819514
364,-79.5341290322581,0,0.7349568463879034,0.1859898196152236
365,-89.00429032258164,0,0.6477567907731786,0.1852458603367627
366,-88.89490322580639,1,0.6622672424696449,0.18450487689541564
367,-3.003580645161287,0,0.03220725493311119,0.183766857387834
368,-94.29419354838687,2,0.7604680897871388,0.18303178995828265
369,-112.46493548387059,1,0.6511439872486473,0.18229966279844953
370,-83.59096774193607,0,0.6847938701821938,0.18157046414725572
371,-109.09577419354784,0,0.7868720242725628,0.1808441822906667
372,-108.69293548387077,0,0.7661789945363531,0.18012080556150403
373,-119.10480645161418,0,0.7467252303299301,0.179400322339258
374,-124.36829032258179,1,0.7634791091808836,0.178682721049901
375,-117.7204516129033,1,0.7348024364744338,0.1779679901657014
377,-103.10922580645155,1,0.7351149831923968,0.17654709373221844
378,-115.40851612903171,0,0.6782764299976074,0.17584090535728955
379,-101.31900000000064,0,0.7552604201011154,0.17513754173586038
380,-68.13532258064507,1,0.5273210800337336,0.17443699156891695
381,-115.41358064516238,0,0.7165157367724789,0.17373924360264126
382,-98.83254838709745,0,0.6269006718736068,0.1730442866282307
383,-114.66374193548418,0,0.7378148162897322,0.17235210948171778
384,-86.87064516129074,0,0.7064084115338068,0.17166270104379092
386,-78.64835483870972,1,0.5730791503670899,0.17029214603865728
387,-106.57490322580763,0,0.7154469781262791,0.16961097745450265
388,-89.7601612903218,0,0.5661412854141539,0.16893253354468463
389,-100.5246129032258,0,0.7310577084526124,0.16825680341050592
390,-89.56183870967715,0,0.6854063202482463,0.16758377619686388
391,-122.06858064516004,1,0.7283095775635959,0.16691344109207643
392,-100.75216129032198,0,0.6088771304746307,0.16624578732770812
394,-124.41780645161181,1,0.7086152100842924,0.1649184809616837
395,-87.35712903225719,1,0.7618612578933586,0.16425880703783696
396,-92.47987096774268,1,0.652929933449015,0.1636017718096856
397,-106.78267741935548,0,0.646366491470343,0.16294736472244686
398,-106.6855483870978,0,0.7895037649371733,0.1622955752635571
399,-94.82816129032041,0,0.7182730333573478,0.16164639296250286
400,-135.21822580645144,0,0.757693833710218,0.16099980739065284
401,-101.25954838709625,0,0.7214168866587657,0.16035580816109024
402,-61.03316129032266,0,0.797466807997628,0.15971438492844586
403,-113.41983870967682,0,0.7482676027239622,0.1590755273887321
404,-75.28638709677433,1,0.7450542316412908,0.15843922527917717
405,-67.72538709677288,0,0.743337045360131,0.15780546837806045
406,-91.47293548387093,0,0.7578690509368926,0.1571742465045482
407,-106.61903225806417,1,0.711156762142936,0.15654554951853
408,-102.87309677419363,0,0.7709995493987322,0.1559193673204559
409,-69.75606451612926,0,0.6530779563622578,0.15529568985117406
410,-93.29532258064555,0,0.6913631575860762,0.15467450709176936
411,-93.85203225806514,0,0.724874368890636,0.1540558090634023
412,-131.5554193548388,2,0.6934601085619672,0.15343958582714867
413,-114.78283870967805,0,0.746517736200558,0.1528258274838401
414,-115.26622580644903,0,0.7373025753906498,0.15221452417390471
415,-96.1682903225806,0,0.7488929580840248,0.1516056660772091
416,-88.50658064516179,0,0.6504374892587382,0.15099924341290027
417,-57.90493548387043,0,0.7402956390534843,0.15039524643924868
418,-103.29858064516229,0,0.7622789888002778,0.14979366545349168
420,-125.25019354838471,0,0.7199102560684059,0.14859771282851097
421,-98.72670967741931,0,0.7502002860779369,0.14800332197719696
422,-146.4749677419352,1,0.7094868039899747,0.14741130868928817
423,-96.96399999999848,0,0.7351255480248942,0.14682166345453102
424,-116.6264516129027,0,0.7579284719030716,0.14623437680071288
426,-45.95383870967744,1,0.32275085966005745,0.14506684153633598
427,-93.74954838709733,2,0.7472387173216087,0.14448657417019065
428,-91.74258064516131,0,0.7407857267296741,0.14390862787350986
429,-102.8651935483858,0,0.7748992755952644,0.14333299336201585
431,-117.64345161290457,1,0.7461357503444175,0.1421886227430135
432,-73.07451612903208,0,0.6926351626795626,0.14161986825204145
433,-75.60403225806425,0,0.788937756884677,0.14105338877903328
434,-41.59854838709642,0,0.5440255877949652,0.14048917522391716
435,-99.49029032257984,0,0.7263639882685495,0.13992721852302148
436,-60.09451612903226,0,0.49916369402857147,0.13936750964892938
437,-74.84135483870926,0,0.783168852248378,0.13881003961033367
438,-72.45490322580507,0,0.6949783658937696,0.13825479945189234
439,-93.52296774193451,0,0.7227857992033063,0.13770178025408478
440,-84.03512903225794,0,0.7102916342930883,0.13715097313306843
441,-114.5192258064505,2,0.7436505410677325,0.13660236924053615
442,-125.96322580645358,1,0.7764601868347392,0.136055959763574
443,-84.78777419354822,0,0.727611075901786,0.1355117359245197
444,-89.94922580645023,0,0.6898186256507405,0.13496968898082162
445,-91.69745161290165,0,0.8181169906418778,0.13442981022489836
446,-49.482645161290144,0,0.6088783431129786,0.13389209098399876
447,-70.48122580645176,0,0.8132857348832256,0.13335652262006276
448,-99.98241935483884,0,0.7370363476418244,0.13282309652958252
449,-89.03958064516226,0,0.6947798393544324,0.13229180414346417
450,-87.27883870967737,1,0.7281300129681432,0.13176263692689033
451,-25.300645161290475,0,0.09765833247252144,0.13123558637918276
452,-80.39712903225812,0,0.5107951077766415,0.13071064403366603
453,-104.61306451612845,0,0.7602062157223026,0.13018780145753137
454,-162.2172258064518,3,0.6991416959182258,0.12966705025170125
455,-90.46774193548355,0,0.8385259298527977,0.12914838205069443
456,-86.78351612903246,0,0.6742063736403616,0.12863178852249166
457,-115.87477419355027,0,0.8017574775305506,0.1281172613684017
458,-98.77616129032303,0,0.7650521407725939,0.12760479232292807
459,-62.80745161290293,0,0.7205711934270617,0.12709437315363636
460,-146.0962580645146,2,0.7607864538935376,0.12658599566102183
461,-41.890290322580356,0,0.23458293620904955,0.12607965167837773
462,-119.97890322580845,0,0.7676571278340353,0.1255753330716642
463,-80.51022580645161,0,0.7803495564116436,0.12507303173937756
464,-73.74438709677435,1,0.6325904827944392,0.12457273961242006
465,-116.64329032257892,0,0.7997040811356417,0.12407444865397038
466,-105.00193548387134,0,0.7845472335502841,0.12357815085935449
467,-70.5324838709676,0,0.7490220875837019,0.12308383825591707
468,-101.26461290322294,0,0.8201084940170551,0.1225915029028934
469,-113.39696774193266,0,0.7804296759413486,0.12210113689128184
470,-58.999774193548554,0,0.5555888006958173,0.12161273234371671
471,-136.08293548387067,1,0.719754608227928,0.12112628141434184
472,-99.4270322580657,0,0.7230076003183238,0.12064177628868447
473,-118.68858064515757,0,0.7914826256945386,0.12015920918352972
474,-55.0580645161295,0,0.8277411822483065,0.1196785723467956
475,-99.9672258064517,0,0.8231192357901221,0.11919985805740843
476,-87.67493548387041,0,0.7585810051655398,0.11872305862517879
477,-105.0077741935496,0,0.8008971813468959,0.11824816639067809
478,-96.18406451612806,0,0.8060024646441833,0.11777517372511537
479,-94.76054838709743,2,0.7605521034882161,0.11730407303021491
480,-71.02916129032313,0,0.7997858314497941,0.11683485673809405
481,-124.61903225806329,1,0.792070453023451,0.11636751731114166
482,-106.0036774193547,1,0.7677292628521949,0.11590204724189711
483,-117.43974193548297,1,0.7572237267220946,0.1154384390529295
484,-77.49306451612922,1,0.7872131757012889,0.11497668529671778
485,-39.64709677419367,1,0.33387791661072436,0.11451677855553091
486,-49.449741935483765,0,0.7746278254252004,0.1140587114413088
487,-27.72790322580644,0,0.2919827427016814,0.11360247659554357
488,-113.61929032257996,1,0.7126190597538073,0.11314806668916139
489,-30.54758064516126,0,0.5165782458145495,0.11269547442240474
490,-87.98167741935588,0,0.7498315984132717,0.11224469252471513
491,-102.68806451613008,0,0.7113292919914475,0.11179571375461626
492,-123.51558064516068,1,0.714856968911751,0.1113485308995978
493,-105.07187096774436,0,0.7984750323598336,0.11090313677599939
494,-95.86567741935411,0,0.7531313047879631,0.1104595242288954
495,-126.63051612903247,1,0.7752315537620246,0.11001768613197982
496,-74.37258064516129,0,0.5566735722977363,0.10957761538745191
497,-89.43645161290193,0,0.7989553798313858,0.1091393049259021
498,-87.94238709677452,0,0.686046694779751,0.10870274770619848
499,-105.96006451612975,0,0.7073727383736176,0.1082679367153737
500,-102.59687096774162,0,0.7171868506763099,0.1078348649685122
501,-135.87341935483911,2,0.6881362136683151,0.10740352550863815
502,-64.61177419354861,0,0.6365889110752918,0.1069739114066036
503,-87.40403225806433,0,0.7591774482703704,0.10654601576097718
504,-100.6897096774199,1,0.7113365069370585,0.10611983169793326
505,-88.65064516129063,1,0.7437039826307901,0.10569535237114154
506,-24.593709677419504,0,0.1244017894270075,0.10527257096165697
507,-129.98483870967777,0,0.712780262352728,0.10485148067781035
508,-105.07945161290239,0,0.8198526069721536,0.10443207475509911
509,-83.3144516129035,0,0.688715142582882,0.10401434645607871
510,-133.88648387096697,1,0.664230129227242,0.1035982890702544
511,-146.39296774193573,2,0.6225711696505456,0.10318389591397337
512,-77.07177419354812,0,0.6831083659662123,0.10277116033031748
513,-70.4810000000002,1,0.7476697299307182,0.10236007568899622
514,-121.11987096774317,0,0.782465516944376,0.10195063538624022
515,-86.17932258064563,0,0.7093091733735075,0.10154283284469526
516,-142.78012903225672,1,0.7521715254755715,0.10113666151331649
517,-140.43700000000166,0,0.7244263558797833,0.10073211486726322
518,-117.12280645161299,0,0.7228381497050512,0.10032918640779416
519,-82.93032258064507,0,0.819142515502586,0.099927869662163
520,-47.999548387095835,0,0.6169047977629053,0.09952815818351433
521,-101.4584838709679,0,0.6056972591706252,0.09913004555078027
522,-93.20261290322473,0,0.7732025206984824,0.09873352536857716
523,-84.79416129032121,1,0.7710803581611252,0.09833859126710284
524,-62.67303225806457,0,0.7641229804917313,0.09794523690203444
525,-69.86919354838689,0,0.5988317621810698,0.0975534559544263
526,-95.75851612903081,0,0.827652793545738,0.09716324213060859
527,-65.60409677419338,1,0.7638906410958127,0.09677458916208614
528,-114.42022580644887,0,0.7937120916902302,0.0963874908054378
529,-81.53719354838681,0,0.7812035531509298,0.09600194084221605
530,-115.95738709677288,1,0.6550913910777356,0.0956179330788472
531,-110.94893548387172,1,0.6992943632344903,0.09523546134653181
532,-86.34722580645247,1,0.7175945756557007,0.09485451950114568
533,-53.68096774193486,0,0.7559668194594483,0.09447510142314108
534,-104.51396774193547,0,0.7068690479408509,0.09409720101744852
535,-94.580096774195,0,0.850211756034626,0.09372081221337873
536,-93.77483870967568,0,0.6180271561401226,0.09334592896452522
537,-118.13983870967597,1,0.6078116742000647,0.09297254524866712
538,-43.34435483870975,0,0.44370144719712906,0.09260065506767245
540,-94.13048387096691,0,0.7998690519506908,0.09186133143761216
541,-125.79506451613038,1,0.7689492141994276,0.09149388611186171
542,-110.93458064516338,0,0.8041925299007534,0.09112791056741426
543,-95.61374193548029,0,0.8432861564904368,0.0907633989251446
544,-123.19983870967835,0,0.7827360075307028,0.09040034532944402
545,-99.54403225806414,0,0.7025957369078842,0.09003874394812623
546,-24.884064516129158,0,0.1404999513092871,0.08967858897233373
547,-105.1595483870975,0,0.6860118840093739,0.0893198746164444
548,-70.6810322580641,0,0.7174981628411411,0.08896259511797862
549,-99.51774193548394,1,0.8248406231144054,0.08860674473750671
550,-82.88980645161308,0,0.8118438060350827,0.08825231775855669
551,-94.46590322580568,0,0.7841085510451999,0.08789930848752246
552,-88.42458064515947,1,0.7810158765791211,0.08754771125357236
553,-100.81487096774238,1,0.6473571624940375,0.08719752040855808
554,-95.00883870967638,0,0.782281595059315,0.08684873032692385
555,-121.78748387096796,2,0.7134523964501198,0.08650133540561615
556,-105.94603225806515,0,0.7213692759098684,0.08615533006399367
557,-112.56799999999879,0,0.7305563605627515,0.08581070874373771
558,-83.71048387096742,0,0.7843319577245437,0.08546746590876275
559,-84.26199999999973,1,0.7422619240314018,0.0851255960451277
560,-124.31474193548416,0,0.6519573234756143,0.08478509366094719
561,-36.02125806451612,0,0.559093728817585,0.0844459532863034
562,-107.32293548387275,0,0.7594067338027634,0.08410816947315819
563,-101.19464516128947,0,0.7429559609468865,0.08377173679526556
564,-123.42238709677237,0,0.7763224816002574,0.0834366498480845
565,-99.84661290322516,0,0.7729623434775814,0.08310290324869216
566,-38.409580645161284,0,0.8462023862958173,0.08277049163569739
567,-90.70403225806481,0,0.7682652547137035,0.0824394096691546
568,-105.54825806451673,0,0.7834223382647016,0.08210965203047799
569,-173.35599999999786,1,0.7117924862251641,0.08178121342235606
570,-87.87725806451583,0,0.7282313546089852,0.08145408856866665
572,-92.84793548387064,0,0.7729524163227449,0.0808037591255344
573,-91.01641935483858,1,0.7642026438199859,0.08048054408903227
574,-56.936451612903596,0,0.6790248975427166,0.08015862191267614
575,-103.52496774193598,1,0.8019524933814332,0.07983798742502543
576,-115.43329032258136,0,0.7967923342627076,0.07951863547532534
577,-103.16025806451597,0,0.7707857142857446,0.07920056093342404
578,-49.916387096773704,0,0.825792129365724,0.07888375868969033
579,-99.22467741935245,0,0.7834263237665834,0.07856822365493157
580,-99.39748387096839,0,0.7833364373486986,0.07825395076031184
581,-32.529903225806635,0,0.2605128769400703,0.0779409349572706
582,-100.65709677419464,0,0.7513523714753,0.07762917121744152
583,-102.34409677419431,1,0.7230622919280899,0.07731865453257175
584,-114.62490322580648,2,0.8121574092371531,0.07700937991444146
585,-93.43896774193422,0,0.792803039578985,0.0767013423947837
586,-100.73719354838657,0,0.7698690503392472,0.07639453702520456
587,-78.67738709677496,1,0.6977801667608488,0.07608895887710375
588,-119.82748387096811,0,0.7580461333900264,0.07578460304159533
589,-95.86051612903256,0,0.7070413573191103,0.07548146462942895
591,-119.51348387097002,0,0.8129532117905043,0.07487882061582758
592,-97.75948387096813,0,0.767119139469492,0.07457930533336427
593,-98.81109677419407,0,0.6721902389869661,0.07428098811203081
594,-90.09693548387114,0,0.6358204308970784,0.07398386415958269
595,-109.09758064516309,0,0.8303730773559909,0.07368792870294437
596,-90.5804516129021,0,0.7166914148497338,0.07339317698813258
597,-24.60896774193555,0,0.12449944520283088,0.07309960428018006
598,-114.66496774193648,1,0.7065338024780263,0.07280720586305933
599,-114.45606451612592,0,0.8067762576423401,0.07251597703960709
600,-86.80996774193538,0,0.7917456009628893,0.07222591313144866
601,-115.67099999999847,1,0.7446418586838683,0.07193700947892287
602,-62.297548387096406,3,0.721038492826398,0.07164926144100718
603,-88.62467741935576,0,0.763372024050986,0.07136266439524315
604,-84.31041935483881,0,0.7460562530986135,0.07107721373766217
605,-78.90432258064399,0,0.6762857151448903,0.07079290488271153
607,-101.12712903225783,0,0.7572029061312541,0.07022769433012796
608,-81.05819354838526,0,0.7544789442153589,0.06994678355280745
609,-55.35067741935557,1,0.8200885728538183,0.06966699641859622
610,-111.61609677419501,0,0.700702618219752,0.06938832843292184
611,-80.87967741935437,0,0.7960637825648618,0.06911077511919014
612,-93.93041935483947,0,0.785718313207738,0.06883433201871339
613,-149.84451612903086,1,0.8104667007091344,0.06855899469063853
614,-87.2673870967737,1,0.7922322345940035,0.06828475871187598
615,-107.74719354838672,0,0.7687899261135535,0.06801161967702847
616,-100.74641935483999,0,0.7685406319457134,0.06773957319832036
617,-112.77570967741994,0,0.7678001594205757,0.06746861490552707
618,-82.21435483871008,1,0.7915410200485665,0.06719874044590497
619,-71.83354838709622,0,0.7902754124040051,0.06692994548412134
621,-93.22964516129021,1,0.7537030134548377,0.06639557679937612
622,-99.9520000000027,0,0.8522311859132038,0.06612999449217861
623,-46.03529032258113,0,0.35803522858268705,0.0658654745142099
624,-114.68874193548525,0,0.8237446291028008,0.06560201261615306
625,-78.47519354838622,0,0.5750439618006447,0.06533960456568845
626,-111.53945161290264,0,0.7887873261296722,0.06507824614742569
627,-68.98990322580448,0,0.857035802680839,0.064817933162836
628,-98.90519354838773,0,0.8112482617889569,0.06455866143018466
629,-85.33664516129004,0,0.7494523932436352,0.0643004267844639
630,-120.60980645161303,1,0.7735002687817296,0.06404322507732606
631,-99.50200000000132,0,0.7657598330506618,0.06378705217701675
632,-55.865774193548354,1,0.7340361937631951,0.06353190396830868
633,-103.23022580645168,0,0.8262029940338347,0.06327777635243545
634,-119.50174193548179,1,0.8639628218086712,0.0630246652470257
635,-112.08390322580607,0,0.7710485194689408,0.06277256658603761
637,-129.2991935483872,0,0.7651545958194315,0.06227139041441468
638,-75.16951612903104,0,0.7910436482546824,0.06202230485275702
639,-100.24829032258152,2,0.7714590770809221,0.06177421563334599
640,-94.86254838709662,0,0.7387023817321197,0.06152711877081261
641,-96.80567741935373,0,0.7452081845540789,0.061281010295729355
642,-93.15532258064398,0,0.6819214757417775,0.06103588625454644
643,-121.58335483871063,2,0.7844904994459875,0.06079174270952825
644,-78.53206451613005,0,0.7832858200122329,0.06054857573869014
645,-108.50074193548507,0,0.7117262584016654,0.060306381435735384
646,-77.7314516129031,0,0.7217547105012426,0.06006515590999243
647,-93.74958064516207,0,0.8088690476249388,0.059824895286352466
648,-73.4732903225802,0,0.8447892894187475,0.05958559570520705
649,-25.839129032258207,0,0.0873960850843838,0.05934725332238623
650,-96.8398064516127,0,0.8543416432371149,0.059109864309096684
651,-69.64948387096727,0,0.7399533301739213,0.05887342485186029
652,-66.49383870967748,0,0.4118715906406024,0.05863793115245285
653,-91.07664516129054,0,0.8207857142857142,0.058403379427843044
654,-84.87412903225848,0,0.6982857875031409,0.05816976591013167
655,-116.46777419354734,1,0.7958756058979884,0.05793708684649114
656,-83.17429032258083,1,0.7963690476190481,0.057705338499105176
657,-88.25906451612914,2,0.6584285504384473,0.05747451714510876
658,-78.04306451612968,0,0.7703690665056698,0.05724461907652833
659,-103.6381612903215,1,0.7683716315779904,0.05701564060022221
661,-121.77487096774338,0,0.7695877242047791,0.05656042772567004
662,-115.61180645161366,1,0.8168988133478514,0.056334186014767355
664,-57.887645161289285,0,0.783961441818117,0.05588441387362545
665,-48.18380645161334,0,0.6174169639189702,0.055660876218130956
666,-102.75296774193579,0,0.812641933326285,0.05543823271325843
667,-72.97941935483827,1,0.8246379870438076,0.055216479782405396
668,-48.51577419354858,0,0.43624725513104606,0.054995613863275776
669,-115.92477419354792,1,0.7903513139750632,0.05477563140782267
670,-89.81758064516107,0,0.8195585129052129,0.05455652888219137
671,-101.38770967742201,0,0.8337024565199999,0.054338302766662606
672,-75.98238709677335,1,0.8287663011102263,0.05412094955559596
673,-76.36529032258068,0,0.6809500144636561,0.05390446575737358
674,-75.0422580645155,0,0.7299613573409865,0.05368884789434408
675,-101.6703548387095,2,0.8370861203264855,0.053474092502766704
676,-124.20961290322744,1,0.8039524398585784,0.053260196132755636
677,-74.55945161290359,1,0.6419408899167809,0.05304715534822462
678,-105.02777419354837,0,0.7859835866205402,0.05283496672683172
679,-108.35619354838724,0,0.763619599191029,0.05262362685992439
680,-86.54358064516225,0,0.8453691242998367,0.052413132352484695
681,-101.11274193548446,0,0.8180819251146005,0.05220347982307475
682,-104.03264516128993,0,0.8557857143062645,0.05199466590378246
684,-50.92983870967725,0,0.3540709854351023,0.05157954049120666
685,-93.56783870967533,0,0.8563690476193164,0.05137322232924183
686,-91.27967741935541,0,0.710633049735124,0.05116772943992486
687,-95.17158064516097,1,0.7852298876280964,0.050963058522165164
688,-33.348838709677494,3,0.26139586915341734,0.0507592062880765
689,-121.10538709677502,0,0.8437067652506884,0.0505561694629242
690,-61.59812903225841,0,0.7042920168822024,0.05035394478507249
691,-110.30758064516266,0,0.8417089456182912,0.0501525290059322
692,-101.10941935483747,0,0.777785714285943,0.05
693,-93.6708709677407,0,0.7523164670284163,0.05
694,-149.41416129032345,2,0.716478909253574,0.05
695,-121.28903225806414,1,0.7786820781474355,0.05
696,-83.85638709677323,0,0.6911412470289853,0.05
697,-79.27303225806496,0,0.7822343235416733,0.05
698,-79.47751612903284,0,0.7918773350754119,0.05
699,-96.40212903225938,0,0.8016190778853062,0.05
700,-97.47225806451559,0,0.7544523817454011,0.05
701,-91.31306451612838,0,0.7702023809696908,0.05
702,-88.03077419354655,0,0.7732857142857147,0.05
704,-86.31012903225746,0,0.7406673338461212,0.05
705,-110.39883870967753,1,0.7754542769566418,0.05
706,-94.6221290322581,0,0.8219566344496235,0.05
707,-101.96209677419182,0,0.8265358341176017,0.05
708,-93.66667741935325,0,0.8653690480257236,0.05
709,-122.1266129032261,1,0.7734579595695102,0.05
710,-103.06661290322714,0,0.842535775864555,0.05
711,-90.97354838709718,0,0.7798012482203537,0.05
712,-88.68951612903246,0,0.8103733137557978,0.05
713,-102.98341935483732,0,0.8160243488005747,0.05
714,-99.15425806451508,0,0.8652857142857158,0.05
715,-40.57919354838734,3,0.5110898782884155,0.05
716,-96.11419354838839,0,0.7898611332909422,0.05
717,-59.503451612903,0,0.6313702492356515,0.05
719,-68.76916129032243,0,0.5644523939613659,0.05
720,-60.27025806451591,0,0.606655816064744,0.05
721,-108.50751612903231,0,0.8345357142857142,0.05
722,-84.51287096774169,0,0.6864316439471919,0.05
723,-62.178129032255825,0,0.805285754650429,0.05
724,-117.45851612903435,0,0.8281284229094927,0.05
725,-86.17674193548567,1,0.8077023809612446,0.05
726,-34.02690322580626,0,0.46780165579707955,0.05
727,-108.38664516129049,0,0.7503393202225525,0.05
728,-93.9077741935488,0,0.8228608975912278,0.05
729,-116.4749999999994,0,0.7075461584714621,0.05
730,-97.33325806451538,1,0.8490385652492485,0.05
731,-71.3142903225814,1,0.7113690480550631,0.05
732,-39.851612903226034,0,0.7517750332242523,0.05
734,-95.96932258064474,0,0.8135364634110683,0.05
735,-138.23783870967839,1,0.6903319721546786,0.05
736,-94.42748387096772,0,0.7874524141153206,0.05
737,-97.65835483871054,0,0.833570973270501,0.05
738,-69.53499999999742,0,0.7920289141473276,0.05
739,-87.92525806451681,0,0.7893690667630996,0.05
740,-86.91303225806448,0,0.7517858502356551,0.05
741,-60.46764516129088,0,0.7856524088483864,0.05
742,-113.28838709677434,0,0.8069911178426071,0.05
743,-94.15277419354888,0,0.8507857144036822,0.05
744,-138.76454838709532,1,0.7439285502428651,0.05
745,-92.68438709677417,0,0.7794523811474368,0.05
746,-67.99667741935443,1,0.5945357928254795,0.05
747,-97.77845161290391,1,0.7931204868655012,0.05
748,-124.35774193548394,3,0.7708027317564339,0.05
749,-77.25441935483882,1,0.6580633280460186,0.05
750,-78.46041935483885,2,0.7429880517857136,0.05
751,-107.7645161290329,0,0.745811512308253,0.05
752,-76.57606451612936,3,0.8235552613125193,0.05
753,-99.65664516128872,0,0.8384524359502445,0.05
754,-49.73825806451631,0,0.608285714285714,0.05
755,-105.97667741935621,0,0.7860701171826289,0.05
756,-74.03245161290319,2,0.7659988980873462,0.05
757,-73.88341935483943,0,0.7852860721045337,0.05
758,-64.13199999999931,1,0.8487857876473199,0.05
759,-129.4508064516129,2,0.8485979240046312,0.05
760,-97.48229032258118,0,0.7727616005080231,0.05
761,-96.67696774193601,0,0.8346193557196223,0.05
762,-101.47661290322338,0,0.7584809798691659,0.05
763,-127.35612903225723,1,0.8514385237263967,0.05
764,-46.8213548387105,0,0.8039523809542349,0.05
765,-137.48209677419234,0,0.8182023809523814,0.05
766,-101.04025806451601,1,0.752149944053969,0.05
767,-95.38216129032207,1,0.6953743815642017,0.05
768,-74.89267741935512,0,0.8192023809534154,0.05
769,-102.84629032258327,0,0.821808372182017,0.05
770,-38.62735483870871,0,0.5003810623063978,0.05
771,-100.9101290322597,0,0.8169756805810704,0.05
772,-104.96987096774238,0,0.8173474139341753,0.05
773,-77.86264516129042,0,0.7699524821945264,0.05
774,-83.11390322580603,0,0.7817035563143958,0.05
775,-134.6575161290329,1,0.7107675513205703,0.05
776,-99.8471612903225,0,0.8589523866479358,0.05
777,-77.94935483871097,0,0.7929529238637222,0.05
778,-42.25838709677309,0,0.7243297089738456,0.05
779,-77.4370967741939,1,0.7926727110604548,0.05
780,-95.44712903225917,0,0.7990489355342,0.05
781,-84.17248387096892,0,0.8357033294715771,0.05
782,-108.09899999999882,0,0.7259528120929091,0.05
783,-145.3223870967738,2,0.7908827921062616,0.05
784,-53.400612903224946,1,0.7738586357228971,0.05
785,-47.6830645161293,1,0.4064894105280541,0.05
786,-47.431064516128835,0,0.6108592131046031,0.05
787,-99.53622580645137,1,0.8447708260810476,0.05
788,-104.07512903225675,0,0.7964274926588979,0.05
789,-101.56558064516099,0,0.8278690731444481,0.05
790,-94.30716129032378,0,0.820287610288736,0.05
791,-64.65445161290323,1,0.5145904744942229,0.05
792,-84.87835483871032,0,0.7985357142857142,0.05
793,-71.32754838709677,0,0.5682857143415561,0.05
794,-21.944999999999737,0,0.40131799321713635,0.05
795,-123.84358064516077,1,0.816371758907525,0.05
796,-92.4130645161294,1,0.8472023857658223,0.05
797,-74.74712903225804,0,0.7363332310759745,0.05
798,-84.54619354838476,0,0.8091280276304872,0.05
799,-71.05648387096821,0,0.6070357142857145,0.05
800,-93.07751612903238,0,0.7863690481003225,0.05
801,-97.17500000000038,0,0.8145357142907532,0.05
802,-132.4885161290313,0,0.7712157893094684,0.05
803,-97.7031290322571,0,0.826202381061321,0.05
804,-93.98670967741921,0,0.7961190480268009,0.05
805,-64.43925806451608,0,0.7039640556041677,0.05
806,-119.73858064516068,1,0.8125285556153049,0.05
807,-90.7629999999988,0,0.8370803441062186,0.05
808,-66.18887096774232,0,0.6483690559148905,0.05
809,-85.17022580645151,1,0.6667407097848905,0.05
810,-116.84229032258139,0,0.820369047886752,0.05
811,-107.76738709677284,0,0.8242023809523974,0.05
812,-107.13622580645199,2,0.7810927756866379,0.05
813,-86.53800000000027,2,0.7260432967243761,0.05
814,-69.05196774193548,2,0.8077450841447668,0.05
815,-89.89454838709578,0,0.7297222495613752,0.05
816,-64.42509677419318,2,0.6527877562401121,0.05
817,-156.5767419354846,2,0.7475400125279236,0.05
818,-134.8771612903237,2,0.7945524455125595,0.05
819,-96.7334838709686,0,0.839957707875986,0.05
820,-69.3511290322584,0,0.7050011191164555,0.05
821,-102.38051612903179,0,0.8254887991282376,0.05
822,-91.36961290322466,0,0.8010431088147407,0.05
823,-62.87916129032145,0,0.7766504721862888,0.05
824,-50.837548387096675,1,0.6056507670851443,0.05
825,-99.95300000000185,0,0.8317023837849409,0.05
826,-89.39351612903248,0,0.7597127887727048,0.05
827,-104.00470967741849,0,0.8079523809524012,0.05
828,-104.94851612903079,0,0.8511720086195422,0.05
829,-74.4266774193537,1,0.8570118486636087,0.05
830,-74.29638709677512,0,0.8741296713046744,0.05
831,-74.61564516128853,0,0.8722023809605988,0.05
832,-76.63687096774045,0,0.8780357171737643,0.05
833,-61.6158387096775,0,0.6483690505066947,0.05
834,-129.3432580645161,0,0.7888694429274082,0.05
835,-90.33638709677413,0,0.7961190476232586,0.05
836,-98.08996774193693,0,0.7218692743890801,0.05
837,-81.00216129032272,0,0.6570769902591408,0.05
838,-46.6112580645163,0,0.7813571428582258,0.05
839,-78.70074193548318,0,0.8560357142857151,0.05
840,-99.4793225806427,0,0.8700357169537146,0.05
841,-95.54358064516039,0,0.8034229712075274,0.05
842,-83.79274193548356,1,0.8793690476194288,0.05
843,-92.08496774193532,0,0.8630822997036216,0.05
844,-63.81264516129014,1,0.5517884228581589,0.05
845,-86.6569677419347,0,0.7862857166269671,0.05
846,-88.7822580645166,1,0.7282671931679329,0.05
847,-57.39238709677427,0,0.7711419330357142,0.05
848,-46.59880645161317,0,0.12991666666666637,0.05
849,-90.09745161290338,0,0.801210551332201,0.05
850,-99.10290322580494,0,0.8439524564716633,0.05
851,-16.575354838709757,0,0.07599939076423137,0.05
852,-33.39319354838747,1,0.3601240811016946,0.05
853,-52.97616129032159,0,0.8482029475248531,0.05
854,-90.46912903225792,1,0.7587077901316778,0.05
855,-116.2369032258064,1,0.750481051137242,0.05
856,-51.132516129032254,0,0.7571190503152565,0.05
857,-140.35948387096965,1,0.7741793219119238,0.05
858,-128.35364516129002,0,0.7905591716097613,0.05
859,-87.82277419354892,0,0.8479283678184092,0.05
860,-91.29487096774162,1,0.6519367342795018,0.05
861,-90.69480645161224,0,0.8194350466384017,0.05
862,-68.06438709677379,0,0.7614525501766544,0.05
863,-71.34032258064508,0,0.8629523831166207,0.05
864,-62.08258064516207,0,0.8851190476190983,0.05
865,-116.20161290322582,0,0.8719619723157064,0.05
866,-96.1922903225817,0,0.7038795197640104,0.05
867,-85.35345161290238,0,0.7930029435069492,0.05
868,-113.13838709677472,0,0.8310230292158506,0.05
869,-104.9757419354811,0,0.7964523817637573,0.05
870,-67.43854838709694,1,0.542742731995587,0.05
871,-46.51793548387098,0,0.8077888544507317,0.05
872,-102.2309999999998,0,0.7982587794549036,0.05
873,-60.49748387096742,0,0.871285714285714,0.05
874,-70.399903225806,0,0.6658690483697294,0.05
875,-107.68003225806292,0,0.804535714285762,0.05
876,-105.08732258064762,0,0.825398054885078,0.05
877,-72.36525806451583,0,0.7460410011113323,0.05
878,-55.11609677419271,0,0.8783691388002159,0.05
879,-110.82180645161148,0,0.7827885999759484,0.05
880,-127.02019354838775,1,0.8198099985596706,0.05
881,-143.8324838709689,1,0.7391264747906905,0.05
882,-118.44896774193528,0,0.7341015744128345,0.05
883,-69.49777419354801,0,0.8703690476190485,0.05
884,-109.59467741935401,0,0.778581499536487,0.05
885,-53.83706451612955,0,0.7862026933843425,0.05
886,-101.67029032258093,0,0.7716621938701137,0.05
887,-101.88670967741628,0,0.782489220168001,0.05
888,-82.54519354838736,0,0.8492771816170349,0.05
889,-79.53019354838797,1,0.7827857145326806,0.05
890,-105.09493548387194,0,0.768720282565246,0.05
891,-117.62512903225968,0,0.7578580401319228,0.05
892,-121.50548387096782,0,0.7579686793774989,0.05
893,-80.44638709677402,0,0.7607902504294773,0.05
894,-111.94190322580752,0,0.8360721031201536,0.05
895,-105.11990322580813,0,0.6998690674182806,0.05
896,-121.70661290322617,1,0.719509570530727,0.05
897,-134.20977419354816,2,0.7957035984767263,0.05
898,-123.81251612903363,0,0.7584593229912917,0.05
900,-61.71883870967748,1,0.34076738422304065,0.05
901,-61.099483870967866,4,0.650563862636567,0.05
902,-109.01654838709875,0,0.8228860090323757,0.05
903,-96.70264516129005,0,0.7917674784528133,0.05
904,-84.65061290322559,0,0.7905357142857161,0.05
905,-92.5650000000004,0,0.760369047619077,0.05
906,-124.66864516128982,1,0.7662110402158347,0.05
907,-100.82883870967797,0,0.7972857169818353,0.05
908,-65.56177419354684,0,0.7401904762141052,0.05
909,-116.85583870967741,0,0.761369049245758,0.05
910,-49.112451612903016,1,0.7847253780443865,0.05
911,-95.6763870967757,0,0.7391521388107924,0.05
912,-81.09387096774199,0,0.7389541195963364,0.05
913,-79.65629032258194,0,0.8102023809523801,0.05
914,-73.65903225806406,0,0.7057815505443725,0.05
915,-94.4350645161308,0,0.6893690476190474,0.05
916,-68.21316129032326,0,0.7914901038803617,0.05
917,-61.23390322580612,0,0.7687032921722182,0.05
918,-103.21306451612894,0,0.7785386315570811,0.05
919,-99.4660645161279,0,0.8037861698142229,0.05
920,-100.88954838709721,0,0.8368169021499446,0.05
921,-101.19706451613023,0,0.7515478143974218,0.05
923,-102.4534193548395,0,0.8005398202896669,0.05
924,-58.11193548387096,1,0.5772912590336999,0.05
925,-112.13729032258026,0,0.8341193476259862,0.05
926,-85.32974193548442,0,0.7247297399816472,0.05
927,-75.43674193548325,0,0.7773690967063751,0.05
928,-69.08661290322642,0,0.8292024041889784,0.05
929,-60.11393548387039,1,0.6903510777856924,0.05
930,-103.30980645161297,0,0.8307857142857141,0.05
931,-84.8458709677422,2,0.7152877978055207,0.05
932,-77.81409677419485,0,0.834202893886611,0.05
933,-92.67819354838527,0,0.8414937536898663,0.05
934,-88.35445161290401,0,0.8462334747023809,0.05
935,-106.27270967742022,1,0.7843131877614384,0.05
936,-148.46087096774025,1,0.7599176101942616,0.05
937,-81.12903225806448,0,0.7604523809767676,0.05
938,-84.08009677419396,0,0.8077053401165686,0.05
939,-58.28851612903325,0,0.8677857318104988,0.05
940,-74.46287096774216,1,0.7765457662770022,0.05
941,-99.70003225806192,0,0.7935357142869522,0.05
942,-93.11354838709657,4,0.6772326320521166,0.05
943,-101.83183870967892,0,0.8410378440914246,0.05
944,-131.32393548387216,0,0.8226347913783766,0.05
945,-87.267387096775,2,0.8512724079474091,0.05
946,-86.09958064516248,0,0.8113708944420892,0.05
947,-90.84654838709851,1,0.8545672200279517,0.05
948,-89.7704516129022,1,0.8301196399144329,0.05
949,-79.24651612903195,1,0.7688179654402302,0.05
950,-95.02887096774153,0,0.8623690476190472,0.05
951,-77.55032258064502,0,0.798456631028481,0.05
952,-90.80306451612847,0,0.8213810572486444,0.05
953,-83.46458064516062,2,0.7550098714624339,0.05
954,-103.44441935483812,0,0.7046058099311605,0.05
955,-65.91835483871081,0,0.4865805214211787,0.05
956,-103.6822580645182,0,0.8206285337127209,0.05
957,-64.0522258064514,0,0.7304976430113973,0.05
958,-79.24238709677365,0,0.8675708000244216,0.05
959,-104.98499999999888,1,0.7257694418982029,0.05
960,-79.05116129032069,0,0.7992871269274304,0.05
961,-97.71316129032395,0,0.7638441639277723,0.05
962,-87.64987096774142,1,0.6838700341522751,0.05
963,-105.64606451612839,1,0.8299745785514294,0.05
964,-71.95029032258074,1,0.8334115812316599,0.05
966,-34.35803225806402,0,0.28927754910991194,0.05
967,-82.81638709677433,0,0.7341190476208648,0.05
968,-98.61990322580543,1,0.8097546247429389,0.05
969,-24.9959354838714,0,0.20285714283074952,0.05
970,-127.7728709677417,1,0.7975758624037392,0.05
971,-90.82509677419306,0,0.7606353895682274,0.05
972,-95.11383870967485,0,0.834869084953738,0.05
973,-90.34554838709509,0,0.6687857143111167,0.05
974,-88.51580645161307,0,0.7316190476190559,0.05
975,-120.44874193548358,0,0.8081287573047405,0.05
976,-99.48703225806595,1,0.8176190476190477,0.05
977,-99.00312903225617,0,0.7885672176316136,0.05
978,-83.23387096774113,0,0.6596435397686728,0.05
979,-108.42019354838607,0,0.8292859668888676,0.05
980,-97.52229032258151,1,0.8137278663585582,0.05
981,-71.6794193548393,1,0.7776759967720595,0.05
982,-67.14058064516146,0,0.8546200370383406,0.05
983,-109.83493548387116,1,0.8428901938433917,0.05
984,-84.60932258064469,0,0.7282928409814727,0.05
985,-104.70783870967809,0,0.7663721286307281,0.05
986,-98.42716129032306,0,0.8341943448508976,0.05
987,-109.27625806451768,0,0.794702114483995,0.05
988,-108.42641935484045,0,0.8351508183442913,0.05
989,-74.29870967741897,0,0.8079687991886217,0.05
990,-88.17335483871027,0,0.8419525459459704,0.05
991,-84.83416129032338,0,0.8248070180598694,0.05
992,-84.28025806451573,2,0.7747865008249489,0.05
993,-84.85880645161296,0,0.8080357144637836,0.05
994,-67.6025806451615,2,0.670464181910766,0.05
995,-102.11490322580656,0,0.8329523809523949,0.05
996,-138.0803225806438,3,0.7991034755581649,0.05
997,-103.00487096774326,0,0.7948298513295876,0.05
998,-106.82935483870743,1,0.7909828612259789,0.05
999,-89.05312903225835,0,0.7650357147769575,0.05
1000,-123.59754838709725,2,0.8041281714318964,0.05
1001,-127.21122580645327,0,0.7228509843791592,0.05
