683325,262.2126666666667,26,16.292151115299642,1.0252490994853674,0.7968000000000001,579.0
683326,25.05533333333334,1,28.580375968018046,0.901890392366764,0.7936128,98.0
683327,476.716000000001,28,10.344888594766804,1.0889243485936468,0.7904383488,879.0
683328,272.2586666666665,22,17.980642970678527,1.0222677237873954,0.7872765954048,643.0
683329,78.30266666666671,6,25.83077263206781,0.9936946594707365,0.7841274890231809,215.0
683330,15.728666666666673,1,28.5,0.8249323670542326,0.7809909790670881,58.0
683331,202.27200000000002,18,19.06243056376552,1.0355449013030833,0.7778670151508198,445.0
683332,324.3626666666673,18,18.593040100683613,1.071090664627807,0.7747555470902165,689.0
683333,41.59266666666669,1,28.527409522315907,0.9334790018350971,0.7716565249018555,141.0
683334,299.01466666666664,19,17.9098947561833,1.0981664970538765,0.7685698988022481,612.0
683335,19.05999999999999,1,28.579710144927535,0.845437042824931,0.7654956192070391,69.0
683336,361.0506666666669,29,13.471985058586228,1.079494463286193,0.762433636730211,703.0
683337,409.86,28,11.956254407855987,1.100515504579672,0.7593839021832902,790.0
683338,308.23733333333394,16,17.9153745762747,1.1289886837955379,0.756346366574557,591.0
683339,23.669999999999987,1,28.654761904761905,0.7970700319752824,0.7533209811082587,84.0
683340,281.8653333333338,15,21.03426059268662,1.1084395764202069,0.7503076971838257,601.0
683341,432.99533333333335,28,15.933107468317877,1.0754414216315518,0.7473064663950905,839.0
683342,116.89666666666669,9,23.816498294526557,0.9622249203701534,0.7443172405295101,320.0
683343,261.8006666666664,27,12.210970089399172,1.0945418116740044,0.7413399715673921,474.0
683344,17.494,1,28.532258064516128,0.7571613333891847,0.7383746116811225,62.0
683345,403.8266666666679,24,15.664825466106395,1.118073227237582,0.735421113234398,677.0
683346,559.7119999999993,25,13.617575661894328,1.1292503559093223,0.7324794287814603,1122.0
683347,352.7533333333341,24,15.813058816730397,1.074257368214358,0.7295495110663346,682.0
683348,549.8013333333321,20,14.630313018076382,1.126889862241487,0.7266313130220692,1200.0
683349,136.95066666666673,13,19.627177581838477,1.0483962222801482,0.723724787769981,305.0
683350,147.04866666666672,10,23.169648063940446,0.9965531607418664,0.720829888618901,409.0
683351,319.26066666666645,13,22.952157940171915,1.0972595989563083,0.7179465690644253,743.0
683352,33.74000000000001,2,28.032637357289513,0.8912635977810142,0.7150747827881676,118.0
683353,440.1960000000007,30,11.716162570786718,1.1556973246488484,0.712214483657015,716.0
683354,17.406666666666663,1,28.553846153846155,0.7706903660989546,0.7093656257223869,65.0
683355,47.063333333333375,1,28.78459142654412,0.746839438421208,0.7065281632194974,143.0
683356,451.48800000000074,28,14.292182425604455,1.1527162427976303,0.7037020505666194,817.0
683357,196.06266666666673,11,22.50632278301386,1.1516398293158328,0.7008872423643528,422.0
683358,728.2006666666665,22,12.077736086871704,1.2406141215788364,0.6980836933948955,1200.0
683359,364.36400000000066,17,20.625990623552312,1.1512895797374108,0.6952913586213159,839.0
683360,21.85733333333333,1,28.613333333333333,0.7936773478577316,0.6925101931868306,75.0
683361,342.18466666666706,18,18.378217850094476,1.2147969350602523,0.6897401524140833,652.0
683362,437.97400000000073,28,12.18207764808582,1.2107455263752909,0.686981191804427,711.0
683363,352.18199999999933,17,18.83171097413564,1.211248094157268,0.6842332670372092,649.0
683364,200.15800000000002,17,18.32647322858266,1.2028236449323282,0.6814963339690605,407.0
683365,528.501333333333,26,12.369579935483198,1.2368715166285493,0.6787703486331842,766.0
683366,314.1000000000004,15,21.158188024166463,1.1709123498948637,0.6760552672386515,619.0
683367,496.08466666666584,27,11.873579369170404,1.241770947857908,0.6733510461696968,776.0
683368,125.86466666666685,5,26.300468944122258,1.0236162660403272,0.6706576419850181,335.0
683369,409.9140000000001,24,13.154551419815744,1.225306156016556,0.667975011417078,625.0
683370,314.44666666666626,26,14.655716084234646,1.137748786705794,0.6653031113714096,655.0
683371,18.718666666666675,1,28.553846153846155,0.9509850567282575,0.6626418989259241,65.0
683372,360.10866666666743,20,16.785267517345662,1.1625200630449362,0.6599913313302204,674.0
683373,507.144666666667,23,15.133526409983613,1.277550214969119,0.6573513660048995,912.0
683374,457.17666666666497,20,16.3364590012466,1.280471746257107,0.6547219605408798,727.0
683375,328.9293333333332,19,16.021351835925778,1.2561834932835205,0.6521030726987163,568.0
683376,527.7180000000008,30,10.262935140744899,1.2757393758322662,0.6494946604079215,784.0
683377,738.462666666669,25,13.903951249748973,1.2808251205707284,0.6468966817662898,1200.0
683378,246.52933333333323,26,11.830586013947338,1.0894461500818688,0.6443090950392246,463.0
683379,538.643333333333,28,10.526371458349365,1.2750636149272385,0.6417318586590677,814.0
683380,960.5386666666707,28,5.147834107276984,1.2905667088927673,0.6391649312244314,1200.0
683381,199.20933333333346,14,19.944847844578437,1.2358637067273432,0.6366082714995337,412.0
683382,46.27399999999996,4,26.062817277580535,0.8108829259000941,0.6340618384135356,136.0
683383,286.39933333333374,25,12.94867830076667,1.225404629957106,0.6315255910598814,494.0
683384,643.6706666666686,22,13.660831057437546,1.305566846751585,0.6289994886956419,940.0
683385,956.1866666666721,26,7.618742135846657,1.3059967289981937,0.6264834907408594,1200.0
683386,246.897333333334,10,21.96411114599201,1.2361025612224599,0.6239775567778959,556.0
683387,519.697333333333,29,10.472621117387261,1.2522339859464127,0.6214816465507843,804.0
683388,414.50133333333184,27,15.420892825495384,1.1942348208533995,0.6189957199645812,735.0
683389,414.6153333333342,26,13.520363525679425,1.2542899785608017,0.6165197370847229,640.0
683390,492.41333333333233,24,15.733580758422645,1.2998549537609436,0.6140536581363839,914.0
683391,344.53,24,15.188573456692229,1.2350865864428573,0.6115974435038384,641.0
683392,414.132,29,13.77807334662084,1.2319767109161568,0.609151053729823,696.0
683393,734.8186666666644,30,9.79029622166752,1.2681471665375827,0.6067144495149037,1077.0
683394,468.6120000000001,24,15.93662475030788,1.2412361141314496,0.6042875917168442,800.0
683395,523.8346666666647,26,13.073083759648604,1.2696956904557624,0.6018704413499768,789.0
683396,27.477333333333327,2,27.252808988764,0.7872221882180399,0.5994629595845768,89.0
683397,350.06533333333357,25,12.791642973934133,1.2365185432377657,0.5970651077462386,571.0
683398,768.3713333333351,20,12.341805752710235,1.326178284775486,0.5946768473152536,1200.0
683399,339.8973333333328,19,16.53104734647242,1.3054088283309844,0.5922981399259926,571.0
683400,343.30400000000037,21,17.693651270931063,1.174934382229815,0.5899289473662885,634.0
683401,351.6540000000004,28,14.95671511387038,1.1944074498233845,0.5875692315768234,620.0
683402,374.44866666666667,18,18.418929974229297,1.270353048795122,0.5852189546505161,598.0
683403,364.77400000000006,28,12.712547258991139,1.2963841367292863,0.5828780788319141,574.0
683404,447.5273333333344,21,17.257410601739313,1.249950255611076,0.5805465665165864,819.0
683405,310.6786666666669,23,13.515807519566069,1.2135935198474581,0.57822438025052,528.0
683406,196.29866666666666,10,23.99745155511325,0.983142186173492,0.575911482729518,558.0
683407,293.21599999999967,16,18.047095910422094,1.3296595215063158,0.5736078367986,536.0
683408,829.0839999999937,20,12.239344569880029,1.3847484687870861,0.5713134054514055,1200.0
683409,365.5493333333337,28,8.552032940105088,1.2319637740911487,0.5690281518295999,533.0
683410,260.3600000000002,15,20.025071176150018,1.2402487656214085,0.5667520392222815,544.0
683411,337.91733333333366,23,13.888183686992145,1.289930869880875,0.5644850310653923,521.0
683412,198.32266666666658,25,13.108187237798528,1.2590879213119266,0.5622270909411308,356.0
683413,317.80866666666714,26,12.31577047610677,1.247859702692924,0.5599781825773662,473.0
683414,802.8686666666628,21,13.302837589448517,1.2628223853441203,0.5577382698470568,1200.0
683415,437.57466666666636,23,13.844656519503602,1.3513680472804006,0.5555073167676685,734.0
683416,289.6406666666664,18,17.410827546635602,1.3069938448848437,0.5532852875005979,492.0
683417,185.43666666666692,21,16.709474250547622,1.2514707088727022,0.5510721463505955,327.0
683418,647.8213333333341,28,12.46217806868279,1.3409434912290545,0.5488678577651931,986.0
683419,453.1013333333332,26,11.76430832606885,1.3060880792607037,0.5466723863341323,670.0
683420,600.1659999999961,10,20.189572981774955,1.4126242005067386,0.5444856967887958,1200.0
683421,545.3940000000007,30,12.2094376855148,1.294101458202518,0.5423077540016407,856.0
683422,412.2586666666666,27,8.732710082152204,1.2856540509165915,0.540138522985634,582.0
683423,44.79133333333333,2,27.11876100774726,0.7094959800346834,0.5379779688936915,133.0
683424,299.9220000000004,30,11.233978317608841,1.2618142856130556,0.5358260570181167,521.0
683425,904.206000000007,28,7.654085073924701,1.3746584906572217,0.5336827527900443,1200.0
683426,244.2679999999999,23,11.989982955239276,1.288673382733642,0.531548021778884,357.0
683427,203.6960000000001,16,16.326217606664724,1.281009220557423,0.5294218296917685,325.0
683428,562.1146666666671,28,9.963874545844517,1.3581934243119946,0.5273041423730015,729.0
683429,398.5019999999996,24,13.232932892692485,1.3051568596790626,0.5251949258035095,681.0
683430,399.30066666666664,29,9.380396321352796,1.2630757487425828,0.5230941461002954,595.0
683431,463.606666666666,27,8.431718393772215,1.3485109559846191,0.5210017695158943,602.0
683432,547.0953333333347,27,9.332427953104254,1.3923511428867628,0.5189177624378306,771.0
683433,205.6213333333334,27,8.873104317680047,1.1599689001698539,0.5168420913880793,328.0
683434,466.0253333333329,27,9.184764276681113,1.3874057137401883,0.514774723022527,649.0
683435,265.4653333333338,23,11.608999347843486,1.3664265949107173,0.5127156241304369,450.0
683436,324.0966666666657,22,12.37086268297151,1.389164866803071,0.5106647616339152,520.0
683437,537.1559999999993,28,11.29129893304708,1.350768388813564,0.5086221025873795,861.0
683438,871.5193333333316,30,9.477181583470387,1.4305317761153467,0.50658761417703,1131.0
683439,944.5893333333428,22,10.462553466199113,1.4449504682808014,0.5045612637203218,1200.0
683440,698.8006666666633,22,11.636842470191416,1.4221091101511285,0.5025430186654406,948.0
683441,125.6213333333333,8,22.159443629591678,1.1854106940815226,0.5005328465907788,320.0
683442,452.5400000000013,19,14.930730369972226,1.3805561151729153,0.49853071520441566,711.0
683443,455.0213333333336,28,7.530628589464286,1.3732641583465872,0.49653659234359804,577.0
683444,200.3879999999998,21,13.600819904497195,1.326818712001649,0.4945504459742236,335.0
683445,356.2659999999991,26,8.50445317318517,1.2898503893311621,0.49257224419032675,513.0
683446,241.29133333333368,20,15.786629245060913,1.3402871032041357,0.4906019552135654,415.0
683447,265.6426666666667,20,14.657090038031301,1.3455781893753738,0.48863954739271115,406.0
683448,1122.7546666666713,27,5.154279966341074,1.493101934425858,0.4866849892031403,1200.0
683449,456.21066666666843,26,9.55127959536565,1.430023014961182,0.4847382492463277,624.0
683450,1015.1273333333457,22,9.12364171405684,1.4448553693292154,0.4827992962493425,1200.0
683451,795.3853333333348,23,8.493820172692612,1.456975896598564,0.4808680990643451,1200.0
683452,425.79866666666874,24,11.353342608735538,1.3356502095247034,0.4789446266680877,575.0
683453,495.8826666666661,25,12.807743942127987,1.407714220569524,0.47702884816141533,832.0
683454,418.8833333333337,25,10.718054765779103,1.3581907205014392,0.47512073276876965,587.0
683455,569.2760000000026,28,10.900347742038601,1.4179943106407524,0.4732202498376946,727.0
683456,1078.3246666666737,27,5.482344205842249,1.4351239891890004,0.47132736883834386,1200.0
683457,289.8760000000002,26,10.30652651801647,1.3552887798547126,0.46944205936299044,407.0
683458,322.3946666666667,17,16.211237631308602,1.416206606968885,0.4675642911255385,499.0
683459,920.3646666666671,27,9.640775727012825,1.407362428137634,0.46569403396103626,1200.0
683460,334.18933333333314,19,15.447054636114185,1.3684370135365636,0.4638312578251922,585.0
683461,318.67666666666634,23,12.197030194180583,1.3544927526447472,0.4619759327938914,442.0
683462,943.6633333333378,25,7.955565036021524,1.4202300345489924,0.4601280290627158,1200.0
683463,590.4886666666667,27,10.17779660722284,1.4070317595902386,0.4582875169464649,835.0
683464,457.3633333333324,27,9.990346623023296,1.4638328014798152,0.45645436687867913,565.0
683465,173.09866666666696,15,17.597793925960826,1.3950628147323616,0.4546285494111644,277.0
683466,323.54199999999906,16,17.26706634715307,1.416266722471916,0.4528100352135197,452.0
683467,224.38466666666656,22,14.063950633662868,1.304595445992864,0.45099879507266566,358.0
683468,297.6853333333327,21,12.379313440580894,1.4146651083162207,0.449194799892375,472.0
683469,455.69066666666674,26,13.059524152737387,1.3855346790293037,0.44739802069280543,772.0
683470,349.53333333333296,20,15.39674318524988,1.4273381602634363,0.44560842861003425,524.0
683471,232.50599999999946,12,19.283390249559254,1.3802699799684912,0.4438259948955941,422.0
683472,470.2033333333299,6,22.79203072637042,1.1544269314839133,0.4420506909160118,1200.0
683473,775.5526666666633,30,9.518428009296356,1.4408220894627088,0.44028248815234766,1083.0
683474,1047.0046666666728,26,4.769809496796631,1.4854822250887394,0.4385213581997383,1200.0
683475,393.11066666666824,25,10.736670556974056,1.4120564173048442,0.43676727276693933,660.0
683476,310.2613333333322,26,8.774776943536596,1.3890381128204767,0.4350202036758716,421.0
683477,343.8306666666653,19,12.82596669222007,1.437578637223389,0.43328012286116807,458.0
683478,287.71133333333324,23,11.36316455311959,1.4207499187544976,0.43154700236972343,409.0
683479,406.57799999999895,27,9.301366735519633,1.4519151847566583,0.42982081436024455,546.0
683480,525.7873333333318,25,7.860310047289412,1.526870935405509,0.4281015311028036,613.0
683481,362.8120000000005,26,8.464272787415277,1.4282210546589684,0.4263891249783924,462.0
683482,195.94599999999969,27,8.560306420032656,1.3295402896018973,0.4246835684784787,290.0
683483,280.3460000000002,26,10.060881500479729,1.4133293059933736,0.42298483420456484,355.0
683484,209.52200000000008,15,16.32446731550225,1.5011684156849727,0.42129289486774657,399.0
683485,934.4686666666587,21,11.317495674000945,1.5237332392778278,0.41960772328827556,1200.0
683486,364.36199999999997,25,8.466474701202541,1.4666951431417754,0.41792929239512255,506.0
683487,380.19933333333273,27,8.498424232011354,1.4433669625130652,0.416257575225542,516.0
683488,255.92000000000024,24,10.581199635708419,1.4987521192855835,0.41459254492463987,343.0
683489,399.9346666666675,23,11.541195566601086,1.479697472762012,0.4129341747449413,592.0
683490,446.1879999999991,28,7.21152922514693,1.4569540200749418,0.4112824380459615,585.0
683491,189.98733333333308,20,12.248495064298485,1.4334645195457076,0.40963730829377765,268.0
683492,180.92200000000008,25,10.110217885311295,1.395028291532777,0.40799875906060257,298.0
683493,324.686666666666,26,9.355708742484738,1.436087775601792,0.4063667640243601,437.0
683494,285.79599999999954,24,10.1674466910698,1.4304999173311428,0.4047412969682627,387.0
683495,1038.7406666666802,24,6.830973261311942,1.5382031183002887,0.4031223317803896,1200.0
683496,1061.0806666666651,27,4.817191357462281,1.4935825711097723,0.40150984245326815,1200.0
683497,1021.0619999999922,28,5.163422194049883,1.4907019251350946,0.39990380308345497,1165.0
683498,921.7506666666605,21,9.22003692217046,1.5339083579928352,0.3983041878711212,1200.0
683499,474.85399999999964,28,7.3397341920658965,1.4672951593459902,0.3967109711196367,630.0
683500,464.4519999999989,29,5.837656811604684,1.4355970438719607,0.39512412723515816,590.0
683501,282.562666666666,23,9.915181329392999,1.4354971448651337,0.3935436307262175,389.0
683502,239.24933333333317,30,5.8770313697351,1.2343584238567578,0.3919694562033127,373.0
683503,359.6246666666669,30,6.270435849937446,1.3937626138742414,0.39040157837849937,457.0
683504,274.7793333333332,22,11.548064735156407,1.4797168847389848,0.3888399720649854,385.0
683505,1049.1986666666799,29,2.869329553453431,1.5164313120412531,0.3872846121767255,1200.0
683506,1026.4326666666773,26,5.734503588981283,1.538016026083519,0.38573547372801853,1200.0
683507,507.4159999999979,29,6.672154646335279,1.469008010597212,0.3841925318331065,598.0
683508,436.9573333333335,26,9.963018502080008,1.4462697410839889,0.38265576170577403,634.0
683509,211.12266666666676,21,12.851124474006218,1.4672231872627077,0.3811251386589509,311.0
683510,298.876666666667,27,7.553005041468168,1.4498177198420747,0.37960063810431516,373.0
683511,198.52799999999948,21,12.203597333173535,1.447620310150821,0.3780822355518979,274.0
683512,1047.9046666666723,27,4.012923443351303,1.5269888765883433,0.3765699066096903,1200.0
683513,949.4399999999986,25,8.591594070442287,1.5457592169843986,0.3750636269832515,1183.0
683514,512.1579999999997,26,7.074471779546629,1.4697843009089115,0.3735633724753185,656.0
683515,571.3606666666637,27,7.127379695769087,1.5196475218234267,0.3720691189854173,626.0
683516,405.68733333333444,28,7.409945001757453,1.4910207372316435,0.3705808425094756,515.0
683517,526.588000000001,26,8.396467680410584,1.5125440885356896,0.36909851913943764,638.0
683518,282.2873333333333,25,9.710227393428946,1.4686542812442498,0.36762212506287995,374.0
683519,986.8933333333293,23,9.133325829309314,1.560724970272344,0.3661516365626284,1200.0
683520,320.9333333333337,27,9.341542408576439,1.504140873055929,0.36468703001637787,447.0
683521,1173.6806666666532,27,3.868622724778003,1.570797440174121,0.3632282818963124,1200.0
683522,116.64666666666676,17,14.99655708416065,1.4191943167213787,0.3617753687687271,226.0
683523,312.375333333333,24,10.227364296139823,1.3667254812644265,0.3603282672936522,429.0
683524,101.0586666666666,11,21.238312044007262,1.2795272278848597,0.3588869542244776,232.0
683525,19.060666666666666,1,28.546875,0.6543199993503446,0.3574514064075797,64.0
683526,146.42599999999982,10,22.61395908012894,1.2437554341428283,0.3560216007819494,351.0
683527,431.97333333333984,1,28.975833333333334,0.6417090301257924,0.3545975143788216,1200.0
683528,344.0566666666661,16,19.314848263552776,1.2883528389218093,0.35317912432130627,571.0
683529,110.71666666666668,5,26.59044629887582,0.7468809519248976,0.351766407824021,289.0
683530,176.74199999999965,9,23.78587700387766,1.1286218664912018,0.35035934219272497,439.0
683531,487.7433333333343,23,14.603377789138014,1.39971538336075,0.34895790482395406,624.0
683532,730.5806666666606,11,19.698706794275214,1.5348767147674556,0.34756207320465826,1200.0
683533,28.938666666666638,1,28.628205128205128,0.5715414703126912,0.3461718249118396,78.0
683534,50.29266666666672,6,25.11302944157095,0.7811261357270576,0.34478713761219226,145.0
683535,51.98466666666673,3,27.54156111317246,0.6781584781223327,0.34340798906174347,138.0
683536,287.81466666666654,12,21.141381759411864,1.3932517211604791,0.3420343571054965,552.0
683537,958.8979999999992,18,14.418142977004509,1.5411475792443792,0.3406662196770745,1200.0
683538,396.1226666666674,19,17.356740738251343,1.2797383119714776,0.33930355479836627,712.0
683539,1000.5933333333279,23,9.845630806583628,1.5350974119051757,0.3379463405791727,1200.0
683540,387.5273333333327,23,13.173394671962066,1.3486170596565563,0.3365945552168561,521.0
683541,22.806666666666658,1,28.546875,0.5823836132277264,0.33524817699598863,64.0
683542,495.6366666666765,9,21.894903787116334,1.5345906846996709,0.3339071842880047,1200.0
683543,692.5866666666618,15,18.37241206932499,1.5166798109841044,0.33257155555085266,1200.0
683544,30.056000000000008,1,28.646341463414632,0.6083894728570433,0.3312412693286493,82.0
683545,430.6420000000011,22,15.051959447592,1.4416372464181522,0.32991630425133467,640.0
683546,269.035333333333,14,21.644656290325177,1.2625576998248313,0.32859663903432934,627.0
683547,570.1460000000025,27,13.514168652403109,1.338912176475832,0.327282252478192,798.0
683548,577.5780000000013,17,16.343061477762554,1.5233649848623978,0.3259731234682792,899.0
683549,397.8733333333348,22,13.874372291510712,1.3815225914315783,0.32466923097440614,574.0
683550,157.4253333333329,9,23.84554012364289,1.2151229126075143,0.3233705540505085,400.0
683551,541.957999999999,17,20.06935880996067,1.464134135761937,0.32207707183430645,903.0
683552,189.18533333333338,10,22.541204690292517,1.3661643033177242,0.3207887635469692,364.0
683553,96.10466666666639,7,24.603057755734856,0.9833200131899555,0.31950560849278137,208.0
683554,124.8506666666667,7,25.10631375864333,1.0637995100872475,0.3182275860588102,310.0
683555,23.201333333333334,1,28.553846153846155,0.6238411062669426,0.316954675714575,65.0
683556,210.62400000000073,12,21.719377033024582,1.3650503676104078,0.31568685701171667,416.0
683557,652.9653333333355,26,14.907249348860505,1.3891797185752726,0.3144241095836698,973.0
683558,120.30666666666666,8,24.177809291640607,1.24487831024745,0.3131664131453351,285.0
683559,474.51133333333104,18,17.643330498703584,1.4340786439766722,0.3119137474927538,690.0
683560,525.2100000000014,24,15.052002937095972,1.4012285860089766,0.31066609250278276,696.0
683561,642.8226666666648,24,17.361852821333045,1.3888389590292851,0.3094234281327717,1139.0
683562,141.0220000000006,9,24.621635788523417,1.065706811580741,0.30818573442024055,375.0
683563,63.426666666666485,2,28.35495164274665,0.59130924750124,0.3069529914825596,165.0
683564,493.70333333333423,22,16.767222191365693,1.40711889433233,0.30572517951662936,719.0
683565,877.595999999995,14,16.484551615005742,1.5973332632156343,0.30450227879856284,1200.0
683566,201.8973333333336,12,22.714058056113352,1.180716968196039,0.3032842696833686,420.0
683567,28.416666666666647,1,28.628205128205128,0.6203487033436006,0.3020711326046351,78.0
683568,164.2506666666664,14,20.069332276180045,1.3176177957312798,0.3008628480742166,324.0
683569,281.278,14,20.811669949178434,1.3734742593320899,0.29965939668191965,508.0
683570,662.5026666666652,23,12.22521733359263,1.5160867781493073,0.298460759095192,824.0
683571,126.10266666666638,6,25.25400906985378,1.0726622960362482,0.2972669160588112,300.0
683572,684.2273333333342,19,18.965063452773606,1.37011695540893,0.296077848394576,1200.0
683573,754.9606666666564,22,14.045035394788032,1.4617683085400952,0.2948935370009977,1200.0
683574,761.972666666668,22,17.96969331699507,1.392115279616176,0.29371396285299367,1200.0
683575,997.5006666666791,24,8.937612456117913,1.590795456326843,0.2925391070015817,1200.0
683576,48.63333333333334,4,26.10595866011647,0.8366172988094766,0.2913689505735754,143.0
683577,511.82733333333147,26,11.280063659686887,1.487765620466343,0.2902034747712811,675.0
683578,350.91466666666656,20,16.143905042369102,1.4453190091231987,0.289042660872196,471.0
683579,307.96666666666624,14,19.613201767255603,1.3638599475125153,0.2878864902287072,545.0
683580,107.65466666666647,7,24.507819269243267,0.9345755567423095,0.2867349442677924,277.0
683581,621.1866666666656,28,12.590073251667329,1.4791528355100931,0.2855880044907212,927.0
683582,110.92000000000012,9,22.84446943996442,1.3943719296601726,0.28444565247275827,245.0
683583,393.9286666666671,16,18.269095366225564,1.402294110068176,0.28330786986286727,781.0
683584,122.78333333333305,13,20.155970476575884,1.2475042283667461,0.2821746383834158,277.0
683585,434.89266666666606,21,16.289251536877487,1.395367062302405,0.28104593982988213,677.0
683586,215.684,20,16.04815781457796,1.3837238631478332,0.27992175607056263,363.0
683587,467.5953333333311,24,14.160342368054721,1.5368263874089318,0.27880206904628035,705.0
683588,420.3346666666654,21,13.751436156529984,1.468719340679606,0.27768686077009525,534.0
683589,507.02200000000147,26,12.167397177927926,1.386640632371615,0.2765761133270148,660.0
683590,962.1233333333347,24,10.474823083523333,1.5768682419193296,0.2754698088737068,1200.0
683591,263.028666666667,24,13.378003850333291,1.39344734241875,0.27436792963821194,369.0
683592,314.8986666666675,23,15.66649024918178,1.3300279250244769,0.2732704579196591,467.0
683593,114.6126666666667,12,20.09019948007755,1.3509547715607582,0.2721773760879805,240.0
683594,1001.5186666666821,17,14.48602906911937,1.5985632743299327,0.2710886665836285,1200.0
683595,28.46599999999999,2,27.208860759493632,0.6330507499316869,0.27000431191729407,79.0
683596,141.85266666666666,12,21.24430226263439,1.2493993994615438,0.2689242946696248,348.0
683597,1121.002000000022,23,8.863489372972701,1.6054706382116066,0.26784859749094636,1200.0
683598,646.4166666666636,25,13.904792498978987,1.478691250946973,0.2667772031009826,903.0
683599,116.22666666666655,8,23.479495337205574,1.0134648618821454,0.2657100942885786,329.0
683600,431.85133333333204,23,16.771648833322846,1.2646362716786188,0.26464725391142435,699.0
683601,985.2866666666629,26,8.258405877858266,1.5890186335214622,0.2635886648957786,1017.0
683602,197.74399999999937,17,16.834893386377182,1.4367905869339674,0.2625343102361955,360.0
683603,463.2353333333285,4,25.68579697626426,0.5862869436896926,0.26148417299525073,1200.0
683604,665.7240000000023,29,8.979458614211001,1.542657994712786,0.26043823630326973,749.0
683605,346.28333333333404,27,11.476037960252652,1.4283036834390885,0.2593964833580566,464.0
683606,251.94466666666696,17,17.277195917428227,1.4248494479512905,0.2583588974246244,451.0
683607,1109.4033333333318,29,7.878708561778997,1.5413521669086825,0.2573254618349259,1200.0
683608,335.35266666666604,25,12.293416031044153,1.3597416029091498,0.2562961599875862,501.0
683609,400.03600000000216,26,11.467255674407479,1.4509970942991313,0.2552709753476358,549.0
683610,143.76333333333343,5,25.874887272984132,1.1280949291280173,0.2542498914462453,354.0
683611,868.958666666666,15,15.831082771411502,1.6384745491897739,0.25323289188046033,1200.0
683612,85.85866666666655,4,26.025206870959327,0.6958645610642497,0.2522199603129385,230.0
683613,350.94333333333185,19,18.469791951654116,1.2472022112754941,0.2512110804716867,594.0
683614,1158.9666666666649,24,9.057342903828138,1.5858636770047299,0.25020623614980003,1200.0
683615,293.28733333333486,13,20.087515895964565,1.454349083088198,0.2492054112052008,489.0
683616,471.81133333333275,27,13.643628204665903,1.4142791455806465,0.24820858956037997,623.0
683617,264.55800000000045,22,14.277119492625367,1.4264732833423528,0.24721575520213845,383.0
683618,514.3220000000005,24,14.709998718751356,1.4328823504506476,0.2462268921813299,728.0
683619,376.3546666666671,25,11.85363447571433,1.460772164162375,0.24524198461260457,517.0
683620,408.15266666666645,23,14.699419268273786,1.3346189415910552,0.24426101667415417,613.0
683621,46.35466666666674,3,26.75895031995594,0.5596251047491693,0.24328397260745757,127.0
683622,425.4866666666666,21,13.250763397689306,1.480921123034157,0.2423108367170277,629.0
683623,483.2673333333336,22,16.38394003441772,1.2613910504879389,0.24134159337015962,743.0
683624,330.4273333333339,24,10.732544011063066,1.4470349643966267,0.240376226996679,434.0
683625,465.1779999999999,24,10.661691681459832,1.4894079437020749,0.23941472208869224,596.0
683626,643.942000000005,26,8.866514128254883,1.5149441471695513,0.23845706320033747,698.0
683627,253.13533333333348,21,13.960555643534635,1.384461484168415,0.2375032349475361,373.0
683628,1237.5073333333319,29,2.9845598083480507,1.6410962070181356,0.23655322200774598,1200.0
683629,460.51066666666594,28,9.959803577582568,1.500397972696223,0.235607009119715,560.0
683630,466.1420000000008,20,14.822205151461668,1.4201313581802042,0.23466458108323615,725.0
683631,598.7713333333332,29,7.3476132379403944,1.5801572617137327,0.23372592275890322,672.0
683632,218.77333333333254,20,13.875179547912456,1.4385356875104045,0.2327910190678676,309.0
683633,1200.4586666666712,29,5.23711826468657,1.601454669986157,0.23185985499159611,1200.0
683634,123.72200000000002,8,21.417669880312133,1.3118009552189163,0.23093241557162975,284.0
683635,139.51599999999982,12,20.627990170906564,1.303502967836445,0.2300086859093432,310.0
683636,533.8800000000003,27,12.982389995703766,1.4539891351383463,0.22908865116570581,793.0
683637,394.3913333333347,26,10.546140565067258,1.3888159549652754,0.22817229656104301,507.0
683638,518.4266666666665,21,13.913050997517455,1.616978407087629,0.22725960737479883,857.0
683639,640.4753333333317,29,8.079112133592515,1.5735542071539481,0.22635056894529965,700.0
683640,273.46066666666735,17,17.35968736376772,1.4683859756101445,0.22544516666951844,489.0
683641,1043.5599999999886,23,9.464955660537967,1.5762282010254123,0.22454338600284035,1200.0
683642,172.48333333333358,19,16.083427850687812,1.2670690459218916,0.22364521245882898,275.0
683643,103.79399999999984,10,21.25279493326369,1.266050457710353,0.2227506316089937,230.0
683644,295.5679999999994,24,12.720657347388705,1.4346648404467421,0.22185962908255774,389.0
683645,224.28599999999972,18,15.837847142042104,1.468307321932618,0.22097219056622747,348.0
683646,311.479333333333,18,15.627306411647579,1.4132570777135287,0.22008830180396255,514.0
683647,608.9033333333331,30,6.131869659854645,1.5663888066093805,0.21920794859674675,687.0
683648,517.8039999999976,24,12.164444969263597,1.496444933006356,0.21833111680235973,753.0
683649,259.53866666666704,20,14.837971590183681,1.3212196540321535,0.2174577923351503,407.0
683650,435.4873333333333,27,9.301652962087248,1.4142660470629558,0.2165879611658097,526.0
683651,100.72866666666663,8,22.572702875464376,1.2255090618877782,0.21572160932114645,197.0
683652,179.358666666666,16,17.56941711900838,1.3131556041808485,0.21485872288386187,290.0
683653,490.42666666666753,25,9.791972497575058,1.5381096755179033,0.2139992879923264,546.0
683654,1040.5713333333233,23,9.363275822288763,1.6002938708037415,0.2131432908403571,1200.0
683655,233.18733333333324,18,14.621297489444514,1.3646579314562342,0.21229071767699567,354.0
683656,950.1820000000124,20,11.09134701236678,1.6510172866831612,0.2114415548062877,1200.0
683657,1213.5040000000054,27,7.414761044935687,1.6177842742633268,0.21059578858706254,1200.0
683658,684.6119999999897,21,10.111195464750654,1.6574633462441346,0.20975340543271428,1200.0
683659,165.50600000000014,15,17.448868114319282,1.4235331178474493,0.20891439181098345,257.0
683660,266.9033333333332,21,14.242891524507982,1.3286431444809295,0.2080787342437395,427.0
683661,554.2413333333335,21,13.888032655138343,1.5062609456102174,0.20724641930676457,673.0
683662,429.59599999999995,19,15.725650633859749,1.4316320969427436,0.20641743362953746,651.0
683663,250.60800000000015,19,15.282430489787851,1.3580354772810548,0.20559176389501932,366.0
683664,752.8026666666516,20,15.446519437620527,1.531104269830978,0.20476939683943926,1200.0
683665,364.15933333333385,28,12.005290777694073,1.4037737933191357,0.20395031925208149,567.0
683666,381.71733333333174,26,10.306003270442888,1.4059332505738813,0.20313451797507318,495.0
683667,384.27466666666635,24,12.903394622123745,1.50173031980478,0.2023219799031729,465.0
683668,265.6673333333341,16,19.07798552071985,1.5408568593327685,0.2015126919835602,499.0
683669,216.5093333333339,9,21.15779218046419,1.5062177988377543,0.20070664121562595,454.0
683670,316.86133333333333,23,11.517590071326827,1.3977815833143308,0.19990381465076346,477.0
683671,581.820666666668,25,12.557971979858099,1.5570195596255905,0.1991041993921604,738.0
683672,488.245333333332,26,10.071571576972758,1.4914647562750216,0.19830778259459175,612.0
683673,162.65999999999966,14,18.392440193810774,1.4597772376312412,0.19751455146421337,296.0
683674,416.0106666666662,29,6.8471472750263604,1.5008549878395523,0.1967244932583565,499.0
683675,1095.907999999995,21,9.98991251855031,1.6894881794438321,0.1959375952853231,1200.0
683676,226.7980000000007,25,9.548909637158612,1.462967467854376,0.1951538449041818,289.0
683677,262.35399999999964,25,8.324000505419713,1.4878236710645047,0.19437322952456507,346.0
683678,890.3473333333221,20,10.865473299537685,1.7306347698311308,0.1935957366064668,1004.0
683679,264.663333333333,25,8.842274550524534,1.4777348870943063,0.19282135366004094,333.0
683680,476.7313333333354,23,11.180878479623503,1.575558251695722,0.19205006824540077,641.0
683681,193.79533333333364,28,8.535459555158166,1.3109773020917195,0.1912818679724192,320.0
683682,1273.579333333312,25,5.533710926170729,1.688324388546487,0.1905167405005295,1200.0
683683,229.33133333333282,17,15.05415909709761,1.3943665308581676,0.18975467353852737,338.0
683684,968.909999999985,19,10.660346547577335,1.7227860153985641,0.18899565484437328,1200.0
683685,272.06533333333346,28,8.145281521791727,1.4759852658585468,0.18823967222499577,328.0
683686,386.1406666666655,27,7.271501840063718,1.5598562684594053,0.1874867135360958,447.0
683687,461.44533333333385,25,9.50357635886136,1.5383423904753257,0.1867367666819514,549.0
683688,347.43866666666537,26,8.478608105258669,1.582699409639835,0.1859898196152236,407.0
683689,427.7819999999997,27,7.665528193517819,1.5434288300948984,0.1852458603367627,482.0
683690,401.2079999999993,26,8.45985093474384,1.5531772047486545,0.18450487689541564,471.0
683691,909.4180000000214,23,9.18756221453115,1.669232940767253,0.183766857387834,1200.0
683692,242.82599999999988,22,10.170467988811437,1.4955573498736183,0.18303178995828265,310.0
683693,277.59000000000174,21,12.443288277386754,1.6266192978336589,0.18229966279844953,439.0
683694,270.6946666666661,22,11.812695568387038,1.4757814088198675,0.18157046414725572,380.0
683695,321.9633333333328,23,10.090249802748023,1.5978714403113135,0.1808441822906667,387.0
683696,508.62266666666847,25,9.622331816446257,1.5346096486722474,0.18012080556150403,628.0
683697,805.8406666666696,24,7.01607691571134,1.7168621752671314,0.179400322339258,807.0
683698,731.5513333333312,30,11.132716591895386,1.617726537985527,0.178682721049901,935.0
683699,275.9686666666662,18,14.043209925247979,1.565813348695127,0.1779679901657014,371.0
683700,474.1059999999991,27,6.514176025137084,1.6149805867110516,0.1772561182050386,549.0
683701,299.3906666666664,22,11.208984642188359,1.4566125725096755,0.17654709373221844,366.0
683702,375.5219999999983,24,10.906769784551164,1.5286311351592186,0.17584090535728955,505.0
683703,333.4926666666664,20,12.230032896189103,1.4979083884607687,0.17513754173586038,416.0
683704,295.7666666666669,26,8.575105968211817,1.5319924898699864,0.17443699156891695,367.0
683705,378.3926666666657,27,8.452164813596886,1.525781047892258,0.17373924360264126,484.0
683706,370.6286666666658,25,9.481015665810082,1.5481153126396099,0.1730442866282307,449.0
683707,286.41599999999994,28,7.677598243171129,1.5055988421051447,0.17235210948171778,361.0
683708,262.72399999999936,23,10.62637523769466,1.4838549585154002,0.17166270104379092,335.0
683709,463.6266666666678,24,9.307842722665344,1.6399458377331038,0.17097605023961576,528.0
683710,162.88733333333286,15,16.764412366376103,1.5800996946921588,0.17029214603865728,274.0
683711,408.89866666666865,29,5.944693252220017,1.5088657990947232,0.16961097745450265,453.0
683712,342.45533333333316,23,9.624344203817486,1.520130157861131,0.16893253354468463,432.0
683713,430.5499999999997,22,10.31863022573373,1.5422007706734122,0.16825680341050592,599.0
683714,331.47466666666634,26,10.530996729108923,1.460973114252223,0.16758377619686388,418.0
683715,389.3226666666666,29,6.881438866790949,1.55710672172146,0.16691344109207643,432.0
683716,631.7186666666679,26,9.727539021416725,1.58145441573528,0.16624578732770812,791.0
683717,525.8839999999989,30,5.623938976210524,1.5386304300209082,0.1655808041783973,580.0
683718,417.098000000002,24,10.073219009099013,1.5222949949265803,0.1649184809616837,532.0
683719,500.5419999999996,22,10.722412686180503,1.5903074299417526,0.16425880703783696,627.0
683720,92.17266666666667,12,17.912628562739815,1.4091899203652498,0.1636017718096856,209.0
683721,193.3060000000006,23,10.38935681417199,1.4839060384978744,0.16294736472244686,268.0
683722,258.62333333333356,19,13.05285243948888,1.452495609767373,0.1622955752635571,379.0
683723,205.54133333333343,28,7.880577196731985,1.4875422306303923,0.16164639296250286,253.0
683724,167.29733333333326,11,22.995335390113784,1.3192675049068403,0.16099980739065284,311.0
683725,22.80133333333332,1,28.49122807017544,0.4728095237116211,0.16035580816109024,57.0
683726,644.8106666666655,18,18.432304453159134,1.5447573686165839,0.15971438492844586,1090.0
683727,827.1706666666598,17,16.57850107318767,1.6129121598695586,0.1590755273887321,1200.0
683728,141.7300000000006,7,24.622468399832126,1.1258019486843394,0.15843922527917717,334.0
683729,288.3240000000005,14,20.9542043807122,1.3046584495057305,0.15780546837806045,550.0
683730,654.3560000000045,26,13.398941746479183,1.5675062930392878,0.1571742465045482,859.0
683731,77.50333333333326,4,26.558268695633362,0.5931788672808914,0.15654554951853,197.0
683732,921.9620000000037,29,13.774391538709581,1.4905649439256963,0.1559193673204559,1200.0
683733,316.7080000000001,13,22.116475004395834,1.2763809658221292,0.15529568985117406,592.0
683734,308.3379999999991,17,21.329373280914147,1.243608658440557,0.15467450709176936,534.0
683735,26.206666666666653,1,28.567164179104477,0.4485956090517652,0.1540558090634023,67.0
683736,717.0946666666732,25,17.805077774934222,1.5017383310352674,0.15343958582714867,1200.0
683737,824.3706666666606,29,13.785257426472175,1.393921832016089,0.1528258274838401,1200.0
683738,985.7193333333296,19,13.549278747161273,1.6723599351358778,0.15221452417390471,1200.0
683739,339.0413333333321,22,16.59751052109088,1.278276210176755,0.1516056660772091,567.0
683740,251.672666666666,17,18.440099148159934,1.3693582343280735,0.15099924341290027,445.0
683741,166.55533333333344,10,23.259408602397663,1.157395467635472,0.15039524643924868,342.0
683742,365.198,17,19.24743671672982,1.4573647202443512,0.14979366545349168,624.0
683743,589.6393333333328,26,12.002914937533028,1.4701129352715032,0.1491944907916777,751.0
683744,581.3780000000015,24,16.020249866802104,1.3307443112950668,0.14859771282851097,898.0
683745,614.0479999999993,23,15.321909813783321,1.3373561553966393,0.14800332197719696,885.0
683746,780.4186666666689,28,13.810935556318986,1.3746390605119518,0.14741130868928817,1031.0
683747,320.70466666666647,18,18.328675505674205,1.384109317817587,0.14682166345453102,549.0
683748,204.386666666667,8,24.2964913183037,1.4041193658390843,0.14623437680071288,417.0
683749,21.31933333333333,1,28.462962962962962,0.4477158231753525,0.14564943929351,54.0
683750,468.89133333333297,20,18.393066254611202,1.2929317646193348,0.14506684153633598,735.0
683751,506.73599999999647,13,20.651725377159554,1.6564588435966228,0.14448657417019065,834.0
683752,188.63066666666603,13,20.867182101550245,1.4346581708447381,0.14390862787350986,346.0
683753,589.4606666666643,24,14.392018964306903,1.4427510211072683,0.14333299336201585,817.0
683754,317.5279999999999,15,21.662000348526966,1.2673384515613106,0.14275966138856777,586.0
683755,652.5019999999973,27,14.51780980494915,1.3914320439705063,0.1421886227430135,975.0
683756,145.58399999999992,8,23.905813457039407,1.439572701252297,0.14161986825204145,313.0
683757,192.0486666666662,13,21.423619507149326,1.2760469967713053,0.14105338877903328,357.0
683758,431.39066666666713,22,19.589646138755377,1.2222820898487707,0.14048917522391716,812.0
683759,600.7480000000039,23,16.167813845159205,1.486830872588436,0.13992721852302148,931.0
683760,33.164,1,28.658823529411766,0.5014727088349967,0.13936750964892938,85.0
683761,358.77866666666563,21,18.932396857169422,1.2345397188704261,0.13881003961033367,594.0
683762,66.10266666666672,1,28.42767009464192,0.5754792413617318,0.13825479945189234,167.0
683763,125.29066666666672,10,23.178430486658442,1.1993461077137444,0.13770178025408478,258.0
683764,26.56733333333336,1,28.567164179104477,0.5548663234033536,0.13715097313306843,67.0
683765,309.2473333333331,18,17.295766414295667,1.4698503475046252,0.13660236924053615,516.0
683766,487.82466666666437,21,14.876257120700341,1.5283719308854071,0.136055959763574,712.0
683767,515.4693333333339,24,13.688835594381132,1.4486980833569827,0.1355117359245197,685.0
683768,261.76000000000016,17,19.159808462388078,1.3923570835339545,0.13496968898082162,500.0
683769,30.827333333333293,1,28.628205128205128,0.4443014450205267,0.13442981022489836,78.0
683770,106.84333333333348,8,24.13693946952722,1.1117937778436953,0.13389209098399876,223.0
683771,262.57266666666595,15,19.65644618301554,1.3669314892076327,0.13335652262006276,444.0
683772,439.919333333332,21,15.497423460093286,1.4470035787898712,0.13282309652958252,548.0
683773,552.9846666666707,19,16.713354091622982,1.4210681944194328,0.13229180414346417,773.0
683774,451.7373333333322,26,12.76037823850924,1.452887338912393,0.13176263692689033,588.0
683775,612.055333333333,23,13.945717388602246,1.4884520521608575,0.13123558637918276,770.0
683776,487.324666666667,27,13.959802894346831,1.3586111433513246,0.13071064403366603,698.0
683777,384.3006666666677,21,15.7533161699921,1.4075974290866486,0.13018780145753137,568.0
683778,230.75200000000007,16,18.52852864029276,1.4377246951310811,0.12966705025170125,384.0
683779,389.758666666666,21,15.220147071616488,1.474053393806162,0.12914838205069443,534.0
683780,134.3906666666669,10,21.693921417290312,1.1666942646548808,0.12863178852249166,283.0
683781,153.34266666666716,11,21.692048072737187,1.1777948017304924,0.1281172613684017,281.0
683782,148.7586666666666,12,20.46634977151366,1.3053474060715526,0.12760479232292807,255.0
683783,207.4200000000007,14,19.622754203832056,1.3213349509589463,0.12709437315363636,337.0
683784,437.4279999999999,21,13.675477085304168,1.4473400513900216,0.12658599566102183,554.0
683785,392.11400000000174,17,17.107574575174457,1.5079595231815865,0.12607965167837773,582.0
683786,400.8413333333359,24,10.419195400029965,1.4737865212308858,0.1255753330716642,558.0
683787,124.44933333333313,11,21.227021465776712,1.3465361779411902,0.12507303173937756,260.0
683788,162.7913333333339,9,22.855377671281154,1.2729493573135746,0.12457273961242006,354.0
683789,253.80400000000097,14,18.52319297283959,1.4088366467874387,0.12407444865397038,407.0
683790,1124.6040000000012,18,13.262781628923888,1.6554207067228264,0.12357815085935449,1200.0
683791,144.97600000000017,13,21.004116944011713,1.1195491007177485,0.12308383825591707,297.0
683792,742.6133333333312,27,10.764072364674906,1.5492365905355059,0.1225915029028934,931.0
683793,242.1519999999999,16,18.00511608303433,1.2551308215236452,0.12210113689128184,437.0
683794,366.04533333333393,24,14.04915225651687,1.3834912296795832,0.12161273234371671,514.0
683795,457.44266666666834,24,16.04349731380047,1.2443341046524639,0.12112628141434184,710.0
683796,550.4780000000009,28,8.973446816828693,1.5187349422629415,0.12064177628868447,647.0
683797,743.3833333333369,22,16.839321245392853,1.4444502645032433,0.12015920918352972,1098.0
683798,110.11733333333356,8,23.02682806460296,1.216334494327116,0.1196785723467956,202.0
683799,1237.7813333333224,25,7.812800586926313,1.673239011042867,0.11919985805740843,1200.0
683800,648.5440000000009,27,10.653211076441083,1.6138187190448856,0.11872305862517879,759.0
683801,153.46933333333388,9,23.092582534531257,1.376162435897911,0.11824816639067809,332.0
683802,555.170666666666,23,12.540447336942739,1.4694325413381204,0.11777517372511537,658.0
683803,492.68533333333335,28,12.458375649179072,1.3076727792486544,0.11730407303021491,662.0
683804,496.4680000000008,25,11.515606244120725,1.552623406481794,0.11683485673809405,616.0
683805,98.4533333333334,5,25.574409796170197,1.1999291208409542,0.11636751731114166,225.0
683806,252.4746666666664,15,18.459374388813774,1.4757826914420145,0.11590204724189711,397.0
683807,414.75933333333364,21,16.003765941219584,1.49733253032242,0.1154384390529295,527.0
683808,693.2153333333374,17,15.335584755706105,1.5661356356610663,0.11497668529671778,1200.0
683809,37.810666666666634,2,27.267741935483823,0.5144571778339573,0.11451677855553091,93.0
683810,317.27666666666613,16,19.227038291626535,1.2925082844939415,0.1140587114413088,633.0
683811,499.3773333333352,23,14.150177217914512,1.5244483157698308,0.11360247659554357,667.0
683812,264.47400000000056,18,16.62572950397391,1.3826772121007782,0.11314806668916139,490.0
683813,1033.1913333333446,25,9.073229201216513,1.6367382654936298,0.11269547442240474,1200.0
683814,521.5359999999988,25,14.635458826098581,1.2754752551900015,0.11224469252471513,759.0
683815,303.7206666666674,21,15.229227956251727,1.355197709098324,0.11179571375461626,489.0
683816,315.4020000000011,24,12.888967212370117,1.370517554035304,0.1113485308995978,450.0
683817,334.7593333333345,23,12.715309571638615,1.430385515134433,0.11090313677599939,457.0
683818,561.8333333333311,18,16.429357737987488,1.4783223581839813,0.1104595242288954,738.0
683819,502.3866666666674,24,15.397965544165812,1.3219672193261691,0.11001768613197982,764.0
683820,112.8546666666668,8,23.384168396261344,1.3335665522553661,0.10957761538745191,254.0
683821,227.27200000000013,17,17.69270543249951,1.4176812200259894,0.1091393049259021,393.0
683822,755.0920000000069,26,11.925269305306635,1.473478703708223,0.10870274770619848,1005.0
683823,362.925333333333,20,15.1461074251617,1.4632207967181794,0.1082679367153737,555.0
683824,273.14600000000036,22,13.829950765488942,1.4576494643122628,0.1078348649685122,351.0
683825,322.0199999999997,25,12.893197843980237,1.443101074840974,0.10740352550863815,494.0
683826,396.3959999999997,21,13.5797215055186,1.4771156462684027,0.1069739114066036,525.0
683827,1322.651333333334,30,3.2263412058524468,1.735587868486473,0.10654601576097718,1200.0
683828,1005.6379999999841,21,10.72475773303278,1.6279047624435494,0.10611983169793326,1200.0
683829,362.83733333333146,17,17.97470423183718,1.2905930658152518,0.10569535237114154,553.0
683830,153.35600000000008,17,15.561079756149514,1.4070933604273186,0.10527257096165697,274.0
683831,355.7986666666676,21,13.79642010554299,1.5146809953050617,0.10485148067781035,497.0
683832,630.3460000000041,26,10.840938345943467,1.4878124041952492,0.10443207475509911,758.0
683833,921.5626666666806,18,13.605763057558041,1.5891919570925939,0.10401434645607871,1200.0
683834,228.11999999999932,25,11.628184146342196,1.2521717408816115,0.1035982890702544,339.0
683835,650.3279999999954,27,9.180343612682712,1.5285299242833104,0.10318389591397337,730.0
683836,84.39266666666657,7,23.325552943334174,1.1138811475449957,0.10277116033031748,208.0
683837,565.6039999999983,25,10.392585597363444,1.5009330136895647,0.10236007568899622,691.0
683838,290.8140000000001,28,7.257752663223559,1.3825874621405432,0.10195063538624022,383.0
683839,220.93066666666667,23,13.113143705758468,1.301853384744103,0.10154283284469526,342.0
683840,556.7406666666662,29,10.525179289984493,1.4865675629555137,0.10113666151331649,746.0
683841,164.27066666666676,15,18.395330568109717,1.3777748201034334,0.10073211486726322,329.0
683842,422.48333333333284,24,12.58905241165572,1.439721996216441,0.10032918640779416,569.0
683843,443.7233333333346,17,16.71427324716613,1.5473872701245848,0.099927869662163,655.0
683844,455.28933333333356,24,12.608708208564764,1.4299939389406084,0.09952815818351433,580.0
683845,221.1339999999993,11,20.56311315100486,1.397454327104236,0.09913004555078027,407.0
683846,236.40666666666544,12,18.941306869563018,1.6491958372755855,0.09873352536857716,453.0
683847,628.5986666666663,28,11.814130529937277,1.5016520997330305,0.09833859126710284,843.0
683848,1250.5966666666698,27,5.509621322820514,1.611252053505451,0.09794523690203444,1200.0
683849,314.54866666666675,21,13.925782948104311,1.3338997203874268,0.0975534559544263,433.0
683850,375.82333333333236,29,8.567352662261992,1.4355642254619725,0.09716324213060859,458.0
683851,411.49466666666865,28,10.902326088162626,1.4099022134136734,0.09677458916208614,539.0
683852,267.8233333333334,25,10.565924493223433,1.3448354941175396,0.0963874908054378,390.0
683853,200.08066666666616,17,16.82139881871897,1.256102049356207,0.09600194084221605,319.0
683854,265.7173333333335,23,13.692655233218357,1.2268515227515875,0.0956179330788472,385.0
683855,428.8466666666658,24,10.503347415236789,1.523056504066107,0.09523546134653181,547.0
683856,175.7113333333333,16,17.50049137070992,1.282014745409647,0.09485451950114568,314.0
683857,378.2059999999983,27,9.134817888545157,1.3997460317478727,0.09447510142314108,450.0
683858,225.12266666666693,17,16.05630139109074,1.5189277506730745,0.09409720101744852,326.0
683859,346.5739999999995,20,14.367196993905104,1.4643064403230843,0.09372081221337873,475.0
683860,191.80400000000006,12,19.148536044602324,1.5106222762053059,0.09334592896452522,319.0
683861,630.2686666666652,22,12.854584737550013,1.6460600159617123,0.09297254524866712,895.0
683862,284.6653333333339,21,14.228992208893061,1.3653526026224838,0.09260065506767245,442.0
683863,422.7326666666678,30,9.927511066406407,1.3967057518869435,0.09223025244740175,516.0
683864,236.82333333333355,18,15.076876070517153,1.5171657470434612,0.09186133143761216,355.0
683865,218.18666666666655,25,10.546600839962698,1.277783060255154,0.09149388611186171,306.0
683866,484.10666666666776,27,12.888314725432535,1.459565139434036,0.09112791056741426,673.0
683867,268.1280000000004,23,12.568450369694938,1.437187561708271,0.0907633989251446,344.0
683868,451.96533333333394,22,14.385830985566447,1.4235527184682701,0.09040034532944402,649.0
683869,482.63533333333464,26,9.398102355514183,1.5618010357472751,0.09003874394812623,537.0
683870,415.7946666666664,25,12.162067325469978,1.4344087840507005,0.08967858897233373,584.0
683871,531.3180000000008,29,7.544851698507357,1.4472299192664884,0.0893198746164444,615.0
683872,1134.3053333333432,26,7.77741897415473,1.673238688823841,0.08896259511797862,1200.0
683873,623.4006666666645,26,10.590128364137735,1.3952861321615204,0.08860674473750671,830.0
683874,426.38133333333315,26,9.792121242485033,1.4880728138181472,0.08825231775855669,506.0
683875,435.19066666666777,30,9.927166525125827,1.425706369695418,0.08789930848752246,556.0
683876,280.16399999999925,25,9.427199862993714,1.4089044403107926,0.08754771125357236,369.0
683877,443.24999999999875,27,7.229009870612957,1.592216666861224,0.08719752040855808,477.0
683878,311.1299999999996,27,7.78976540714555,1.4967962177779999,0.08684873032692385,379.0
683879,819.8613333333398,26,7.300618047439703,1.6188219349568584,0.08650133540561615,876.0
683880,350.5659999999994,28,7.028750985060423,1.4831358885184658,0.08615533006399367,410.0
683881,283.73466666666627,26,8.032389105005278,1.5680695148746,0.08581070874373771,327.0
683882,1026.7393333333403,24,7.3880006258840085,1.7639255438744563,0.08546746590876275,1200.0
683883,253.91466666666713,23,12.109432641996912,1.4399551021115091,0.0851255960451277,374.0
683884,603.0020000000007,27,9.536219049807118,1.5935871999961764,0.08478509366094719,764.0
683885,227.14133333333328,27,8.404717087010349,1.418752533909404,0.0844459532863034,284.0
683886,311.06399999999974,22,12.251649390663376,1.5343193277313634,0.08410816947315819,425.0
683887,353.235333333334,26,7.806401480903563,1.5332278084964794,0.08377173679526556,451.0
683888,983.7880000000156,20,10.31699589183169,1.674905951129786,0.0834366498480845,1200.0
683889,500.6340000000012,24,11.350300606757473,1.5108096711941863,0.08310290324869216,674.0
683890,187.4926666666671,21,12.341208095144182,1.4842356731243926,0.08277049163569739,286.0
683891,387.14866666666535,27,7.889671319437529,1.4423614716857909,0.0824394096691546,464.0
683892,797.0640000000167,16,13.591808704669194,1.816073852898563,0.08210965203047799,1200.0
683893,504.58133333332944,27,7.9360174087480875,1.6593971932235938,0.08178121342235606,547.0
683894,169.53799999999984,16,15.698727337678806,1.5375541546674347,0.08145408856866665,259.0
683895,1251.1853333333231,29,4.251750796905816,1.6584446075786845,0.08112827221439198,1200.0
683896,1133.8606666666658,21,9.19813018047043,1.7380871391723804,0.0808037591255344,1200.0
683897,492.84333333333245,28,9.074214664120639,1.420959195292067,0.08048054408903227,609.0
683898,280.9999999999988,25,9.136242942523339,1.4354021611307997,0.08015862191267614,382.0
683899,465.78199999999975,27,8.108030154240717,1.5324042702426366,0.07983798742502543,543.0
683900,218.22333333333333,27,8.684259984439203,1.5518123668979291,0.07951863547532534,268.0
683901,594.9280000000037,23,11.257192892524522,1.6787461616950878,0.07920056093342404,729.0
683902,118.12133333333301,10,19.231099409317835,1.518694349123514,0.07888375868969033,243.0
683903,272.1486666666667,25,9.102632769481616,1.4974688983647704,0.07856822365493157,321.0
683904,266.87199999999956,22,11.148159956273263,1.5119064975663097,0.07825395076031184,360.0
683905,385.85666666666697,24,10.48675172833539,1.521356845133721,0.0779409349572706,495.0
683906,350.11733333333376,25,9.016386936485487,1.570474268357213,0.07762917121744152,464.0
683907,457.9086666666697,26,7.501853599046913,1.5258392787989477,0.07731865453257175,549.0
683908,432.8086666666665,30,6.064200828666033,1.585071683753567,0.07700937991444146,474.0
683909,226.57266666666692,27,8.183235357143912,1.4238169824050004,0.0767013423947837,306.0
683910,1075.1233333333214,24,6.967017384726921,1.7595714531062576,0.07639453702520456,1200.0
683911,359.1013333333315,27,8.392459277451973,1.382536907627261,0.07608895887710375,453.0
683912,258.17800000000005,20,11.765021780555822,1.6035136404524546,0.07578460304159533,309.0
683913,348.7659999999998,20,11.891230058316182,1.5979071407204724,0.07548146462942895,433.0
683914,305.90200000000084,24,10.324284588685206,1.4468486230067332,0.07517953877091123,416.0
683915,508.9459999999989,27,8.409274856108267,1.5270729484913923,0.07487882061582758,572.0
683916,277.42933333333355,28,7.453537314110759,1.446105559257825,0.07457930533336427,332.0
683917,440.24266666666676,25,9.541530143244948,1.4604869465223003,0.07428098811203081,547.0
683918,1346.7933333333058,28,3.2242230534056966,1.694954179001202,0.07398386415958269,1200.0
683919,342.9746666666679,28,7.921624986666211,1.4287373427506134,0.07368792870294437,391.0
683920,1311.5373333333189,27,4.263130999756535,1.7743103735760717,0.07339317698813258,1200.0
683921,611.8733333333337,28,7.451348960056427,1.648217025577793,0.07309960428018006,653.0
683922,364.9726666666669,28,7.962856007085598,1.544945864923956,0.07280720586305933,438.0
683923,266.56333333333345,27,7.902481485909871,1.4270416682515585,0.07251597703960709,340.0
683924,231.66666666666592,10,22.370616104712067,1.388045427378255,0.07222591313144866,478.0
683925,237.92133333333365,10,23.502014681691072,1.122355099613419,0.07193700947892287,478.0
683926,110.43733333333357,7,24.691142722115234,1.1587475379488414,0.07164926144100718,239.0
683927,120.51333333333338,5,26.214297363164988,0.8652758297771109,0.07136266439524315,294.0
683928,280.9313333333338,17,17.878418349573312,1.4454507132617267,0.07107721373766217,436.0
683929,29.4753333333333,1,28.60810810810811,0.46187441152777775,0.07079290488271153,74.0
683930,519.2153333333347,22,18.517524492972083,1.1819439812395227,0.07050973326318069,826.0
683931,828.8966666666677,28,10.28636294973552,1.492190476190624,0.07022769433012796,975.0
683932,189.841333333334,10,23.691517545572967,1.2065988066198403,0.06994678355280745,407.0
683933,24.309999999999985,1,28.532258064516128,0.4694284990143521,0.06966699641859622,62.0
683934,464.8806666666688,24,14.649046674892837,1.376631977482148,0.06938832843292184,604.0
683935,414.3139999999995,29,13.223543994901497,1.2326592082663632,0.06911077511919014,664.0
683936,22.26199999999999,1,28.49122807017544,0.4132774582737308,0.06883433201871339,57.0
683937,26.232666666666702,1,28.546875,0.4466521862343315,0.06855899469063853,64.0
683938,241.43133333333293,11,22.99089208382114,1.364571447229908,0.06828475871187598,500.0
683939,340.69466666666705,10,22.953858097393397,1.46288887209604,0.06801161967702847,537.0
683940,401.1513333333321,21,18.495442134372276,1.2001339563372588,0.06773957319832036,640.0
683941,556.3066666666673,29,11.504405569184547,1.4193502928652009,0.06746861490552707,771.0
683942,1054.030666666674,24,11.770834551300485,1.470571518847088,0.06719874044590497,1200.0
683943,230.85933333333347,12,21.13199346240086,1.3787673674976932,0.06692994548412134,401.0
683944,395.7233333333313,18,19.77309761848533,1.293269096032466,0.06666222570218487,613.0
683945,151.50399999999968,6,26.607890869291378,0.9562184934971676,0.06639557679937612,345.0
683946,415.57733333333266,27,12.834222531567091,1.3109435212997298,0.06612999449217861,568.0
683947,528.1399999999998,24,18.290877884624496,1.2519867115664882,0.0658654745142099,973.0
683948,267.2986666666667,23,16.93749395007369,1.1667142306429241,0.06560201261615306,485.0
683949,340.18599999999805,13,20.034358504340293,1.5543591321660897,0.06533960456568845,467.0
683950,33.60599999999995,1,28.650602409638555,0.4729776247817996,0.06507824614742569,83.0
683951,524.3439999999998,7,23.238246624218135,1.7197303601164848,0.064817933162836,1081.0
683952,177.3820000000002,9,23.542114893994768,1.3863146892297855,0.06455866143018466,413.0
683953,158.66000000000022,9,24.08615569538999,1.447000422273619,0.0643004267844639,385.0
683954,470.89533333333554,18,18.289393387029254,1.3415404290039448,0.06404322507732606,930.0
683955,487.7339999999994,25,13.257474434598924,1.446198424235432,0.06378705217701675,673.0
683956,641.3606666666684,27,12.659771098016739,1.405718384300033,0.06353190396830868,807.0
683957,343.91400000000067,21,17.619547736344412,1.430786067728366,0.06327777635243545,568.0
683958,407.93266666666653,23,14.331635578165523,1.2967545675494296,0.0630246652470257,537.0
683959,82.71199999999975,3,27.700094100233688,0.7923324656157067,0.06277256658603761,224.0
683960,989.5053333333283,21,13.51877363219944,1.6169062106726704,0.06252147631969344,1200.0
683961,937.8140000000041,27,9.93007624373988,1.6228149790650308,0.06227139041441468,1082.0
683962,1039.3446666666616,22,11.925949298919988,1.548432361856307,0.06202230485275702,1200.0
683963,243.01199999999997,15,20.666835467282738,1.3994829623345015,0.06177421563334599,490.0
683964,448.2086666666649,23,15.954375310156907,1.3717099400117985,0.06152711877081261,743.0
683965,436.37600000000066,22,17.952894288327524,1.2563223693829115,0.061281010295729355,726.0
683966,192.18400000000034,20,17.67982933517183,1.3041386763605871,0.06103588625454644,370.0
683967,88.09399999999988,4,26.814784730636987,0.8443997154532749,0.06079174270952825,213.0
683968,627.9913333333348,21,15.451878777898683,1.4627843494088018,0.06054857573869014,785.0
683969,29.692666666666632,1,28.602739726027398,0.4500738717541698,0.060306381435735384,73.0
683970,619.3913333333331,29,12.5396801675207,1.4066276422220012,0.06006515590999243,838.0
683971,202.52933333333328,15,20.553219712027122,1.2332096835386785,0.059824895286352466,382.0
683972,291.6559999999999,15,20.577805169768904,1.2847133572697256,0.05958559570520705,485.0
683973,165.60533333333382,11,22.534298807832375,1.29559804427843,0.05934725332238623,321.0
683974,616.9866666666683,7,23.353529464780845,1.7522380952380965,0.059109864309096684,1200.0
683975,166.41866666666667,11,21.15273147848618,1.3981153600570415,0.05887342485186029,377.0
683976,104.47466666666702,6,24.872800183484113,1.15617304941033,0.05863793115245285,245.0
683977,397.57200000000074,17,18.750547910847917,1.429583169641251,0.058403379427843044,700.0
683978,1125.0279999999875,28,7.093111642956889,1.5134345131355276,0.05816976591013167,1200.0
683979,501.33666666666636,27,13.436125165353678,1.3884081641364603,0.05793708684649114,700.0
683980,349.2533333333332,19,18.214996961423786,1.2365386890093446,0.057705338499105176,568.0
683981,274.7606666666668,16,19.124805106464272,1.2952405382614747,0.05747451714510876,520.0
683982,155.41133333333337,10,21.867621346653202,1.2413434247966844,0.05724461907652833,302.0
683983,188.7720000000005,16,18.61827071949588,1.220172361760513,0.05701564060022221,356.0
683984,475.0886666666687,28,14.077100509749728,1.3650696864127205,0.05678757803782132,656.0
683985,46.667333333333296,2,27.175116289227528,0.6927705936904546,0.05656042772567004,124.0
683986,312.59333333333274,15,20.451500949979078,1.285698460440432,0.056334186014767355,526.0
683987,322.7593333333327,17,16.290630990081155,1.460886980691373,0.056108849270708284,442.0
683988,805.3579999999839,18,15.18797589775328,1.4203809523809519,0.05588441387362545,1200.0
683989,132.51333333333355,8,24.151381233901866,1.110563932747209,0.055660876218130956,364.0
683990,122.69200000000029,9,22.73505917906902,1.1745394301575982,0.05543823271325843,248.0
683991,461.9406666666659,26,13.248086222413594,1.3530003282007783,0.055216479782405396,662.0
683992,573.5366666666635,27,14.083925707294638,1.4746295971188412,0.054995613863275776,781.0
683993,949.5659999999951,24,14.214539146893676,1.4560584507793668,0.05477563140782267,1200.0
683994,156.21733333333316,12,20.59649040244066,1.3590727123118833,0.05455652888219137,252.0
683995,419.76800000000054,22,14.829201143573309,1.4102182851775082,0.054338302766662606,576.0
683996,475.71266666666713,21,17.638483767824297,1.2982922151522214,0.05412094955559596,736.0
683997,168.9440000000003,14,20.413917815765416,1.2501245332831592,0.05390446575737358,345.0
683998,208.72733333333264,13,21.841355255113324,1.1897605651431602,0.05368884789434408,460.0
683999,516.3933333333338,28,14.82043513355856,1.296215346452223,0.053474092502766704,770.0
684000,187.69399999999996,21,15.774679760464828,1.344017320716334,0.053260196132755636,288.0
684001,670.0606666666686,27,13.204100454104724,1.521636095087627,0.05304715534822462,1052.0
684002,313.874666666667,17,18.63507432584936,1.2880044138829991,0.05283496672683172,496.0
684003,537.6273333333343,25,13.212444030441375,1.4287776249000461,0.05262362685992439,733.0
684004,895.4353333333253,20,14.123059276209808,1.4198809523939326,0.052413132352484695,1200.0
684005,980.8766666666504,19,13.087739564428155,1.576293150253649,0.05220347982307475,1200.0
684006,130.74466666666675,7,23.927382431651242,1.352678571429155,0.05199466590378246,256.0
684007,137.65133333333327,10,23.158467039256475,1.3808408012433393,0.05178668724016732,340.0
684008,150.4700000000001,7,24.546268309522805,1.4400174748844083,0.05157954049120666,327.0
684009,707.7353333333233,13,19.207669043480283,1.4555476215493592,0.05137322232924183,1200.0
684010,795.4000000000067,17,16.360126033672262,1.3893571428571434,0.05116772943992486,1200.0
684011,42.97333333333331,2,27.124505973948192,0.5106188882996677,0.050963058522165164,109.0
684012,362.43733333333347,21,16.82257672133473,1.4672959188397683,0.0507592062880765,560.0
684013,138.4260000000003,9,22.526097126391665,1.120072985060956,0.0505561694629242,249.0
684014,571.3666666666643,25,12.81612639283746,1.4794293983875806,0.05035394478507249,691.0
684015,1085.7786666666473,22,10.149770586305538,1.7865716736693866,0.0501525290059322,1200.0
684016,352.6926666666665,16,18.49781340236639,1.4419709843727584,0.05,612.0
684017,255.65200000000007,15,21.05634071864963,1.1965512997344445,0.05,538.0
684018,533.6339999999987,25,11.446825811930117,1.4929995929996467,0.05,702.0
684019,555.8166666666672,27,11.681735352733098,1.2906563706563814,0.05,740.0
684020,459.0620000000043,15,18.911633651632425,1.5528001572072405,0.05,727.0
684021,1020.6280000000068,18,14.107317406362238,1.7625714293037262,0.05,1200.0
684022,99.20733333333328,4,26.385612179952872,0.7123809393163398,0.05,255.0
684023,260.72000000000065,19,16.322649675890734,1.27721596951475,0.05,400.0
684024,213.15733333333327,22,13.674694152359395,1.3566446805743841,0.05,344.0
684025,292.7286666666661,21,13.24727266762563,1.496253717510849,0.05,367.0
684026,424.2199999999998,25,11.716289378579708,1.4247164897401372,0.05,512.0
684027,1143.7286666666637,28,5.581010435207101,1.5350477925339114,0.05,1200.0
684028,452.03866666666727,28,9.601022878893872,1.3903735991895139,0.05,540.0
684029,436.89266666666515,25,10.229859950363423,1.4086098736092798,0.05,521.0
684030,392.418666666667,24,11.418905306867451,1.4512203882826038,0.05,518.0
684031,268.5753333333339,24,12.366660770225304,1.3464978235061562,0.05,361.0
684032,314.45533333333407,28,10.151377641453491,1.3302715763557618,0.05,429.0
684033,269.48733333333286,21,13.198664218524682,1.3998580078248393,0.05,385.0
684034,346.3420000000001,21,14.136075323181299,1.478984420461511,0.05,467.0
684035,389.11599999999936,29,10.42697787499305,1.3649108630328126,0.05,499.0
684036,385.6693333333329,28,11.086152688650696,1.3493821358520097,0.05,503.0
684037,206.7053333333334,22,12.648196031183721,1.3674336872421269,0.05,320.0
684038,847.8700000000053,27,7.525171291598875,1.632354086199149,0.05,899.0
684039,347.115999999999,27,10.688405503872682,1.3533281442054585,0.05,485.0
684040,318.2053333333328,27,9.625272671712194,1.3114782550380548,0.05,417.0
684041,397.27799999999996,17,17.029407345793402,1.3857387895146964,0.05,583.0
684042,455.34400000000016,28,11.905686972202673,1.4092514467553077,0.05,621.0
684043,428.2373333333336,24,12.610751120427217,1.395846771145624,0.05,557.0
684044,195.36666666666693,16,16.899925502242418,1.3256812554405166,0.05,346.0
684045,266.7380000000005,21,13.154081917339354,1.565892857142857,0.05,320.0
684046,394.12333333333197,26,8.877320983491625,1.417311975228296,0.05,493.0
684047,187.7813333333329,16,16.392136269447153,1.205789408745061,0.05,326.0
684048,376.9859999999977,24,10.616865057783695,1.5617119722386301,0.05,494.0
684049,308.1306666666659,27,10.403999729734501,1.4108038500053333,0.05,396.0
684050,303.7639999999994,21,14.747324933011795,1.4081711049659418,0.05,464.0
684051,670.2906666666717,30,11.108705508767253,1.500771343817758,0.05,848.0
684052,241.69866666666658,25,13.280939404022716,1.2569462227383212,0.05,347.0
684053,748.2846666666516,19,12.211754093183146,1.7875643462054782,0.05,1200.0
684054,462.60800000000035,18,16.224098284865082,1.3377913968118207,0.05,679.0
684055,118.91733333333303,10,21.515462844712335,1.176729342873232,0.05,272.0
684056,935.8466666666848,21,11.119473140838785,1.6956529794993507,0.05,1200.0
684057,352.3346666666667,25,11.039294094465914,1.5152565942332192,0.05,412.0
684058,289.24199999999945,16,17.351116812640026,1.5376328973065256,0.05,497.0
684059,518.0173333333338,28,12.084988120260176,1.5224281117262624,0.05,616.0
684060,515.5880000000012,25,11.699423315575306,1.5075576036986902,0.05,620.0
684061,425.1286666666677,19,14.458921800014851,1.5951394501266265,0.05,554.0
684062,304.56666666666536,17,16.195482590357962,1.4947954800325807,0.05,406.0
684063,1166.7320000000125,24,6.986712699233729,1.5633393561023723,0.05,1200.0
684064,1096.2813333333438,27,9.721205874257576,1.570541964560337,0.05,1200.0
684065,130.0620000000003,13,19.343893341354452,1.2249482402167238,0.05,276.0
684066,333.7800000000009,26,11.968548044585692,1.4111646917910197,0.05,456.0
684067,396.9133333333337,19,14.973604269688646,1.568978083859023,0.05,592.0
684068,442.0086666666657,27,10.461070593285573,1.408141384768578,0.05,551.0
684069,120.4500000000001,13,19.27474077548492,1.3744176812632023,0.05,239.0
684070,541.274,26,9.736332994389192,1.539609649164743,0.05,651.0
684071,294.9760000000012,21,13.177301668118119,1.4662242403073726,0.05,409.0
684072,198.52466666666717,15,17.741942963898655,1.2559484304430575,0.05,377.0
684073,628.8786666666628,28,10.51610357394284,1.448175832174752,0.05,815.0
684074,259.49399999999997,23,10.529104259195105,1.4316823577610234,0.05,349.0
684075,235.0980000000001,25,9.55966472201622,1.4779317066306228,0.05,286.0
684076,276.61666666666673,27,9.51026112820419,1.479262672811122,0.05,372.0
684077,268.8059999999985,21,11.25222455079494,1.5919047695126418,0.05,360.0
684078,181.75466666666694,20,13.730028106891957,1.2950768703961615,0.05,382.0
684079,400.12666666666667,26,9.068770044641633,1.5958376156274916,0.05,556.0
684080,327.6593333333323,21,12.858213177059575,1.5909420821233093,0.05,410.0
684081,223.5846666666668,25,9.502506754142091,1.5593359209675672,0.05,263.0
684082,243.6293333333336,16,14.618687354913167,1.6351153159138678,0.05,310.0
684083,1313.0826666666817,28,4.083665724061199,1.8399050639805452,0.05,1200.0
684084,110.44999999999969,11,18.21446089543604,1.5403429926665546,0.05,250.0
684085,640.9173333333326,28,6.963264691148205,1.6936981385963916,0.05,637.0
684086,545.8659999999976,23,9.333450670822407,1.4364945978391417,0.05,714.0
684087,1379.3006666666656,25,5.87896899266368,1.8041614770089673,0.05,1200.0
684088,289.3486666666668,17,14.374445188846765,1.5705357172959227,0.05,384.0
684089,239.83599999999936,21,12.89045415710265,1.634321534543586,0.05,323.0
684090,389.6959999999987,29,6.656051954764278,1.4903295414746662,0.05,446.0
684091,1214.8966666666604,28,4.395444366018748,1.6763809544432218,0.05,1200.0
684092,1272.9786666666907,26,5.173692706478615,1.7811805716275735,0.05,1200.0
684093,350.894666666666,29,7.07924932709931,1.4415157824877578,0.05,426.0
684094,320.97200000000015,26,7.896754894309742,1.496467126416867,0.05,416.0
684095,220.0959999999992,18,13.525130927195736,1.4978211193181565,0.05,339.0
684096,1332.0299999999925,27,4.379444245610016,1.8320714285721202,0.05,1200.0
684097,192.00266666666712,27,9.151138438068582,1.3711972263615488,0.05,247.0
684098,412.7460000000008,26,7.379524763188174,1.5492008853327974,0.05,581.0
684099,1137.1626666666375,27,4.723457822100079,1.5828809523819292,0.05,1200.0
684100,278.5026666666668,25,8.927614193970927,1.4536960291631265,0.05,348.0
684101,504.86266666666756,26,6.717569643453412,1.536369906378304,0.05,534.0
684102,358.8500000000001,28,9.518384412528857,1.4921998253110709,0.05,489.0
684103,274.6980000000006,24,8.747169720431284,1.46571007164218,0.05,339.0
684104,390.54133333333357,29,7.819214377387931,1.3717813239254304,0.05,486.0
684105,377.43333333333396,26,8.879348125889354,1.4242566027037644,0.05,490.0
684106,324.06266666666613,21,12.242111954688108,1.440833735044906,0.05,589.0
684107,473.8253333333345,28,8.74144230671242,1.514189025864167,0.05,591.0
684108,1218.2906666666636,30,4.182220652692299,1.5793458336638952,0.05,1200.0
684109,313.16866666666704,24,8.818442590833751,1.5416046966745744,0.05,365.0
684110,400.81866666666565,29,5.720952305332926,1.4920228955175976,0.05,451.0
684111,313.6480000000005,29,6.413424730356219,1.4621158551874007,0.05,362.0
684112,1261.9733333333143,29,2.73864006397214,1.6484865933299488,0.05,1200.0
684113,350.71000000000004,26,8.929871641946457,1.2879801050041306,0.05,517.0
684114,181.89733333333285,24,10.277272790732674,1.3833427179451394,0.05,259.0
684115,498.69799999999907,29,6.363903553607592,1.5200133359466284,0.05,536.0
684116,82.08533333333322,11,18.268485868695624,1.5222051015798321,0.05,147.0
684117,195.61000000000024,21,12.37339870134502,1.526686819027346,0.05,288.0
684118,1047.4480000000135,25,7.054067867121253,1.498613063663076,0.05,1200.0
684119,447.06599999999935,29,6.978470324628517,1.4388177608037365,0.05,549.0
684120,402.61933333333275,25,9.52646161807491,1.396390977446435,0.05,475.0
684121,392.1200000000002,23,10.358770974025225,1.4475241892382487,0.05,502.0
684122,772.1533333333338,27,8.147065610315488,1.6803476139682414,0.05,937.0
684123,851.2279999999794,19,10.900668579458353,1.637539538314443,0.05,1200.0
684124,568.4446666666677,18,17.413237705845983,1.430470601687474,0.05,846.0
684125,312.55466666666797,16,22.83947973715235,1.0475289841201159,0.05,669.0
684126,382.5853333333341,24,15.268431638344767,1.3548163288546633,0.05,542.0
684127,596.1246666666655,27,13.159367894762346,1.3294013907544517,0.05,792.0
684128,478.7553333333328,25,14.697105217633881,1.2414828349716318,0.05,779.0
684129,590.2346666666668,21,17.01942484675608,1.488289544898058,0.05,821.0
684130,922.406000000006,29,13.649289513945098,1.330504761904785,0.05,1200.0
684131,593.1506666666646,23,15.472098352626558,1.3521549636802317,0.05,885.0
684132,49.89866666666673,1,28.669003231384316,0.5110336817633346,0.05,123.0
684133,179.8053333333344,6,26.67242548133188,0.951313263345664,0.05,446.0
684134,985.9353333333344,22,13.310356348354011,1.5422575912274707,0.05,1200.0
684135,458.15666666666624,26,15.62508009325028,1.333202236679462,0.05,867.0
684136,642.523333333331,24,22.18801897054371,1.0790434395051556,0.05,1200.0
684137,285.736,13,21.225769388055443,1.3515168229503556,0.05,518.0
684138,193.0899999999998,9,23.771394410317548,1.2534462694878503,0.05,387.0
684139,394.595999999999,25,16.102511825780027,1.4028379037222847,0.05,594.0
684140,310.3360000000014,19,18.917951741693376,1.2540400344933502,0.05,497.0
684141,606.9140000000017,23,16.977290325709422,1.43983119238439,0.05,845.0
684142,458.8933333333322,27,12.95969832001078,1.171895563575739,0.05,673.0
684143,92.19266666666692,4,26.694950608245005,0.7931117128439897,0.05,224.0
684144,227.9620000000006,16,18.688945044433552,1.3581348323485478,0.05,399.0
684145,332.74933333333496,18,17.88403450482784,1.4766752346169871,0.05,515.0
684146,354.7126666666649,26,14.374541885962419,1.2817208836260618,0.05,542.0
684147,151.72400000000073,7,24.856973272721522,1.178885722172828,0.05,318.0
684148,221.71133333333367,9,24.067032356580924,1.0649136549077587,0.05,515.0
684149,230.7240000000005,14,21.309887963143304,1.4135176767753836,0.05,465.0
684150,87.87666666666628,3,27.159013400780353,0.8876659537265765,0.05,206.0
684151,564.90266666667,24,14.136571903867528,1.3784144773356897,0.05,714.0
684152,38.31000000000001,1,28.694736842105264,0.37591671333640914,0.05,95.0
684153,216.84266666666693,14,21.465008017543536,1.1691189963079305,0.05,414.0
684154,479.1893333333333,27,14.996367365523579,1.318812826047935,0.05,667.0
684155,740.4140000000003,26,16.44002240633705,1.2799394187911635,0.05,1200.0
684156,83.28933333333323,2,27.935341067960653,0.7213906292425323,0.05,213.0
684157,159.98733333333362,9,23.727875828296245,1.3882349701688899,0.05,366.0
684158,405.59866666666886,20,17.011343893635246,1.3248219392929625,0.05,690.0
684159,450.61399999999884,26,11.479592027442756,1.3704535039017645,0.05,586.0
684160,67.3353333333332,2,28.328530464792202,0.6695379559852868,0.05,179.0
684161,24.855333333333316,1,28.53968253968254,0.4134099563506156,0.05,63.0
684162,134.980666666667,5,26.62209788850192,0.750991949533872,0.05,354.0
684163,208.52000000000046,11,23.087807382500156,1.4332107322137517,0.05,388.0
684164,25.11799999999998,1,28.546875,0.5287100446001,0.05,64.0
684165,34.2613333333333,1,28.5893471640736,0.6339681224324107,0.05,90.0
684166,871.5840000000169,25,13.810964205108018,1.4055112793638034,0.05,1200.0
684167,257.2793333333343,11,22.70676418253715,1.3845755993449425,0.05,552.0
684168,428.09666666666794,19,17.319967449638447,1.2522076566816933,0.05,659.0
684169,338.939999999999,18,17.054116225037493,1.3290357875141068,0.05,523.0
684170,238.34533333333323,9,23.688039033197022,1.3555004648299045,0.05,461.0
684171,373.023333333335,18,18.11394336255382,1.3459610506655333,0.05,627.0
684172,49.94266666666671,1,28.752307338153663,0.5126243815457009,0.05,129.0
684173,262.8700000000002,11,23.38462295222789,1.3087680967987707,0.05,523.0
684174,802.0546666666665,27,8.277244699369582,1.5675680627292798,0.05,865.0
684175,581.6113333333317,18,16.843648164385122,1.520808159135676,0.05,898.0
684176,558.3079999999987,26,15.501954667502119,1.310825706425751,0.05,858.0
684177,400.8493333333341,22,15.466838821945151,1.3393101384126642,0.05,673.0
684178,374.70266666666504,6,24.196651060320434,1.5484091394408563,0.05,669.0
684179,638.6373333333314,26,12.473339077327848,1.426673834953534,0.05,798.0
684180,603.2820000000019,27,12.615451836438224,1.2556837567357957,0.05,842.0
684181,368.77533333333264,19,16.562590725901604,1.3567218382145638,0.05,535.0
684182,292.5939999999992,24,11.73465621238943,1.391444366676827,0.05,434.0
684183,518.5293333333349,28,11.8057546372171,1.328297830761249,0.05,731.0
684184,568.9726666666631,25,15.806539738787752,1.390241187385271,0.05,770.0
684185,317.20466666666624,16,18.35857731891749,1.3101481745142747,0.05,511.0
684186,533.9906666666676,27,10.208913591300526,1.3646389780562782,0.05,648.0
684187,213.05733333333325,17,17.02645262451323,1.2757764732533914,0.05,368.0
684188,244.34866666666747,15,17.791315044536283,1.287766390303415,0.05,382.0
684189,65.06533333333346,3,26.83770612745108,0.7316990701576148,0.05,169.0
684190,138.68933333333325,9,22.84423469028099,1.17708976502068,0.05,238.0
684191,184.63666666666577,11,20.928474617910833,1.339320099466893,0.05,315.0
684192,299.07266666666595,18,16.87915147346001,1.2950083938063595,0.05,521.0
684193,336.7760000000006,23,16.72375302863435,1.1835041051233406,0.05,530.0
684194,216.65933333333336,13,20.79586622384154,1.2988258317224846,0.05,438.0
684195,470.13333333333475,19,20.020601502148235,1.2051543754936713,0.05,724.0
684196,979.5733333333424,23,10.75577213418903,1.4353977109782219,0.05,1200.0
684197,181.29399999999984,14,18.68659155889124,1.329499075405536,0.05,308.0
684198,374.4579999999984,12,24.530357733411787,1.0006440446004115,0.05,859.0
684199,670.0033333333351,27,13.188703990480104,1.3457862934305078,0.05,908.0
684200,228.186000000001,16,18.737208508273103,1.3036709420637536,0.05,323.0
684201,274.6040000000009,12,20.6619951707628,1.443606102710989,0.05,515.0
684202,351.5760000000006,23,15.272448720661288,1.266776135742608,0.05,522.0
684203,361.0839999999997,27,12.608013444578232,1.2745853498633908,0.05,516.0
684204,1011.1900000000029,24,13.904795979148448,1.5151160506647383,0.05,1200.0
684205,447.8880000000003,28,11.306530301518212,1.3323798039099088,0.05,567.0
684206,271.23333333333403,21,15.419083041093407,1.4244683190635905,0.05,432.0
684207,146.8580000000002,11,22.143171039880308,1.134592510322093,0.05,280.0
684208,338.30066666666534,24,14.31398348652562,1.377185902611535,0.05,531.0
684209,180.084666666667,17,16.73164478197558,1.1862158144258204,0.05,342.0
684210,548.2199999999973,27,11.022908631079646,1.3791582356200223,0.05,706.0
684211,530.2413333333326,27,14.811440406321031,1.3385543380141554,0.05,768.0
684212,515.3920000000004,28,12.691384990767647,1.3572838487477217,0.05,747.0
684213,101.8520000000002,8,23.103341053776827,1.2179626335762153,0.05,237.0
684214,433.10199999999753,23,12.936134540728128,1.3603138161374948,0.05,637.0
684215,477.3019999999999,30,9.058666757931718,1.4629905103970078,0.05,557.0
684216,593.5220000000025,27,11.40692313913514,1.475123290281997,0.05,696.0
684217,175.1833333333335,7,24.59251373703605,1.172527473142251,0.05,390.0
684218,607.6006666666683,28,10.836585833903742,1.4482036070725388,0.05,703.0
684219,554.0420000000008,27,12.240567516993607,1.365448569837534,0.05,860.0
684220,392.6713333333334,23,14.643119498296464,1.2557289267483727,0.05,586.0
684221,601.9406666666647,26,12.584629537640348,1.2473041224166395,0.05,877.0
684222,477.3140000000029,25,12.507326332980874,1.362575994435819,0.05,655.0
684223,426.91199999999805,25,12.953489386435635,1.3592173503071203,0.05,606.0
684224,171.3080000000001,13,18.656004794084534,1.273811945988841,0.05,305.0
684225,404.1980000000026,15,17.453776868008784,1.4710799403635308,0.05,588.0
684226,480.91333333333256,25,11.823024726655884,1.4945551045407017,0.05,627.0
684227,477.64133333333444,27,9.332192305548093,1.5820438709713998,0.05,541.0
684228,470.712666666666,27,12.052725433893249,1.3022528423200996,0.05,680.0
684229,321.30999999999955,27,9.499986782157372,1.4433959006306067,0.05,426.0
684230,955.8953333333328,25,8.706430785826976,1.4442171083992605,0.05,1200.0
684231,1236.107333333324,29,2.6368585378135236,1.6007380952380936,0.05,1200.0
684232,1331.1219999999857,27,4.35956187659967,1.8008977382685483,0.05,1200.0
684233,417.4359999999996,25,12.741275421610572,1.373058175681526,0.05,604.0
684234,440.8480000000007,25,11.719573035610042,1.5144778828471488,0.05,600.0
684235,269.6073333333327,20,14.93278759203436,1.3712249745547733,0.05,421.0
684236,272.09466666666685,30,7.010401615389597,1.2657579376044643,0.05,342.0
684237,353.98599999999885,29,10.482173010869461,1.4219259386538479,0.05,460.0
684238,422.74600000000044,22,12.910445258571086,1.3604842615037807,0.05,590.0
684239,254.81466666666674,19,15.933881369089582,1.4412934657301024,0.05,419.0
684240,247.06266666666758,20,14.454355027155161,1.401203315747336,0.05,364.0
684241,612.5626666666632,29,9.131379224067715,1.4617206900973436,0.05,724.0
684242,501.40266666666827,24,12.071533353670928,1.4342659756650948,0.05,686.0
684243,488.55466666666626,25,11.029001815861996,1.3377684439610704,0.05,673.0
684244,491.4206666666668,27,8.905248682673477,1.3331884166039205,0.05,598.0
684245,1227.091333333331,26,5.7601431868238935,1.6495717551818911,0.05,1200.0
684246,523.8060000000011,22,12.686734075318375,1.5276014113653427,0.05,648.0
684247,370.13800000000026,23,12.583107941492571,1.3726548292653151,0.05,466.0
684248,764.4239999999986,14,16.332552597105963,1.2747428352535626,0.05,1200.0
684249,534.398000000003,26,9.515907572967963,1.474697448044616,0.05,665.0
684250,349.50400000000104,28,8.537236327810168,1.4443466184594984,0.05,417.0
684251,207.34800000000047,19,15.389274760237646,1.4042293233084997,0.05,304.0
684252,309.13733333333334,21,13.641494286030431,1.3997047996648382,0.05,387.0
684253,423.8373333333332,27,8.940924557165953,1.465178571429098,0.05,480.0
684254,315.65133333333216,27,10.730556682982181,1.3648363694928323,0.05,402.0
684255,244.62466666666694,20,13.84442298054557,1.3979907991062113,0.05,348.0
684256,357.1593333333317,22,14.970888066463797,1.3066052227347076,0.05,558.0
684257,302.94400000000064,22,12.630570283605156,1.4330572808839857,0.05,414.0
684258,1281.9099999999778,23,8.983312046894262,1.7330795998913862,0.05,1200.0
684259,196.19733333333355,18,15.349855412075364,1.3620256800598334,0.05,310.0
684260,406.78466666666725,26,10.513706967386335,1.4625024831749158,0.05,539.0
684261,338.9439999999995,25,11.365576550707704,1.5451663530531823,0.05,425.0
684262,354.60866666666476,20,14.212374398307386,1.522147715314448,0.05,487.0
684263,198.90733333333375,24,11.552995793275098,1.2345416696867701,0.05,292.0
684264,512.7266666666667,22,12.903800657421021,1.4121609407740292,0.05,632.0
684265,317.6793333333345,25,11.489181941859611,1.4576819047937402,0.05,406.0
684266,1001.7926666666876,28,6.966047239851632,1.4756130192183254,0.05,1200.0
684267,1258.1579999999979,29,3.7819295396561357,1.6099681009081654,0.05,1200.0
684268,364.0573333333338,23,13.499043914839273,1.38825522304046,0.05,506.0
684269,209.15533333333286,19,14.901869405859852,1.4055634318185888,0.05,303.0
684270,465.05733333333495,25,13.231938883127773,1.3463080822550515,0.05,651.0
684271,308.75066666666817,26,11.987560609079932,1.3315018315108529,0.05,390.0
684272,373.855333333335,21,13.399041636068777,1.4174480463687895,0.05,498.0
684273,185.40866666666705,15,18.821441992744997,1.2671557555721582,0.05,395.0
684274,255.5959999999998,26,8.650838064384974,1.572770860868325,0.05,298.0
684275,519.361333333333,25,9.946941974696914,1.5346122370917599,0.05,644.0
684276,204.30133333333313,23,9.83531155321827,1.3424293244662449,0.05,291.0
684277,283.74133333333305,22,11.045009367609417,1.4858662755788197,0.05,376.0
684278,286.34800000000064,23,10.994436304467198,1.479219842414115,0.05,364.0
684279,202.07200000000012,19,13.369593566619072,1.504729472068943,0.05,293.0
684280,425.1366666666684,28,6.891889874193465,1.5006211430017395,0.05,506.0
684281,190.33199999999957,21,11.258067074838928,1.3484880085013369,0.05,274.0
684282,543.0466666666688,26,8.04624311216367,1.3852404779784337,0.05,668.0
684283,327.1173333333321,22,12.315381829387599,1.4899447776695562,0.05,439.0
684284,293.701333333334,26,8.981485931282439,1.4892232207147031,0.05,386.0
684285,307.0439999999992,27,7.065135381685622,1.4954008954103029,0.05,351.0
684286,321.97933333333395,25,8.9742139821328,1.5380952380953123,0.05,438.0
684287,388.15000000000026,23,9.724789186742337,1.5443853912906502,0.05,430.0
684288,326.4853333333325,22,11.58928200591026,1.4741009567971952,0.05,433.0
684289,255.49533333333326,26,8.80502173727417,1.465108225108986,0.05,330.0
684290,1252.2526666666538,24,6.85817184223465,1.6485714326384175,0.05,1200.0
684291,195.43133333333304,15,15.806236997233807,1.518641770301976,0.05,372.0
684292,181.64599999999976,15,15.7395341341471,1.4136804797634317,0.05,356.0
684293,367.65733333333213,27,7.6400514580982914,1.5069494073327017,0.05,447.0
684294,490.85799999999983,23,10.873192598938338,1.541437444594049,0.05,644.0
684295,1243.1700000000146,26,5.4705990090862455,1.7140714290075136,0.05,1200.0
684296,191.72599999999997,22,11.359655512255912,1.4196657017426428,0.05,279.0
684297,1305.0873333333375,25,6.46751230187551,1.7914049085603772,0.05,1200.0
684298,228.98333333333386,22,11.446940174128224,1.459820931968783,0.05,313.0
684299,256.79266666666643,22,12.094363798546134,1.4599594976809451,0.05,345.0
684300,252.64066666666673,28,8.141132244823357,1.435941769662127,0.05,314.0
684301,245.93999999999994,17,14.345898076436754,1.5498158002477336,0.05,349.0
684302,154.66933333333378,19,13.079791908149746,1.4629359195062568,0.05,227.0
684303,233.74733333333364,26,9.184731096375035,1.4112973886993256,0.05,309.0
684304,315.03866666666585,26,8.717070273547453,1.5192338387869113,0.05,358.0
684305,250.7006666666663,21,12.710939275987402,1.4023143898976782,0.05,384.0
684306,1147.1399999999999,28,3.826417582379922,1.543831369047619,0.05,1200.0
684307,1084.91400000001,21,9.906204625961628,1.7019052772774983,0.05,1200.0
684308,178.34200000000033,14,15.95880738685934,1.4359085877447657,0.05,331.0
684309,223.66999999999965,22,11.748836048697084,1.3753888767742528,0.05,368.0
684310,1290.0219999999856,26,5.757779502320085,1.7599788790676474,0.05,1200.0
684311,1120.959999999988,21,9.670577018593452,1.6584725102245343,0.05,1200.0
684312,1174.0966666666704,26,4.882482009584289,1.8247258485742888,0.05,1200.0
684313,770.7559999999971,28,7.0794740942565975,1.6716605213561144,0.05,800.0
684314,933.6493333333233,22,9.002891081197994,1.714406454149719,0.05,1200.0
684315,883.0973333333559,21,9.263488264349558,1.8274821978352103,0.05,1200.0
684316,445.8039999999998,28,7.892789337885165,1.616344693916681,0.05,490.0
684317,445.78533333333326,25,9.89114957655969,1.5621919634800627,0.05,539.0
684318,243.04400000000072,17,15.804442829215901,1.5282743695641754,0.05,437.0
684319,361.7400000000004,23,11.312659400423495,1.5480685781360721,0.05,426.0
684320,289.2553333333327,23,10.539794164666255,1.5347181674555088,0.05,351.0
684321,286.1806666666674,17,15.752485201200523,1.4516748736956302,0.05,559.0
684322,410.0373333333331,25,8.440736101595046,1.6156574149687781,0.05,427.0
684323,487.39733333333584,25,9.04826308774086,1.5546164514185576,0.05,571.0
684324,196.13200000000006,9,24.435137563033592,0.9207034865800121,0.05,463.0
684325,175.0873333333333,5,25.4262812686838,1.019846310640372,0.05,361.0
684326,26.362666666666644,1,28.567164179104477,0.485870241220529,0.05,67.0
684327,99.69199999999994,4,26.27576542555208,0.6931390071152032,0.05,239.0
684328,535.4599999999999,28,14.362400999252163,1.3752028259682445,0.05,789.0
684329,86.75866666666639,3,27.69635544886037,0.7461336828290476,0.05,218.0
684330,534.6726666666668,22,15.296778184402662,1.371946732238262,0.05,758.0
684331,49.128000000000114,1,28.62585205556777,0.6353058001646191,0.05,128.0
684332,589.4480000000002,23,17.142476456847277,1.2983632264729124,0.05,863.0
684333,640.5340000000026,28,15.14121913207837,1.2965445903075596,0.05,949.0
684334,96.41733333333326,6,25.220342894462743,1.1957075788109168,0.05,213.0
684335,83.53733333333346,3,27.628529183674303,0.7143735031430074,0.05,211.0
684336,460.9119999999987,22,15.18117273512764,1.404240164674056,0.05,596.0
684337,541.3553333333366,25,12.614291881645196,1.4387130084124595,0.05,741.0
684338,457.0593333333356,20,17.716492269743092,1.3836331432581725,0.05,740.0
684339,54.98266666666682,1,28.478637664840317,0.4189010986179803,0.05,130.0
684340,473.6353333333339,17,20.156884422777978,1.2646932647128586,0.05,666.0
684341,499.92133333333334,21,16.78336894275962,1.403563093294917,0.05,754.0
684342,126.60599999999974,6,25.029549797668395,1.0192880101921766,0.05,306.0
684343,283.5799999999993,11,21.562856391565777,1.4758419184773817,0.05,553.0
684344,434.326666666667,19,20.041205817877326,1.1445354072875742,0.05,698.0
684345,29.3713333333333,1,28.613333333333333,0.5513337623504836,0.05,75.0
684346,33.00666666666662,1,28.666666666666668,0.5776765768038624,0.05,87.0
684347,539.3593333333343,26,17.539393486704824,1.392512316729663,0.05,870.0
684348,28.17999999999997,1,28.59722222222222,0.4980151072669455,0.05,72.0
684349,412.5486666666667,29,12.007870463670498,1.42676463246132,0.05,545.0
684350,545.3953333333333,24,14.275806480545095,1.4584106635544078,0.05,700.0
684351,30.071333333333353,1,28.60810810810811,0.5061649407424882,0.05,74.0
684352,751.2573333333255,18,15.58462422344793,1.5067380973617426,0.05,1200.0
684353,373.6873333333322,26,13.372327146815824,1.3826130611034577,0.05,558.0
684354,252.64399999999983,8,24.08807701620867,1.4806958849124146,0.05,427.0
684355,535.3673333333346,28,15.298751388651937,1.3605351966873738,0.05,759.0
684356,208.4313333333331,8,23.59416248135684,1.2379280003951965,0.05,534.0
684357,382.8313333333318,21,16.12554184103712,1.4118108744916875,0.05,583.0
684358,359.8279999999997,23,16.532927926865554,1.2723739543310189,0.05,529.0
684359,618.2753333333314,27,14.12298331739555,1.3119317345893824,0.05,971.0
684360,439.42066666666585,21,17.99527236854031,1.2779567283816808,0.05,681.0
684361,24.349999999999987,1,28.532258064516128,0.46868517449309405,0.05,62.0
684362,363.7293333333349,17,18.529163172790568,1.3034285875849703,0.05,550.0
684363,623.1020000000024,27,13.332970175746931,1.4460419481188098,0.05,791.0
684364,83.94733333333305,3,27.34311512807488,0.9394438671185205,0.05,214.0
684365,1034.7380000000128,24,10.418177407670715,1.504238420556173,0.05,1200.0
684366,28.122666666666635,1,28.585714285714285,0.4865306122351557,0.05,70.0
684367,428.29533333333467,21,18.22450345593378,1.2958367542440203,0.05,700.0
684368,560.5206666666677,21,16.305634357144843,1.3855591209028288,0.05,848.0
684369,367.3886666666656,18,16.9388845672921,1.452375954417807,0.05,602.0
684370,50.72333333333347,1,28.6074814467258,0.6026083149816114,0.05,129.0
684371,1035.2966666666725,25,11.52925636855795,1.5819374434243998,0.05,1200.0
684372,181.75266666666616,11,23.090704029279,1.3396017893509804,0.05,386.0
684373,147.78133333333284,8,24.34079299382326,1.2443224908060686,0.05,312.0
684374,134.61600000000038,5,25.43171553240038,0.8833033229877315,0.05,344.0
684375,325.7573333333337,25,12.880559523369026,1.4559779276517741,0.05,466.0
684376,558.4286666666654,25,13.025588691818749,1.409937888198758,0.05,713.0
684377,506.19866666666724,20,14.231396930392602,1.4206988812992414,0.05,700.0
684378,397.082666666668,24,12.641407937097892,1.488350026377346,0.05,542.0
684379,424.0460000000004,10,20.654112702184843,1.3751024909935703,0.05,743.0
684380,283.82599999999866,19,17.448561020596898,1.2430952537431066,0.05,480.0
684381,978.9946666666668,25,8.835978746920809,1.677096508330256,0.05,1200.0
684382,831.8426666666851,17,14.977162807364964,1.4918813492578529,0.05,1200.0
684383,30.335999999999977,2,27.19870129870126,0.5193936030021963,0.05,77.0
684384,145.0459999999993,6,25.330198681460246,0.6878873322146186,0.05,355.0
684385,168.00466666666642,8,23.240788246345378,1.4372365404869605,0.05,366.0
684386,301.00733333333244,15,21.01692313854858,1.1107064261499628,0.05,552.0
684387,523.2300000000015,27,11.533438997912107,1.4703522223939296,0.05,667.0
684388,55.97599999999989,6,24.57741184292173,1.3872826606016222,0.05,148.0
684389,207.7733333333339,19,17.693109205794315,1.3290326531946441,0.05,356.0
684390,280.0586666666662,18,17.098301721192417,1.3129625677518342,0.05,461.0
684391,45.35933333333333,2,27.13104135029356,0.6141755731125172,0.05,119.0
684392,301.3539999999988,9,22.595310958505703,1.4901951351824128,0.05,593.0
684393,393.72733333333434,20,15.721217206872765,1.4070052422377015,0.05,591.0
684394,530.5173333333317,26,13.13928707338487,1.4142855211771082,0.05,675.0
684395,375.56066666666663,21,15.93363183810648,1.3398786712385808,0.05,533.0
684396,869.0066666666721,30,6.915200274847621,1.6147201459479772,0.05,892.0
684397,370.01399999999967,21,16.35553682909871,1.4160186454621184,0.05,521.0
684398,148.13799999999964,12,20.076907811094944,1.0783703002305876,0.05,284.0
684399,1170.5099999999838,27,6.390643382025891,1.640572255038363,0.05,1200.0
684400,94.21200000000013,7,24.29026014949099,1.268152031287545,0.05,218.0
684401,195.65133333333387,10,20.755153982659156,1.5120085900234124,0.05,332.0
684402,214.99400000000034,15,20.138371719005164,1.333548156106295,0.05,399.0
684403,99.3640000000001,7,24.69843034459884,0.9694236521083606,0.05,257.0
684404,473.87866666666736,27,13.81469643649245,1.350131315012154,0.05,664.0
684405,280.7966666666666,17,19.114157085240173,1.3317277805965617,0.05,530.0
684406,243.56266666666684,16,19.721958234006845,1.393017593032722,0.05,446.0
684407,1009.060666666671,26,9.719464115368318,1.3485125724179716,0.05,1200.0
684408,257.1939999999995,13,19.21398766288069,1.459089482523594,0.05,455.0
684409,165.08799999999943,10,22.14187258421791,1.1076345895199406,0.05,378.0
684410,414.6266666666675,25,12.852105844962637,1.499266817412423,0.05,559.0
684411,245.78333333333285,17,18.799918011449606,1.3660875739805267,0.05,446.0
684412,351.96000000000123,28,12.610716484102303,1.4232443009264932,0.05,504.0
684413,150.88666666666643,14,19.10459204187823,1.379310092424054,0.05,266.0
684414,494.85133333333306,26,12.347673911636653,1.4907944996565432,0.05,561.0
684415,443.2846666666667,20,14.970613615198392,1.4464995270427385,0.05,604.0
684416,798.8893333333377,26,12.198564530396723,1.5810358738624521,0.05,913.0
684417,31.143999999999973,2,27.208860759493632,0.5095840867928416,0.05,79.0
684418,116.54999999999983,8,23.568637036633003,1.162857142857172,0.05,290.0
684419,210.0059999999996,9,23.001129496713567,1.2238411559749847,0.05,516.0
684420,248.57200000000006,20,16.37852652294389,1.321596245715838,0.05,394.0
684421,525.6846666666661,27,12.876086137265313,1.4007089695771824,0.05,643.0
684422,388.76066666666486,25,11.257934393964158,1.3885606236342871,0.05,498.0
684423,160.78666666666675,13,20.834315804849666,1.21169609834748,0.05,293.0
684424,291.6280000000012,24,13.534911014137426,1.3575925285368715,0.05,413.0
684425,320.34599999999875,25,12.993229907724473,1.4642017362628372,0.05,425.0
684426,107.469333333333,12,20.38451600594705,1.08687831183284,0.05,270.0
684427,364.92733333333376,25,9.506606055087985,1.466277927837573,0.05,445.0
684428,475.1360000000016,27,8.683391919929232,1.6020819628764975,0.05,543.0
684429,242.71600000000007,21,12.828547770888573,1.5309831748148865,0.05,381.0
684430,363.79933333333315,23,12.703002177547628,1.4668047403194588,0.05,493.0
684431,266.16599999999994,22,13.74151560011362,1.519283849586768,0.05,383.0
684432,255.04866666666672,20,14.458337413702864,1.3775554792986768,0.05,361.0
684433,182.25733333333315,15,18.91146238657609,1.2437048468449206,0.05,359.0
684434,344.021333333333,26,11.492523315665993,1.3630920062538276,0.05,469.0
684435,119.72533333333296,8,22.63680981461357,1.1782103689782062,0.05,274.0
684436,581.96,29,7.085368776436576,1.540040241449088,0.05,639.0
684437,302.30933333333434,27,9.462165247771345,1.4220389315155026,0.05,376.0
684438,261.9026666666671,15,17.82029362706457,1.3075723138617306,0.05,434.0
684439,1068.741333333358,20,11.84458428681558,1.7012380952802102,0.05,1200.0
684440,291.7653333333336,26,10.861483118328405,1.3357251576657658,0.05,428.0
684441,196.28666666666732,14,18.87263890050844,1.5219714003627474,0.05,291.0
684442,209.6093333333326,16,15.578521906184045,1.4124256513948428,0.05,318.0
684443,517.5513333333325,23,13.334154096853712,1.3826314934302757,0.05,709.0
684444,493.21799999999985,24,12.317503397972796,1.2847138689909363,0.05,641.0
684445,515.9606666666681,27,10.04825526186506,1.5058494547304258,0.05,613.0
684446,405.96866666666676,27,8.008692509640948,1.5069465054565703,0.05,446.0
684447,308.6560000000012,25,10.919615775160077,1.443573788763402,0.05,383.0
684448,339.3986666666671,27,9.29601572159372,1.3366382728299209,0.05,443.0
684449,588.4200000000025,27,11.346604736324213,1.4745991253647355,0.05,784.0
684450,804.9760000000194,21,10.497753558361536,1.5894047619054996,0.05,1200.0
684451,990.9426666666492,19,11.372240857329173,1.4660714372343702,0.05,1200.0
684452,180.65866666666722,19,14.23398367451444,1.2862173038410702,0.05,284.0
684453,367.04000000000167,22,14.902941898235717,1.2043622630179032,0.05,524.0
684454,306.6953333333337,25,10.376718477616349,1.34920635641562,0.05,396.0
684455,427.43666666666786,28,8.825909615169888,1.415880393121559,0.05,484.0
684456,231.2853333333328,27,8.605002224564233,1.1969617753810933,0.05,343.0
684457,1200.7506666666577,29,4.250305560402408,1.6459794818929092,0.05,1200.0
684458,402.8573333333348,19,13.345614356217563,1.6564164649175226,0.05,590.0
684459,262.23199999999986,25,13.241151526180337,1.2434161533481254,0.05,435.0
684460,280.50866666666747,23,12.222496816825222,1.4305545361013365,0.05,389.0
684461,992.3653333333156,19,11.522298887294891,1.7899047619078359,0.05,1200.0
684462,393.46733333333526,22,13.084882735276702,1.5435313171096972,0.05,551.0
684463,281.21199999999965,26,10.656465070305652,1.2562622257651512,0.05,389.0
684464,177.72533333333382,19,14.948594459467433,1.1966026854314484,0.05,301.0
684465,383.3359999999981,29,8.517572065783419,1.4255337665265082,0.05,458.0
684466,336.9033333333335,27,9.478511157126308,1.3519254661505793,0.05,460.0
684467,425.5746666666668,29,9.365154545110112,1.4243487798239611,0.05,521.0
684468,497.99133333333214,26,10.380367015984177,1.3883990135616493,0.05,596.0
684469,159.82266666666703,25,11.645553964442206,1.1755251503014268,0.05,257.0
684470,160.91133333333326,18,15.415911162502914,1.3418313614853594,0.05,246.0
684471,109.03799999999985,11,20.292702411953943,1.1713197558887547,0.05,262.0
684472,508.1806666666672,29,8.63069737936352,1.4198757763999856,0.05,598.0
684473,108.28733333333348,10,21.292601921295805,0.9490728841729537,0.05,285.0
684474,429.4420000000024,22,11.606172048563616,1.5941175159160719,0.05,595.0
684475,219.27333333333294,21,11.96126618037122,1.4346051172722956,0.05,335.0
684476,152.5313333333333,14,17.008319311263136,1.3213643828759094,0.05,258.0
684477,380.8346666666674,27,7.489645801327828,1.5091267622824427,0.05,426.0
684478,310.7999999999999,17,14.531392600596451,1.6083011583325704,0.05,444.0
684479,335.04199999999975,26,10.542004595928852,1.3521622427701838,0.05,479.0
684480,179.05266666666623,20,13.167712506471387,1.401913138281485,0.05,254.0
684481,436.87733333333335,29,6.53100539826585,1.4527170868377541,0.05,510.0
684482,344.90133333333375,30,6.133277313025685,1.490900695560883,0.05,419.0
684483,621.3839999999988,30,4.584660723910034,1.5108136373192242,0.05,683.0
684484,268.12800000000004,26,8.817452261658822,1.4378648233522198,0.05,372.0
684485,1093.31666666666,27,4.906018314431857,1.5019113323825577,0.05,1200.0
684486,1215.1559999999854,27,4.642886216837011,1.6207401044508787,0.05,1200.0
684487,228.2106666666667,24,10.801377059613824,1.2819774231240442,0.05,367.0
684488,455.60866666666396,23,10.295393885160978,1.5783114632334736,0.05,577.0
684489,239.31399999999977,25,9.087982459858692,1.5232142857177962,0.05,288.0
684490,224.77066666666664,20,12.028517506375792,1.5449217114681715,0.05,354.0
684491,238.2666666666667,25,11.299250904824612,1.4484589928046805,0.05,340.0
684492,396.3946666666668,30,5.8176946314205225,1.507994766147826,0.05,436.0
684493,986.9926666666681,22,8.899945274396662,1.6208754185227003,0.05,1200.0
684494,1262.0026666666683,27,5.439202867363315,1.6327573471665309,0.05,1200.0
684495,304.70266666666726,24,9.687683911439088,1.5388076611704677,0.05,381.0
684496,196.79266666666635,23,11.541108487052774,1.4392440244764972,0.05,257.0
684497,1162.9826666666597,25,7.057428368214358,1.7555845547664501,0.05,1200.0
684498,502.4346666666682,30,7.674279178052967,1.4645923428571446,0.05,625.0
684499,411.14533333333435,29,6.349186773643685,1.4312069481892058,0.05,477.0
684500,278.2960000000008,25,10.764310075858887,1.328014227808275,0.05,418.0
684501,192.12066666666672,23,10.0792848889571,1.4596475726351452,0.05,287.0
684502,393.4233333333321,29,8.680164017027403,1.3244439607381595,0.05,578.0
684503,263.0180000000014,21,11.535958085424955,1.4725274725294417,0.05,390.0
684504,298.7566666666664,27,8.821584057353943,1.2994682740518873,0.05,403.0
684505,221.39066666666622,28,8.472677096136868,1.2606357979396152,0.05,317.0
684506,264.69333333333344,29,7.6622172042114585,1.3820852184862191,0.05,328.0
684507,287.0999999999999,26,9.405444475140532,1.360944998158656,0.05,387.0
684508,1232.776666666693,25,6.078582993966489,1.7502385151234077,0.05,1200.0
684509,321.5166666666667,28,7.249615121666841,1.4395170316338541,0.05,402.0
684510,354.17599999999914,24,10.626021678265372,1.3735670057313578,0.05,481.0
684511,218.25866666666712,27,6.944706379093003,1.3160206671119026,0.05,280.0
684512,213.71666666666695,26,9.204763613522598,1.3840591888707947,0.05,301.0
684513,273.1586666666664,28,6.8126972954568705,1.3316152021891374,0.05,338.0
684514,146.5666666666665,20,12.73173147985517,1.3359237084196756,0.05,220.0
684515,364.190000000001,29,6.1232690047432445,1.491997008015825,0.05,421.0
684516,362.3479999999995,25,11.182577100346641,1.3854947040761205,0.05,488.0
684517,275.72466666666736,21,12.578113878739513,1.3461550606984334,0.05,444.0
684518,256.3486666666666,25,10.280652854091409,1.3996622210016534,0.05,336.0
684519,250.32666666666745,20,12.61261871482054,1.5386518862524219,0.05,321.0
684520,216.55600000000015,22,10.63030467176216,1.551939451277202,0.05,302.0
684521,246.36066666666684,25,9.029650000489639,1.4606406209440106,0.05,338.0
684522,705.7006666666665,28,6.66390531470816,1.652164219319703,0.05,717.0
684523,1039.5613333333392,21,9.661127754644012,1.510588777840179,0.05,1200.0
684524,496.31199999999654,27,16.921643281843597,1.0618395187263534,0.05,843.0
684525,64.2200000000001,1,28.659096396722433,0.686911448831086,0.05,166.0
684526,169.08199999999883,8,23.506709228268274,1.4237532396205241,0.05,338.0
684527,333.2066666666674,17,18.195578080336393,1.313995354249126,0.05,492.0
684528,82.08866666666658,2,28.030213767139625,0.6060863029115635,0.05,206.0
684529,444.0686666666677,24,15.571596992924842,1.2591723083245612,0.05,718.0
684530,57.81533333333348,1,28.584132722812587,0.6806390567339708,0.05,152.0
684531,257.9693333333318,13,22.59417781186127,1.1658872151087492,0.05,531.0
684532,225.86066666666687,14,20.6538941517471,1.1776973517124452,0.05,489.0
684533,266.6226666666666,14,20.787795043512983,1.1795408463373176,0.05,465.0
684534,609.7986666666669,28,11.117049534527958,1.3923491928955298,0.05,771.0
684535,269.7613333333336,14,21.638078141922502,1.2606843178903662,0.05,476.0
684536,27.708666666666634,1,28.573529411764707,0.38613445766047294,0.05,68.0
684537,43.488000000000056,1,28.72641509433962,0.43611458785973606,0.05,106.0
684538,372.49266666666625,23,16.989547472010326,1.2979116853804649,0.05,626.0
684539,125.22733333333336,9,23.552495409377848,1.2241174171908533,0.05,294.0
684540,46.06466666666674,1,28.537458320903394,0.4233552907269362,0.05,112.0
684541,205.28066666666697,14,21.00248047028369,1.2788836098738312,0.05,389.0
684542,29.688666666666627,1,28.602739726027398,0.45487739640345265,0.05,73.0
684543,544.4686666666655,28,13.342651668201393,1.3863110832414207,0.05,753.0
684544,29.961333333333293,1,28.60810810810811,0.41698841039364665,0.05,74.0
684545,456.912666666666,20,18.369154432138288,1.3864661654149502,0.05,703.0
684546,765.5306666666692,21,17.04799731425923,1.3176181933044837,0.05,1106.0
684547,336.40600000000074,26,12.477566751050851,1.2290877817702808,0.05,498.0
684548,53.60600000000015,1,28.59241679059086,0.41294642817649324,0.05,128.0
684549,236.57266666666715,13,21.46848428725368,1.1791090629814236,0.05,465.0
684550,380.3720000000016,21,15.089217769858909,1.3575105043446087,0.05,544.0
684551,179.64733333333473,7,25.3205338598693,1.2838311688317945,0.05,440.0
684552,270.22266666666707,15,19.27875297859639,1.3536134453804467,0.05,425.0
684553,337.94666666666706,19,17.73601533201436,1.4479008171327727,0.05,507.0
684554,84.1146666666665,4,26.78243600971086,0.7861185983791,0.05,212.0
684555,279.58866666666745,16,20.666386585230292,1.2426377063474403,0.05,518.0
684556,230.65333333333302,11,22.1447983780351,1.290739342117104,0.05,455.0
684557,1097.0513333333326,26,9.071694780426267,1.5462460176985708,0.05,1200.0
684558,33.481999999999964,1,28.535842716563597,0.5187374381708408,0.05,83.0
684559,260.2953333333338,6,26.550024976376985,1.2117971906168912,0.05,699.0
684560,441.364,24,13.363062201703341,1.412843472028121,0.05,614.0
684561,29.077333333333304,1,28.613333333333333,0.49555990475698064,0.05,75.0
684562,218.08599999999987,7,25.52779895789356,1.2694677889866985,0.05,459.0
684563,584.6573333333346,18,19.613782297420066,1.2334358649120354,0.05,901.0
684564,345.8799999999986,17,20.13988401995192,1.376559356137523,0.05,568.0
684565,196.65533333333272,7,24.864061805614046,1.310957613815415,0.05,455.0
684566,454.3720000000004,21,17.957581227081903,1.3564841049473082,0.05,742.0
684567,308.8733333333334,18,21.393355378423287,1.2579796071207914,0.05,507.0
684568,429.9500000000014,7,25.70508378540298,1.0361627712744437,0.05,1020.0
684569,381.1313333333339,22,19.377431944081685,1.1410722636085175,0.05,629.0
684570,371.0173333333314,18,19.453401133683137,1.3024778923124716,0.05,614.0
684571,202.15399999999912,9,23.354736289344075,1.4146097216120148,0.05,485.0
684572,548.4106666666655,18,19.86053482525607,1.4301172447132826,0.05,862.0
684573,609.3479999999996,27,12.13288436810256,1.4831639253382705,0.05,773.0
684574,665.8733333333311,28,10.075940546060965,1.4846456016483252,0.05,802.0
684575,754.7846666666687,30,13.087941583959402,1.4696074709876665,0.05,961.0
684576,30.960666666666643,2,27.21374999999996,0.5557142856969441,0.05,80.0
684577,223.82600000000068,10,23.007755082165808,1.2297507148038749,0.05,487.0
684578,298.29466666666565,25,13.45007574949797,1.3747402605331087,0.05,440.0
684579,265.302000000002,7,23.349555910811734,1.6906015037594102,0.05,608.0
684580,148.90400000000028,7,24.24227348973461,1.245495905372955,0.05,314.0
684581,451.29066666666716,22,13.422515654105833,1.4341648945952097,0.05,622.0
684582,470.6493333333327,27,11.141949927374148,1.2984174312491166,0.05,618.0
684583,173.83066666666647,13,19.19195624489431,1.155744283149365,0.05,337.0
684584,142.42933333333355,12,20.576044444266547,1.0652410731400404,0.05,286.0
684585,231.42133333333342,20,13.687533265646747,1.3990646331124312,0.05,336.0
684586,1123.5526666666615,26,7.676367377336724,1.6475715857336055,0.05,1200.0
684587,197.17933333333355,15,18.52777975285717,1.2021141676422966,0.05,317.0
684588,78.16200000000006,6,24.720647054300375,1.1132547865559084,0.05,194.0
684589,290.62466666666614,17,17.99531552846702,1.3073715007505198,0.05,497.0
684590,999.679333333323,24,10.878379720868672,1.517738128826046,0.05,1200.0
684591,387.687999999997,6,23.517416494133006,1.5722689075630283,0.05,748.0
684592,384.1633333333351,19,17.082268967648208,1.1884752568081052,0.05,652.0
684593,550.5940000000021,25,11.547155825138331,1.4757165074432217,0.05,643.0
684594,476.5186666666644,21,14.087981136256506,1.4486215538848273,0.05,627.0
684595,596.282,27,10.780262179994967,1.5401887721310163,0.05,702.0
684596,507.0833333333333,27,11.50500887533582,1.4558689741839919,0.05,628.0
684597,270.9106666666668,19,15.942206719699202,1.3300138071612115,0.05,403.0
684598,341.092000000001,23,13.922155732003985,1.3618189318077825,0.05,443.0
684599,731.0346666666698,15,15.623415412828496,1.5992381345214786,0.05,1200.0
684600,500.5400000000003,26,10.928116517045025,1.4483628657679393,0.05,586.0
684601,442.3126666666662,25,11.455050998391227,1.4676275666220793,0.05,525.0
684602,178.65266666666648,14,19.883011433296467,1.3284003422729562,0.05,334.0
684603,1106.464000000016,25,7.268759738229235,1.620740066598135,0.05,1200.0
684604,362.54599999999937,22,13.604452222918123,1.332615803330281,0.05,438.0
684605,152.02266666666637,7,24.289118658631033,1.326045993619892,0.05,345.0
684606,457.55066666666704,20,14.727987276383383,1.4963947794415255,0.05,706.0
684607,1148.9866666666594,25,9.368218281612304,1.6122380952380964,0.05,1200.0
684608,900.0420000000028,28,10.018093098550256,1.5451337419654387,0.05,986.0
684609,537.5806666666668,25,12.947063956354587,1.388580112897116,0.05,658.0
684610,140.77400000000011,10,21.466561712317496,1.3208942311814098,0.05,271.0
684611,171.17599999999945,6,25.26918090273138,1.1936679545237927,0.05,370.0
684612,359.0566666666672,17,18.087666505986473,1.1938831092348747,0.05,571.0
684613,168.7179999999996,14,18.527028068880654,1.4810889374638865,0.05,305.0
684614,491.3879999999992,21,15.489734202729599,1.552141861081152,0.05,717.0
684615,167.0139999999995,12,22.263761907679545,1.1432504293114947,0.05,323.0
684616,385.60333333333256,24,12.911171114995218,1.3905566785661798,0.05,575.0
684617,346.5726666666667,18,18.005521346480922,1.4001288945288721,0.05,665.0
684618,487.9480000000005,22,13.746536670132057,1.3815695350315818,0.05,679.0
684619,256.31999999999977,22,14.854425347405817,1.3101601833161958,0.05,419.0
684620,300.77000000000186,14,18.90792491809562,1.4653133688818636,0.05,577.0
684621,215.5699999999998,16,18.005292934515037,1.3965167784872061,0.05,375.0
684622,311.99533333333375,17,17.394695715108895,1.4258254456611585,0.05,437.0
684623,153.5213333333328,10,22.1384412238585,1.4051961755283882,0.05,275.0
684624,334.5666666666668,23,12.23371271215426,1.442825745689714,0.05,455.0
684625,226.99800000000084,17,16.957120330559228,1.4359231455783545,0.05,342.0
684626,1145.255999999982,27,5.945713679662987,1.6294047677369012,0.05,1200.0
684627,333.02066666666616,26,11.232002021578936,1.532718526201732,0.05,438.0
684628,546.8606666666656,28,7.657789190564859,1.6018947893388034,0.05,573.0
684629,228.71600000000007,21,13.034486943398957,1.3556140244783337,0.05,327.0
684630,486.04199999999946,24,12.484352118419189,1.469006921791255,0.05,671.0
684631,225.60600000000014,23,14.015204564066527,1.3161161978190548,0.05,359.0
684632,616.008666666669,26,11.189702234372271,1.533460796590413,0.05,706.0
684633,590.0960000000025,28,12.436981540280394,1.4569301666083847,0.05,806.0
684634,330.4599999999996,27,8.800253052191911,1.4541377648814942,0.05,411.0
684635,489.3193333333331,24,11.89112385923506,1.3745126179895812,0.05,671.0
684636,124.14800000000017,10,21.355562136187952,1.1501714996422092,0.05,239.0
684637,498.70666666666745,29,8.05787416612435,1.5731121564756922,0.05,577.0
684638,181.67333333333355,15,18.228912898737317,1.4030519590637396,0.05,295.0
684639,344.6359999999999,29,8.316087921327137,1.4356896860318242,0.05,401.0
684640,638.9079999999997,25,10.026287057722154,1.5029820368946243,0.05,733.0
684641,947.3833333333214,20,11.192245834328135,1.638047619047615,0.05,1200.0
684642,412.3320000000004,28,10.077196110165383,1.3906175251274604,0.05,582.0
684643,1177.7526666666715,29,3.4164791983295695,1.5098841566260568,0.05,1200.0
684644,410.09200000000124,30,6.469813768321244,1.44673645320212,0.05,464.0
684645,827.9006666666834,18,13.510154195099243,1.55879061078073,0.05,1200.0
684646,283.1379999999998,14,19.44286272082963,1.3063977489772634,0.05,490.0
684647,504.19666666666734,28,11.035118260942546,1.4078096457301406,0.05,656.0
684648,364.2206666666669,26,12.995582373888878,1.384519480519489,0.05,550.0
684649,315.2386666666667,25,11.67741874505452,1.4089065079911036,0.05,442.0
684650,352.92066666666636,23,11.911562952127674,1.3930085419693505,0.05,474.0
684651,156.0133333333335,15,17.63275524774893,1.392687345171436,0.05,289.0
684652,309.11199999999894,25,11.13180604333873,1.3093264804630285,0.05,449.0
684653,222.85733333333343,23,11.638191120869184,1.4296758825302875,0.05,304.0
684654,366.9013333333345,28,9.729949958305273,1.3256104384661287,0.05,491.0
684655,227.9019999999998,18,14.92314493484686,1.299434773067575,0.05,379.0
684656,720.3906666666603,30,5.264692005608223,1.5766366584318756,0.05,718.0
684657,318.7640000000002,29,8.198703886363175,1.405845899345145,0.05,391.0
684658,473.1073333333334,28,8.723559089076772,1.4317994987523008,0.05,570.0
684659,178.6266666666667,20,15.042176313534563,1.3547534388569227,0.05,281.0
684660,1284.5346666666517,30,3.0774359928870223,1.715571428587934,0.05,1200.0
684661,315.0240000000012,18,17.17305035787547,1.3834652664394183,0.05,509.0
684662,332.10600000000085,24,13.257773365883379,1.2309096144466056,0.05,501.0
684663,206.33666666666673,12,18.891247032090707,1.5218493377868063,0.05,352.0
684664,295.0233333333334,15,17.416932044733485,1.4540769747037279,0.05,438.0
684665,1150.3426666666674,22,9.510300643712213,1.6204047619106279,0.05,1200.0
684666,368.6493333333332,27,11.956353997767248,1.3285925069438507,0.05,481.0
684667,432.70333333333105,26,9.939963784652283,1.4552721430928741,0.05,519.0
684668,127.98066666666689,9,22.20276988295249,1.2184036972258294,0.05,315.0
684669,199.3473333333336,16,16.438718245601333,1.463464623670648,0.05,326.0
684670,228.72266666666735,20,14.128524519060646,1.3061708461867523,0.05,387.0
684671,241.9513333333333,21,14.305613790280153,1.2691900691930025,0.05,351.0
684672,327.9806666666665,23,10.787073014801065,1.5201137171292687,0.05,402.0
684673,755.1186666666732,11,19.62221249117501,1.734404833467134,0.05,1200.0
684674,201.0120000000002,18,14.426614333520465,1.661652244242924,0.05,274.0
684675,292.46066666666604,22,11.402797876746282,1.5663230032106472,0.05,425.0
684676,1191.1773333333535,24,7.793949490169463,1.7710718124813123,0.05,1200.0
684677,351.39866666666654,22,12.136060367254503,1.3738926371375115,0.05,487.0
684678,217.14333333333312,22,10.925953421956203,1.414236118175418,0.05,287.0
684679,218.86599999999947,25,9.395861693505157,1.3996074317277252,0.05,291.0
684680,290.84666666666703,28,7.2191348759249685,1.3203462191560533,0.05,366.0
684681,572.5006666666654,28,5.5079092848928735,1.573939259028022,0.05,648.0
684682,310.36800000000056,26,7.68691020649169,1.4628336689439445,0.05,358.0
684683,212.65866666666662,21,12.42770609820219,1.474955908406804,0.05,324.0
684684,148.93533333333366,21,11.538401111423672,1.3846586947611081,0.05,203.0
684685,352.30333333333374,29,8.667197209550038,1.5610007612702108,0.05,428.0
684686,268.6273333333326,30,6.949337840745569,1.4178991612078446,0.05,340.0
684687,416.85866666666533,27,8.075800412582025,1.3756316011475846,0.05,521.0
684688,407.236666666664,28,9.459635194927317,1.3421940781522088,0.05,642.0
684689,440.85400000000016,29,7.738992149609946,1.4876674160694583,0.05,512.0
684690,232.87799999999993,24,10.72225462618268,1.3240033330261767,0.05,340.0
684691,407.9619999999999,26,8.906964397066249,1.4081633550677104,0.05,525.0
684692,337.62533333333346,22,11.654115430638189,1.4048554255191736,0.05,434.0
684693,240.16733333333286,24,11.317000763158894,1.439239710189721,0.05,344.0
684694,411.3106666666667,22,11.27567111041504,1.589740761667208,0.05,518.0
684695,212.5279999999994,24,10.46982922023591,1.3505944170707331,0.05,322.0
684696,385.3826666666662,20,11.921472457930383,1.6516040633773534,0.05,521.0
684697,119.79799999999989,12,18.585561288968723,1.5674506868523013,0.05,237.0
684698,304.95333333333275,23,10.020141503065613,1.5189457643743953,0.05,374.0
684699,229.459333333333,24,10.772830854785777,1.5052351439661655,0.05,322.0
684700,300.4040000000003,25,8.825347015966361,1.453388430320717,0.05,388.0
684701,232.2660000000007,25,8.73163197912356,1.5240324893266857,0.05,299.0
684702,182.13533333333277,18,13.781451359531726,1.4774345817981402,0.05,282.0
684703,1237.997333333304,27,3.7568238979617163,1.6302142859580393,0.05,1200.0
684704,328.0313333333346,24,9.036366366843257,1.5433309897546612,0.05,369.0
684705,409.1666666666658,25,9.710477510792117,1.5068309958524495,0.05,525.0
684706,371.1993333333327,20,11.133733246416872,1.6033015873019132,0.05,450.0
684707,570.1786666666642,22,11.189449050791632,1.6131110067210823,0.05,604.0
684708,1319.6879999999933,27,4.055301624937453,1.7805714293877153,0.05,1200.0
684709,380.30933333333263,27,8.625757712220278,1.4014375828093852,0.05,477.0
684710,341.46133333333154,20,12.692655263080237,1.4410421839244958,0.05,501.0
684711,859.1199999999865,15,14.336081643056383,1.7172396573749695,0.05,1200.0
684712,348.32200000000097,28,6.770773144639192,1.4255831057008994,0.05,395.0
684713,182.34733333333298,25,8.804087827370603,1.3277907546342829,0.05,253.0
684714,370.9353333333349,20,12.579859362218489,1.568220287528155,0.05,463.0
684715,140.48000000000002,16,15.369123769049963,1.4211302815493605,0.05,230.0
684716,190.63599999999929,18,13.89946117684379,1.5441934468722973,0.05,278.0
684717,1182.9626666666911,25,5.918218414691565,1.639150012687543,0.05,1200.0
684718,136.59799999999967,17,15.402483292809416,1.4469883811652064,0.05,229.0
684719,1289.5166666666819,28,3.3911693963414784,1.7639047619070962,0.05,1200.0
684720,527.1673333333314,26,9.989272828200049,1.5671975280607107,0.05,601.0
684721,299.31399999999934,26,8.371357895713835,1.409701598372607,0.05,361.0
684722,883.2913333333441,25,7.119455335791872,1.4418958592809223,0.05,1200.0
684723,282.47866666666704,30,6.244073378261879,1.4722675242039593,0.05,332.0
684724,202.63799999999932,11,22.517591970867826,1.3118327903332025,0.05,396.0
684725,210.44066666666686,11,22.069961553223703,1.2316617412430106,0.05,426.0
684726,608.7560000000019,26,14.182659050009232,1.3203841150211588,0.05,848.0
684727,555.9580000000004,25,17.18977119773144,1.2097911833113348,0.05,890.0
684728,1106.7719999999797,25,12.408436990731186,1.6594048512436694,0.05,1200.0
684729,87.90066666666662,2,28.321456883403023,0.43630630397960346,0.05,210.0
684730,819.3699999999949,24,14.136171141585029,1.4579260059428578,0.05,1058.0
684731,362.9700000000003,19,17.72630896498743,1.3917876901688455,0.05,627.0
684732,212.0246666666664,16,19.979392748404887,1.176513765045069,0.05,441.0
684733,65.6380000000002,1,28.526289126759664,0.4185557831387361,0.05,156.0
684734,647.846666666668,26,14.080829436888397,1.3904908970106045,0.05,811.0
684735,214.7820000000002,13,20.001271332654422,1.429674378130247,0.05,416.0
684736,671.8400000000017,22,14.594355088190843,1.5155149168225448,0.05,953.0
684737,246.6619999999991,15,20.637765642607796,1.097165760091686,0.05,499.0
684738,404.4379999999999,28,15.30046542002876,1.2806869802556071,0.05,653.0
684739,430.6459999999996,22,14.230037061680695,1.3620880661963934,0.05,578.0
684740,426.6066666666679,19,19.184127893071313,1.2207534547236272,0.05,698.0
684741,170.77133333333242,7,25.90681183097756,1.145522598614222,0.05,358.0
684742,524.9733333333338,17,21.14756144974267,1.441468206784836,0.05,929.0
684743,155.13599999999977,11,23.682887020904275,1.111437244581218,0.05,331.0
684744,41.62400000000001,1,28.605873551726816,0.5186188614804641,0.05,103.0
684745,22.210666666666658,1,28.49122807017544,0.43339572372168633,0.05,57.0
684746,163.00933333333276,11,22.36253432016871,1.0762149599129394,0.05,354.0
684747,492.67866666666663,22,15.149538786179257,1.3177963647628164,0.05,676.0
684748,646.1766666666663,25,13.535002462284554,1.3792927777203108,0.05,903.0
684749,414.4853333333323,21,17.826281164401593,1.3191431697859979,0.05,622.0
684750,70.81866666666673,1,28.441149238439994,0.7513975155265749,0.05,184.0
684751,442.0306666666675,16,18.92159911986368,1.4493440031614293,0.05,723.0
684752,35.76266666666664,1,28.58830060016204,0.5115783953801265,0.05,90.0
684753,827.09266666667,25,14.623719362048993,1.4249447406846383,0.05,1109.0
684754,180.05799999999954,10,22.566103842053465,1.286215962814581,0.05,342.0
684755,237.55599999999993,9,23.292468478376733,1.340143252631618,0.05,456.0
684756,151.23266666666657,7,24.999411102285517,1.3550448002460362,0.05,354.0
684757,22.95733333333332,1,28.49122807017544,0.4399760808197395,0.05,57.0
684758,28.2653333333333,1,28.59722222222222,0.40075054242802693,0.05,72.0
684759,239.3166666666656,16,18.75274371159573,1.216299961996725,0.05,455.0
684760,611.5913333333335,23,16.961625960173304,1.4000112108659857,0.05,843.0
684761,162.6073333333337,10,22.729907402615357,1.4122043521753955,0.05,302.0
684762,23.48466666666665,1,28.49122807017544,0.39397909210856297,0.05,57.0
684763,852.9593333333302,27,14.265319394053414,1.55514677103734,0.05,1095.0
684764,431.87733333333335,22,17.762958039571505,1.3669286279204966,0.05,656.0
684765,433.4386666666659,25,13.789757744802122,1.3366758296453771,0.05,624.0
684766,28.369333333333298,1,28.59722222222222,0.3899851303034854,0.05,72.0
684767,510.5540000000029,16,18.34576101393086,1.5585488630446125,0.05,823.0
684768,174.8746666666672,11,21.94518393544321,1.3283562193524259,0.05,398.0
684769,38.603333333333325,1,28.551035316720913,0.43932411670857846,0.05,93.0
684770,398.6959999999982,19,17.66477801673746,1.2851270120902798,0.05,560.0
684771,1059.675333333344,27,9.42392771135073,1.5547640712337354,0.05,1099.0
684772,209.86533333333313,19,17.633903444385982,1.1757907152922178,0.05,343.0
684773,232.19200000000077,13,22.14251234748354,1.2763009656362378,0.05,431.0
684774,544.6106666666652,23,18.366679042321657,1.3936672992429253,0.05,902.0
684775,27.37466666666665,2,27.16478873239433,0.473558010935379,0.05,71.0
684776,234.44600000000068,15,19.146774316948143,1.341771465046694,0.05,421.0
684777,50.51933333333335,2,27.356692913385768,0.42710812080613697,0.05,127.0
684778,879.8453333333372,30,9.854713872936346,1.4472661686487616,0.05,1057.0
684779,955.2093333333264,16,14.875252394943713,1.8139047778687405,0.05,1200.0
684780,304.5099999999997,27,12.001494589959119,1.3641046032308413,0.05,460.0
684781,76.4313333333333,5,25.388602679624505,1.0607535336446945,0.05,182.0
684782,357.1486666666679,28,12.059482343395112,1.2834666857371444,0.05,521.0
684783,46.036666666666676,2,27.340336134453725,0.5486705555036384,0.05,119.0
684784,369.3346666666663,24,13.359015680908893,1.2440745482143951,0.05,528.0
684785,359.2086666666671,23,14.407517164008627,1.420788430447186,0.05,487.0
684786,424.23466666666417,25,16.184472228073904,1.1554889867143767,0.05,672.0
684787,31.18866666666665,2,27.203846153846115,0.41868121500951405,0.05,78.0
684788,485.1199999999895,2,27.57424999999939,0.42729137394412753,0.05,1200.0
684789,158.65333333333245,10,21.18442088550984,1.2160679427753862,0.05,344.0
684790,372.5946666666657,26,11.578012252025557,1.3225793317497827,0.05,466.0
684791,929.4746666666829,18,12.966188371487926,1.5522144549129822,0.05,1200.0
684792,42.39533333333332,2,27.311214953270973,0.3874499332443368,0.05,107.0
684793,368.5246666666679,28,11.654262370080056,1.3890831384723956,0.05,483.0
684794,320.2859999999993,18,17.802495894320433,1.2571428571433096,0.05,558.0
684795,230.1213333333332,15,18.556420956640572,1.3263736371581085,0.05,390.0
684796,200.01866666666692,20,17.33976246189006,1.186674337939604,0.05,356.0
684797,400.757333333334,26,13.004586026684905,1.3126781010589728,0.05,577.0
684798,190.34466666666668,13,20.241046867644187,1.3216045276340185,0.05,348.0
684799,121.43933333333352,7,24.466681410472376,1.1793202263210314,0.05,266.0
684800,320.21799999999865,27,14.12467222830734,1.2903378729842119,0.05,488.0
684801,319.483333333333,18,15.99678557110315,1.562822719494151,0.05,498.0
684802,75.22066666666684,5,24.94853624384851,0.815278838589172,0.05,187.0
684803,109.44733333333357,8,23.716106895681776,1.0081845177478959,0.05,221.0
684804,555.8453333333349,23,12.370791269734122,1.62021633961301,0.05,766.0
684805,580.2253333333318,16,16.59146873996759,1.5331104855735636,0.05,812.0
684806,340.0153333333329,22,16.447635012321285,1.2794726278806787,0.05,515.0
684807,1092.8946666666704,29,7.543929643193715,1.5659047619160014,0.05,1200.0
684808,471.78266666666457,25,11.865295158786545,1.3834681042230688,0.05,636.0
684809,158.63866666666615,13,20.169759225051322,1.3012061312997956,0.05,323.0
684810,200.62200000000036,11,23.180695005360352,1.2146193509267222,0.05,471.0
684811,158.8893333333329,12,21.045620654718704,1.2048352357804084,0.05,390.0
684812,133.54999999999984,7,24.020770229482565,1.307261510223587,0.05,301.0
684813,102.57799999999995,8,23.670665839891925,1.3043683600041571,0.05,242.0
684814,123.33866666666663,12,20.740474610164483,1.2195044807727242,0.05,271.0
684815,175.17933333333363,6,24.943779881918985,1.155616979775323,0.05,359.0
684816,76.48733333333324,7,23.58430151655298,1.1215819667092837,0.05,206.0
684817,38.73399999999998,2,27.281443298969023,0.40248440512462486,0.05,97.0
684818,55.5786666666667,4,25.922494308719973,0.781509732929519,0.05,136.0
684819,506.845333333332,25,12.790528495633014,1.510078277886498,0.05,584.0
684820,197.51866666666695,14,19.75388006445904,1.360638606568817,0.05,377.0
684821,287.9980000000009,18,17.944541746447666,1.2779020004103605,0.05,541.0
684822,154.37400000000008,13,20.27571391182437,1.3213825834191537,0.05,306.0
684823,430.5326666666654,27,12.485410875984973,1.366179709672221,0.05,572.0
684824,284.0653333333335,24,10.347289243030012,1.4160353941216273,0.05,392.0
684825,267.07399999999967,17,17.1236559355792,1.4515319720942055,0.05,448.0
684826,978.7086666666571,18,12.422775708809503,1.7755714374268772,0.05,1200.0
684827,1007.2239999999952,28,8.020218867230657,1.544071429633684,0.05,1200.0
684828,245.21333333333396,16,16.413965753769016,1.3629533182364197,0.05,374.0
684829,1294.150666666661,28,4.378897968870549,1.6484047619717368,0.05,1200.0
684830,282.444666666666,21,15.531473912804453,1.3300176380109863,0.05,405.0
684831,624.0399999999981,26,9.973930786729861,1.4858957575420324,0.05,788.0
684832,600.7426666666673,30,7.787083571542776,1.4782203059420578,0.05,671.0
684833,578.4153333333311,27,11.026534119381857,1.4932892075893724,0.05,777.0
684834,993.4086666666723,18,13.697396111609214,1.7039047696069307,0.05,1200.0
684835,284.319999999999,25,12.22902693064423,1.3812142858063583,0.05,400.0
684836,254.05200000000022,26,9.717194986467637,1.330170259506951,0.05,331.0
684837,428.8513333333341,29,9.763940264479402,1.4239691001607622,0.05,521.0
684838,142.9486666666667,9,22.479560347576452,1.4691290916873385,0.05,299.0
684839,361.87800000000107,18,17.619361275801822,1.3985263048811787,0.05,615.0
684840,421.6680000000009,29,9.540462111617005,1.4075584977075302,0.05,520.0
684841,176.86066666666716,17,16.449235161304813,1.3016937212348956,0.05,292.0
684842,286.4226666666667,19,15.639853910140737,1.300389094428986,0.05,505.0
684843,418.0153333333331,24,13.287446599497283,1.42153607513915,0.05,592.0
684844,456.60133333333476,28,8.73552082718816,1.4530987405426723,0.05,544.0
684845,446.4053333333342,26,9.494430516131144,1.4764862991730359,0.05,514.0
684846,721.9980000000007,29,9.524842431390622,1.5118440181358184,0.05,818.0
684847,475.9506666666659,28,11.424492276217299,1.4537190297368425,0.05,642.0
684848,233.8973333333334,22,13.150047612964817,1.3257830229574594,0.05,333.0
684849,304.5506666666664,17,17.10447322563166,1.4437462981934939,0.05,482.0
684850,130.01999999999984,11,21.12245137953392,1.440149424725287,0.05,306.0
684851,420.1613333333323,28,9.711854729274478,1.41980974527624,0.05,506.0
684852,627.892666666664,25,10.12204006248764,1.5931809657874862,0.05,750.0
684853,619.35333333333,27,10.110837123678388,1.4278988887055322,0.05,780.0
684854,294.4393333333338,27,11.3118832804772,1.3156279113418807,0.05,435.0
684855,456.18400000000133,28,8.286493056418482,1.3992748493284184,0.05,522.0
684856,1161.2959999999903,20,10.875847276135636,1.6547384205504572,0.05,1200.0
684857,590.9879999999995,25,9.950462266801587,1.5077633252046219,0.05,676.0
684858,345.01799999999946,28,8.960529422645555,1.3306051424964083,0.05,408.0
684859,841.2686666666868,18,15.0044774053977,1.5055476190476182,0.05,1200.0
684860,480.72933333333464,28,9.564402863466325,1.499397526921813,0.05,602.0
684861,415.942666666666,25,13.440510080436534,1.4573861864340343,0.05,549.0
684862,276.727333333333,22,13.416876201390243,1.365588731358186,0.05,385.0
684863,134.6333333333333,10,21.41300368294441,1.085173160336836,0.05,264.0
684864,514.1840000000019,24,11.014674737080414,1.3763504476057542,0.05,675.0
684865,562.3246666666678,27,8.609664745999142,1.4193534545548951,0.05,666.0
684866,539.4133333333325,25,10.983498656372014,1.424122740329514,0.05,746.0
684867,415.9066666666662,26,9.271088139537376,1.3577141019279098,0.05,532.0
684868,619.1673333333338,25,9.63863485731577,1.5857570573154571,0.05,668.0
684869,413.37066666666846,28,7.168079667501079,1.445385318306932,0.05,469.0
684870,215.47000000000057,19,15.574738497560702,1.4020335361670346,0.05,340.0
684871,647.8793333333358,26,9.042405794140265,1.4090379897580683,0.05,784.0
684872,284.7593333333329,21,15.48563262959098,1.0867617176565103,0.05,509.0
684873,516.5286666666689,26,8.550992184536291,1.5033112528832493,0.05,630.0
684874,123.86200000000018,12,18.174915184703494,1.3520273845508348,0.05,240.0
684875,546.2106666666677,30,4.979745311680103,1.5965572012227969,0.05,556.0
684876,461.22200000000146,26,7.923633087100654,1.5946819603758537,0.05,548.0
684877,553.4146666666649,25,10.51173797115104,1.5604074882980112,0.05,755.0
684878,251.95466666666707,23,11.734172309738852,1.5365668814589304,0.05,377.0
684879,490.0013333333344,26,9.133902286993516,1.549865588140791,0.05,560.0
684880,373.62466666666603,26,8.096881904475673,1.527922146984961,0.05,440.0
684881,288.7760000000002,25,8.918050611352358,1.5666237667293383,0.05,333.0
684882,225.47000000000048,25,9.703416448050264,1.4422188652366026,0.05,323.0
684883,232.78733333333344,24,10.775400470652038,1.4806408546645315,0.05,321.0
684884,314.58533333333304,28,9.092393809075261,1.5202099131214084,0.05,415.0
684885,341.8233333333324,23,10.969852752449908,1.5899931903174838,0.05,436.0
684886,299.6353333333329,25,10.198916390862603,1.589880837877087,0.05,367.0
684887,264.9779999999991,21,11.64442420340387,1.4482815441805568,0.05,346.0
684888,218.87466666666745,21,12.883781588536602,1.5211114466981666,0.05,338.0
684889,229.56133333333364,25,9.623297332246404,1.4672883792670393,0.05,333.0
684890,265.2013333333332,24,10.935343149830318,1.435860624316933,0.05,365.0
684891,354.31533333333397,26,8.192351677176317,1.5676870840560595,0.05,401.0
684892,302.4286666666655,24,10.865348665755253,1.3789506953251787,0.05,452.0
684893,164.15733333333338,18,14.278105205983573,1.4844885239896375,0.05,233.0
684894,931.7533333333373,17,12.406168066869286,1.7080714702736184,0.05,1200.0
684895,264.8106666666676,26,7.950781189866109,1.3039705750599142,0.05,349.0
684896,327.8793333333334,27,6.612220238285584,1.486732097420435,0.05,393.0
684897,272.2180000000001,25,9.73543433507553,1.41532537573154,0.05,371.0
684898,1203.7913333333322,29,2.4722804568481784,1.5985845567796173,0.05,1200.0
684899,556.759999999998,27,6.3537355545935075,1.5526284312705774,0.05,589.0
684900,180.2526666666661,20,12.157080686283326,1.3677633367524846,0.05,265.0
684901,348.3780000000008,24,9.995724741037053,1.580013737438057,0.05,416.0
684902,530.9693333333325,28,6.589993164689283,1.604067107348242,0.05,562.0
684903,624.5773333333299,24,11.656872842790584,1.5793468130438868,0.05,947.0
684904,1103.6979999999874,25,6.519729415536869,1.7440772274887457,0.05,1200.0
684905,333.8120000000019,24,9.276615515591264,1.4633213759496588,0.05,412.0
684906,1124.9633333333336,26,6.015315849349253,1.5223524617150517,0.05,1200.0
684907,318.39266666666794,27,9.116290253516771,1.3932067932073842,0.05,429.0
684908,149.27,22,12.287901833763074,1.3527600392140926,0.05,247.0
684909,1259.542666666664,26,5.597381461816011,1.7084047620984955,0.05,1200.0
684910,241.51066666666605,22,11.36796989500091,1.39591837868577,0.05,371.0
684911,425.0626666666654,28,5.685992252785029,1.58470852409885,0.05,452.0
684912,334.89466666666715,27,6.7185274742195285,1.585196975726223,0.05,359.0
684913,450.6253333333341,27,8.853189019372813,1.5248069678523435,0.05,560.0
684914,1238.9473333333333,24,7.453251964753654,1.702071428571709,0.05,1200.0
684915,1199.5599999999938,18,11.568989271157026,1.7960715715872273,0.05,1200.0
684916,674.0533333333351,29,6.233634936053165,1.6727963561481523,0.05,732.0
684917,1175.8953333333475,24,6.711264630058671,1.8217568984471515,0.05,1200.0
684918,405.81999999999954,27,8.240289254371021,1.4148992279971266,0.05,489.0
684919,275.0646666666669,27,7.781915635821743,1.5507721992495689,0.05,325.0
684920,418.2046666666657,26,8.761993478245754,1.5067945152876459,0.05,470.0
684921,381.50133333333224,25,9.846181679029689,1.4614749694281233,0.05,565.0
684922,294.96933333333396,29,7.773806864703248,1.4452904245996157,0.05,364.0
684923,320.6153333333336,25,9.387603944127884,1.4973472590916836,0.05,420.0
684924,196.31133333333418,13,22.596372089449442,1.182538200290328,0.05,413.0
684925,469.2313333333318,25,18.457651514034076,1.1158205430946242,0.05,726.0
684926,515.4486666666592,5,25.299483241782557,1.3365942261904757,0.05,1200.0
684927,204.5666666666668,12,22.456169051119357,1.2725771715750926,0.05,398.0
684928,442.8320000000011,24,13.96921685423813,1.3552430554622148,0.05,579.0
684929,754.5466666666642,25,15.595492239632433,1.3042517514614822,0.05,1008.0
684930,21.697999999999993,1,28.472727272727273,0.3864425929101756,0.05,55.0
684931,254.2186666666668,16,21.561232503654058,1.0531366827094923,0.05,514.0
684932,624.3359999999952,29,11.87378271894365,1.4225550530641422,0.05,808.0
684933,652.8560000000001,26,17.492340934952438,1.2224010842194062,0.05,977.0
684934,27.445999999999973,1,28.573529411764707,0.46683622086238674,0.05,68.0
684935,126.01533333333329,6,26.015235495804987,1.1065777165835076,0.05,317.0
684936,478.49333333333624,19,17.032632574406602,1.426895167184523,0.05,804.0
684937,528.950666666667,20,16.66653240488962,1.4006142790791114,0.05,728.0
684938,388.0373333333325,18,18.02906941094312,1.2753246754664842,0.05,572.0
684939,457.44666666666853,29,11.65439374621591,1.4253367789926332,0.05,627.0
684940,90.28333333333323,4,26.97339330145923,0.6200941578506121,0.05,227.0
684941,298.0840000000014,12,21.693681873223635,1.2192327107522911,0.05,566.0
684942,39.45799999999998,1,28.71,0.4825714287244105,0.05,100.0
684943,429.5180000000001,26,12.91925874607189,1.4287825896578725,0.05,552.0
684944,440.0993333333359,23,16.434056770713617,1.172154376333741,0.05,703.0
684945,35.36999999999997,1,28.566361239640084,0.483415434725335,0.05,87.0
684946,1146.876666666694,21,12.119473829429468,1.6685714318193292,0.05,1200.0
684947,45.69466666666669,1,28.708809777419855,0.5285711447625031,0.05,114.0
684948,335.9113333333353,16,18.422131690315155,1.3994371780757584,0.05,557.0
684949,26.269999999999975,1,28.567164179104477,0.4423347696149292,0.05,67.0
684950,39.32266666666665,1,28.701030927835053,0.4768777614112385,0.05,97.0
684951,510.2266666666682,2,27.895232897140353,0.6714706486408376,0.05,1200.0
684952,116.5086666666668,8,24.785664307994825,1.1148504081129604,0.05,253.0
684953,487.72133333334585,1,28.975833333333334,0.485714285708776,0.05,1200.0
684954,556.8093333333371,21,16.856045424611946,1.4114816827759997,0.05,848.0
684955,143.9139999999999,13,20.773180837808262,1.154305667082743,0.05,287.0
684956,164.55600000000055,12,22.04893104796529,1.2780720798968026,0.05,329.0
684957,30.94933333333329,1,28.61842105263158,0.4519174811408257,0.05,76.0
684958,738.7713333333179,11,20.172346906864483,1.7344047619047918,0.05,1200.0
684959,518.3833333333349,29,11.920970421173836,1.3594141608899666,0.05,673.0
684960,420.8113333333331,21,14.85998452147027,1.4448380330925192,0.05,613.0
684961,25.759333333333316,1,28.553846153846155,0.4612120315099693,0.05,65.0
684962,173.84999999999914,11,22.99319600958632,0.9764195298372517,0.05,395.0
684963,491.40933333333203,24,15.382478507186123,1.373576022660273,0.05,700.0
684964,604.6379999999984,8,22.55916133042603,1.7239031191083658,0.05,1200.0
684965,861.1806666666738,20,13.32364289078142,1.3615395415851148,0.05,1200.0
684966,545.3286666666677,23,16.864390579264303,1.1849739699537778,0.05,801.0
684967,624.1026666666678,28,11.118903628507763,1.4136598212184064,0.05,753.0
684968,561.3240000000009,5,26.659705964445916,1.310344796825667,0.05,1200.0
684969,251.9266666666663,12,21.21803669629399,1.457934675027657,0.05,433.0
684970,308.11666666666537,18,19.005987554023882,1.2180551238390276,0.05,614.0
684971,481.6553333333339,26,13.15720970786965,1.3398004670022834,0.05,673.0
684972,26.48799999999997,1,28.567164179104477,0.40690333355119473,0.05,67.0
684973,187.71066666666613,14,20.829112500808595,1.3805277719843563,0.05,336.0
684974,194.61799999999997,18,17.43261478216165,1.21611502425484,0.05,328.0
684975,160.79466666666625,10,22.38284016596065,1.2847290834607745,0.05,348.0
684976,408.4493333333326,27,10.508881311474795,1.383039030034472,0.05,536.0
684977,377.92933333333207,25,12.7870302864476,1.2954206422493475,0.05,544.0
684978,320.65733333333316,15,19.328569157815707,1.2515762045442314,0.05,544.0
684979,909.8219999999849,22,11.680814838063855,1.6650594673214312,0.05,1200.0
684980,1017.1960000000067,22,13.184932568591783,1.6217415472235701,0.05,1200.0
684981,295.71733333333356,22,15.139112844755656,1.2725621407548136,0.05,465.0
684982,419.13599999999894,28,12.272457126737136,1.3264771546633387,0.05,532.0
684983,166.62866666666721,7,24.562207806324064,1.2990876465187065,0.05,280.0
684984,286.4760000000005,21,14.841593136580574,1.2407254215727255,0.05,449.0
684985,468.5646666666659,21,18.32180958406025,1.2754854835616742,0.05,743.0
684986,1130.0380000000105,26,7.293143282425181,1.5859050130753036,0.05,1200.0
684987,504.14066666666776,26,14.43923473941331,1.3357049408630117,0.05,711.0
684988,297.59933333333316,21,14.820982415882574,1.3613972469035203,0.05,423.0
684989,402.7793333333332,18,17.740472409353277,1.150215799980992,0.05,637.0
684990,719.0253333333318,29,13.28835440532587,1.4552034285411168,0.05,987.0
684991,302.7139999999997,23,15.061606217385526,1.3038246518180343,0.05,417.0
684992,217.981333333334,15,18.813985683459435,1.1728276877778996,0.05,388.0
684993,422.54933333333395,18,20.026038349670465,1.0776355366645463,0.05,725.0
684994,312.9600000000001,22,14.982051626802383,1.3723466270928826,0.05,495.0
684995,99.40533333333337,8,23.237763433007885,1.1422569237367959,0.05,238.0
684996,534.7566666666668,19,20.18909043542913,1.1750199073441916,0.05,1033.0
684997,501.6139999999998,21,14.062436593125701,1.34654181169869,0.05,683.0
684998,216.89466666666635,14,19.484550436664055,1.1945644849251627,0.05,350.0
684999,216.37000000000043,12,21.27279282794181,1.2468828223078157,0.05,393.0
685000,1205.2553333333292,29,7.601116100803086,1.6608144947069057,0.05,1200.0
685001,180.7073333333335,16,17.83980019301763,1.273595873664879,0.05,330.0
685002,586.8166666666656,26,11.48890609060402,1.4059338211827614,0.05,756.0
685003,183.8426666666668,13,19.84469798265192,1.1662413009792312,0.05,347.0
685004,523.6306666666652,23,14.789769263507317,1.5441719596969241,0.05,783.0
685005,185.28133333333332,13,21.0324616544291,1.3317151866263024,0.05,359.0
685006,197.30799999999988,15,20.36189261865533,1.2873836400104173,0.05,445.0
685007,218.83999999999952,19,17.080635158423046,1.4202895715116173,0.05,369.0
685008,240.06533333333317,16,17.95835420363358,1.429372196214138,0.05,360.0
685009,344.5593333333344,20,16.583855116015357,1.2725732278921438,0.05,563.0
685010,395.1066666666653,24,13.02370120473089,1.342239534733979,0.05,537.0
685011,202.15800000000024,19,17.00785642022071,1.2314616022853477,0.05,346.0
685012,285.09333333333365,25,17.02944071595062,1.3433313580266226,0.05,482.0
685013,408.80866666666725,22,14.536198150561486,1.3902875497504474,0.05,588.0
685014,68.88999999999989,7,24.043100588866658,1.124521353283084,0.05,164.0
685015,437.51200000000165,20,17.105637628378616,1.3177959183673489,0.05,700.0
685016,281.60866666666635,12,21.70242166522069,1.3381402988873912,0.05,519.0
685017,332.1386666666665,23,14.33253837659217,1.3230629539983132,0.05,472.0
685018,255.09933333333254,19,15.729210587781987,1.2455160478075775,0.05,371.0
685019,1114.615333333333,29,8.410015139278476,1.5612380953832838,0.05,1200.0
685020,344.77466666666487,23,15.691582431103171,1.2687827492546258,0.05,551.0
685021,448.1853333333305,19,17.991375539293195,1.3096621271308366,0.05,723.0
685022,120.63533333333339,8,23.488190973928255,1.1570733523344987,0.05,321.0
685023,361.84266666666537,22,14.465964126278898,1.3756855357160627,0.05,540.0
685024,565.9053333333328,26,9.245970391311024,1.5891907010127895,0.05,658.0
685025,840.5986666666745,28,8.534573839342361,1.5673607220414876,0.05,892.0
685026,389.1193333333337,25,14.835409032260854,1.3496401552819974,0.05,586.0
685027,349.83933333333374,21,15.55165478192873,1.3667408205970613,0.05,547.0
685028,207.30133333333382,23,12.41738779505722,1.3315439268410993,0.05,297.0
685029,446.9680000000009,26,11.081547032288302,1.506938842781028,0.05,508.0
685030,444.297333333335,13,18.6430211818554,1.5727716727718335,0.05,702.0
685031,197.36333333333377,19,14.924985611948838,1.359753580065298,0.05,301.0
685032,312.6673333333348,16,17.868064411495425,1.3463394463266232,0.05,471.0
685033,364.3753333333335,27,9.120980064990523,1.4524339803911726,0.05,467.0
685034,374.91333333333506,24,9.83851537984382,1.4418618403955368,0.05,506.0
685035,429.16733333333303,19,15.750552677510322,1.506097411856407,0.05,638.0
685036,318.53599999999966,27,10.678554735072648,1.31231929069422,0.05,494.0
685037,393.8913333333316,24,11.714102438480936,1.3560399170873294,0.05,544.0
685038,312.74466666666655,26,10.470935593113401,1.2188918644056712,0.05,428.0
685039,468.11066666666653,27,10.922260963378173,1.4906287920588273,0.05,518.0
685040,270.3300000000004,17,16.051676071755487,1.2996341968145382,0.05,429.0
685041,264.7760000000007,21,13.03283979193313,1.35901969025415,0.05,359.0
685042,298.90866666666676,22,13.820327627911448,1.3674734008710492,0.05,459.0
685043,297.04199999999906,19,14.611766123269978,1.454800835543841,0.05,421.0
685044,378.884666666668,20,15.531960862453522,1.392260569605855,0.05,560.0
685045,161.14400000000006,19,14.701672956155234,1.3260856163559416,0.05,277.0
685046,321.14133333333285,25,10.916799190106875,1.387221316712017,0.05,447.0
685047,444.24733333333404,24,11.58756183871929,1.4345582632230667,0.05,535.0
685048,380.2906666666667,24,12.161878034068225,1.3779877714046949,0.05,514.0
685049,766.6920000000126,17,14.634995736531948,1.465947577976969,0.05,1200.0
685050,267.96533333333326,13,20.956991769712523,1.004482220791847,0.05,600.0
685051,527.448666666668,29,8.940070255823942,1.483476216609771,0.05,600.0
685052,915.2099999999954,23,12.09926448513576,1.3695476213266087,0.05,1200.0
685053,1077.7319999999952,22,9.557227282455216,1.6513014752875483,0.05,1200.0
685054,837.7759999999976,27,8.643398846429443,1.4558333957280643,0.05,1200.0
685055,214.18066666666658,16,17.25272907111811,1.3142026587979019,0.05,344.0
685056,510.18733333333273,29,9.23601405907608,1.4040354492448448,0.05,669.0
685057,369.78133333333426,22,14.438161586754102,1.3252541466024614,0.05,534.0
685058,414.3460000000014,26,10.88083436712436,1.4584128840700363,0.05,563.0
685059,414.9266666666669,24,12.732931721845455,1.4969925388599103,0.05,570.0
685060,1159.8506666666583,23,8.883252175628977,1.5488809531964527,0.05,1200.0
685061,112.1906666666663,11,21.360843676430825,1.3198482933052673,0.05,226.0
685062,277.68466666666626,17,16.72211643506812,1.4037146157020255,0.05,400.0
685063,302.1193333333325,22,14.230330208163542,1.3004225473523205,0.05,465.0
685064,934.1160000000071,29,8.985363147656287,1.5649107149177146,0.05,1054.0
685065,220.88000000000002,18,16.72393775255672,1.4019084826646777,0.05,417.0
685066,430.01599999999945,24,13.136720402287752,1.481014664948987,0.05,627.0
685067,132.4820000000001,10,22.253691977607645,1.2593410535171645,0.05,325.0
685068,317.43933333333166,21,14.464536890464398,1.4910991447590987,0.05,451.0
685069,1245.6499999999864,27,4.514680233480969,1.6700473985703135,0.05,1200.0
685070,481.4553333333342,25,10.333924539859263,1.521488595438178,0.05,595.0
685071,1054.5886666666643,22,10.706824300784742,1.5325476281605064,0.05,1200.0
685072,571.2193333333319,26,8.496390074331053,1.6043599257890735,0.05,616.0
685073,197.39133333333348,15,17.131849198869723,1.5386347898530683,0.05,406.0
685074,479.594,25,10.645348765864217,1.5194630414001877,0.05,585.0
685075,253.75466666666625,23,10.727926731761029,1.4451362503020464,0.05,321.0
685076,315.55600000000004,26,8.711862779793872,1.4611998885660131,0.05,382.0
685077,939.294666666668,18,12.182682678822621,1.8101266998103342,0.05,1200.0
685078,404.6426666666668,25,8.747458269613201,1.5357371356245482,0.05,481.0
685079,409.44333333333367,27,7.881372138593493,1.549087584794597,0.05,454.0
685080,181.17800000000022,15,15.953229955256734,1.671926967234057,0.05,283.0
685081,237.18466666666737,18,13.851110190490346,1.465669915688788,0.05,315.0
685082,405.57866666666746,25,8.736975790847373,1.4928571461029363,0.05,464.0
685083,231.90733333333344,18,14.085443925820247,1.5089915950530652,0.05,344.0
685084,171.6646666666664,16,15.940012013783216,1.45574620300067,0.05,303.0
685085,1209.277333333312,27,5.399842470186529,1.6997401724902974,0.05,1200.0
685086,199.7453333333339,20,12.433826976345918,1.4953605879709095,0.05,311.0
685087,355.4813333333319,25,9.90196909181086,1.4613916668605906,0.05,464.0
685088,691.5246666666659,27,8.529843112395907,1.4958761773398421,0.05,779.0
685089,137.7653333333333,18,14.954733498297017,1.3970154144583318,0.05,233.0
685090,433.5719999999997,25,8.893515187034149,1.561059907834102,0.05,496.0
685091,1209.31266666666,25,5.888987237335208,1.8070714287318193,0.05,1200.0
685092,268.37200000000024,26,9.340311897530235,1.4019761461040925,0.05,347.0
685093,182.62066666666632,22,11.172582191630203,1.3832392026681657,0.05,258.0
685094,1051.3833333333462,18,12.306089998558589,1.8532412996337804,0.05,1200.0
685095,210.80266666666714,18,14.185922516190354,1.3272575706450718,0.05,326.0
685096,1137.6506666666576,18,11.91241753687898,1.8425742725759737,0.05,1200.0
685097,271.98533333333324,25,10.607953807843241,1.5576308734309208,0.05,385.0
685098,398.534666666667,25,8.909034144173328,1.5151923012857609,0.05,468.0
685099,622.222666666665,25,9.257259000061985,1.4456746032026802,0.05,720.0
685100,1213.236000000005,28,5.116101151607255,1.659714311250373,0.05,1200.0
685101,144.28666666666643,20,13.056318302266853,1.4587519978831047,0.05,233.0
685102,252.2293333333335,17,14.801032005523586,1.5111620169248823,0.05,375.0
685103,283.1306666666659,18,13.927622971424993,1.4782753043909695,0.05,405.0
685104,250.36466666666604,23,11.30592474925044,1.557578155923396,0.05,361.0
685105,229.46066666666684,17,14.694970872208613,1.4968366101512651,0.05,352.0
685106,1204.8713333333121,28,4.012075593645578,1.6353809523839578,0.05,1200.0
685107,324.14066666666656,25,9.350590896390589,1.4581426387949097,0.05,440.0
685108,1308.9146666666645,28,3.008067638336363,1.6745715715730072,0.05,1200.0
685109,680.1080000000046,30,4.990369663975591,1.6296069272139173,0.05,709.0
685110,495.0913333333323,26,8.217401808750235,1.6640100251073735,0.05,570.0
685111,244.20200000000008,26,8.189938978121399,1.3634590928374486,0.05,337.0
685112,437.751999999999,30,6.355403927938906,1.5260931984218984,0.05,494.0
685113,256.39133333333393,27,7.445834691913672,1.458341013825434,0.05,310.0
685114,223.29466666666733,29,6.669839287740534,1.4008922187352806,0.05,269.0
685115,170.2100000000001,17,13.962599054360252,1.503155479092305,0.05,249.0
685116,340.5673333333347,27,8.195117502791488,1.4244094703843597,0.05,406.0
685117,530.4366666666651,25,10.145814779534533,1.568584014198232,0.05,723.0
685118,324.9066666666672,20,13.523177627096457,1.549261206543699,0.05,431.0
685119,371.2333333333313,21,12.70172853646131,1.6133940713296622,0.05,498.0
685120,228.01933333333366,22,12.49333626968551,1.4449581064097523,0.05,341.0
685121,1231.7373333333205,27,4.818525505107827,1.7678816046966968,0.05,1168.0
685122,117.4193333333331,18,14.199446090837307,1.3494709008811927,0.05,216.0
685123,98.56400000000012,10,19.228859356935807,1.5417708214125028,0.05,221.0
685124,101.08066666666636,7,25.316688672740366,1.1489795918459087,0.05,210.0
685125,631.5593333333338,27,11.926320645600722,1.4298379589927352,0.05,767.0
685126,253.14266666666634,14,21.405198135755885,1.2055778548045506,0.05,482.0
685127,299.9793333333313,18,18.258173500993482,1.4178104314713316,0.05,537.0
685128,158.89266666666657,15,19.70048628845794,1.2415936315484886,0.05,305.0
685129,318.48200000000077,15,20.754855945667597,1.2171249024052435,0.05,589.0
685130,232.7179999999997,16,19.03876676016488,1.2753483263999992,0.05,394.0
685131,537.4773333333336,25,16.741309189952723,1.3597455387737145,0.05,907.0
685132,233.37200000000013,10,21.566831476453814,1.3452142874584245,0.05,400.0
685133,117.92266666666677,7,24.454881543769474,1.1258515890966632,0.05,264.0
685134,350.39266666666595,21,18.744553789304625,1.2863443212307488,0.05,645.0
685135,181.10200000000063,11,22.568680123991115,1.2731361933094862,0.05,343.0
685136,720.5966666666567,19,15.705618589722942,1.3307142858937524,0.05,1200.0
685137,76.30800000000012,1,28.197390691097457,0.927781303736535,0.05,202.0
685138,592.7566666666673,26,15.17834915727683,1.330272502065579,0.05,865.0
685139,509.42599999999834,29,12.247097309720274,1.3546768446108988,0.05,708.0
685140,332.0979999999993,19,18.62323185414789,1.2976573984692623,0.05,606.0
685141,265.6860000000003,17,19.575436427194443,1.3220057712671123,0.05,463.0
685142,143.8713333333334,8,24.93551330550186,1.156636883356104,0.05,367.0
685143,639.7386666666677,28,14.73966547348334,1.1713965406790579,0.05,892.0
685144,315.4513333333348,19,18.067756572691152,1.3793468419856991,0.05,565.0
685145,391.8299999999988,25,14.968109639020938,1.4564552342347135,0.05,587.0
685146,516.5506666666586,3,26.948585393667063,0.6298012467304401,0.05,1200.0
685147,288.6753333333336,17,19.85951321711263,1.2489146470970267,0.05,577.0
685148,251.59266666666645,15,19.50578837781282,1.4801803838851304,0.05,503.0
685149,24.49466666666665,1,28.524590163934427,0.4763462716839843,0.05,61.0
685150,76.99600000000008,2,28.21962888833547,0.670301839651932,0.05,191.0
685151,398.974666666667,26,14.833227010711951,1.259447916368778,0.05,584.0
685152,24.31399999999998,1,28.516666666666666,0.4575738777987623,0.05,60.0
685153,551.9219999999995,23,17.051805543270042,1.35686491519455,0.05,846.0
685154,115.02599999999995,7,25.491507382543755,1.0913500916374983,0.05,279.0
685155,494.99600000000345,5,25.4405760649593,0.5238801009093198,0.05,1200.0
685156,613.0719999999975,19,18.018679813182676,1.5370051655445296,0.05,913.0
685157,154.7986666666665,9,24.448770389439783,1.1571012552423598,0.05,343.0
685158,46.58199999999993,2,28.039779235833414,0.46122448978670727,0.05,112.0
685159,60.36666666666685,1,28.357326380133184,0.775659738239082,0.05,162.0
685160,47.401999999999916,2,28.063792148531654,0.778924909851948,0.05,125.0
685161,876.8720000000009,27,12.228233848191243,1.483121644636351,0.05,1091.0
685162,193.45533333333339,13,19.763491466392527,1.4573318346412132,0.05,340.0
685163,542.8659999999988,18,17.190779655524327,1.4923996265182646,0.05,765.0
685164,281.97466666666645,23,14.176553631201017,1.287748125643975,0.05,426.0
685165,287.87400000000025,19,18.04407392956521,1.4162628439857035,0.05,448.0
685166,37.610666666666724,1,28.69148936170213,0.49422492399576423,0.05,94.0
685167,157.16666666666677,10,23.150461850311167,1.0667236955102986,0.05,334.0
685168,410.398666666666,26,14.404217237994082,1.285062914316271,0.05,523.0
685169,57.10733333333343,1,28.479119411373535,0.5204081633356988,0.05,140.0
685170,248.72466666666662,15,21.136382215612336,1.1586535723602807,0.05,438.0
685171,241.1926666666673,13,21.793940836881493,1.2981570475566904,0.05,496.0
685172,94.54866666666652,4,26.46106345524141,0.6617096028234764,0.05,244.0
685173,1038.4120000000037,23,11.897176963853497,1.5678773301147486,0.05,1200.0
685174,413.86999999999875,25,13.715613436193006,1.2780171512308636,0.05,683.0
685175,258.21466666666674,18,17.473169808522016,1.3558774476421507,0.05,406.0
685176,475.35533333333444,26,11.501685132409674,1.461579719499026,0.05,586.0
685177,245.3760000000002,13,21.323976949241654,1.2939849624054622,0.05,456.0
685178,426.34800000000115,21,18.35446131574308,1.2376862104373376,0.05,737.0
685179,767.1786666666685,28,12.157972519920005,1.4855233133264885,0.05,1085.0
685180,367.68133333333384,21,16.741849028466905,1.367408632134587,0.05,573.0
685181,304.1673333333332,15,19.85354267323265,1.5044865496834572,0.05,519.0
685182,343.73333333333557,21,14.200635104964256,1.4239408869034835,0.05,580.0
685183,329.84066666666797,16,18.366189289752867,1.5028032536461715,0.05,530.0
685184,475.8879999999971,26,11.281268193578565,1.4005021934408157,0.05,569.0
685185,564.3673333333356,29,10.305995776251287,1.417553261416446,0.05,682.0
685186,816.1833333333373,25,10.2044578121982,1.3927146295871133,0.05,1200.0
685187,215.54199999999855,11,20.929090797363678,1.5165875388953456,0.05,430.0
685188,380.38199999999824,19,17.071986111780408,1.4235223287252747,0.05,611.0
685189,103.63666666666626,5,25.722843989816365,0.9179106442458881,0.05,260.0
685190,1137.4706666666764,27,6.678053164819638,1.6721042619183548,0.05,1200.0
685191,241.3646666666661,21,16.131497494179367,1.2522241524678919,0.05,423.0
685192,565.7293333333312,26,16.066657277704703,1.3347231935557837,0.05,878.0
685193,480.7153333333306,7,23.79844325554812,1.0836686017072383,0.05,1200.0
685194,157.6893333333335,12,21.865954742439666,1.2727122257092713,0.05,345.0
685195,519.9473333333339,26,12.200208844436297,1.5020688254679992,0.05,620.0
685196,397.45000000000107,27,11.445387964821853,1.415011190626913,0.05,512.0
685197,182.25199999999936,10,21.530565443644015,1.5439371624954856,0.05,291.0
685198,355.81266666666824,18,17.08062295776004,1.373226778618022,0.05,584.0
685199,485.94266666666897,25,11.165518391644481,1.4926058865770937,0.05,597.0
685200,206.63733333333298,13,19.308796123947083,1.299859145666148,0.05,399.0
685201,210.5853333333336,12,20.860622273513897,1.2829111057427796,0.05,407.0
685202,438.11733333333376,22,14.760890188518898,1.4686511860817744,0.05,581.0
685203,512.8853333333321,28,12.27483589102402,1.358009549454094,0.05,688.0
685204,262.3026666666673,19,17.28932147747983,1.2511091400931287,0.05,483.0
685205,100.02133333333371,8,23.958488460744025,1.1317799294712942,0.05,245.0
685206,397.2306666666684,22,16.24514075847681,1.292966514259878,0.05,617.0
685207,147.9473333333335,11,21.40447427125934,1.2020911537396517,0.05,329.0
685208,176.68400000000014,10,22.71423609108376,1.3123866434437848,0.05,414.0
685209,360.9253333333347,28,11.688305845308301,1.3314103948958182,0.05,473.0
685210,379.12800000000004,23,16.61577030008076,1.2574505509144032,0.05,673.0
685211,458.3653333333322,26,13.702330925309127,1.4822335185146667,0.05,607.0
685212,37.041333333333306,2,27.27127659574463,0.5261398135474452,0.05,94.0
685213,109.53799999999987,11,21.52742544178844,1.2336736496341838,0.05,252.0
685214,403.63133333333366,24,12.800195793796869,1.4589577391860598,0.05,551.0
685215,540.7206666666672,26,12.953859419577597,1.3718478285408782,0.05,721.0
685216,169.66066666666703,11,22.369330278273257,1.2485644654326529,0.05,368.0
685217,319.8926666666675,16,19.319292789869998,1.3333164598472587,0.05,556.0
685218,291.9559999999994,23,13.288987608515438,1.476908813810766,0.05,412.0
685219,113.47266666666646,9,22.82746266573277,1.2373099473319473,0.05,265.0
685220,637.9360000000024,30,8.137467960905788,1.5660383821290982,0.05,657.0
685221,236.37666666666664,17,16.407363529833074,1.2975634246562744,0.05,407.0
685222,1167.667999999986,29,5.9685852364535235,1.5587143446265748,0.05,1200.0
685223,214.54066666666762,9,23.377878284986096,1.2251921889824242,0.05,456.0
685224,303.06733333333335,25,13.515092539360886,1.3490313595385885,0.05,453.0
685225,337.4746666666674,23,13.542336552217602,1.5128286347809605,0.05,451.0
685226,230.10466666666682,15,18.1273566486934,1.5019370661778004,0.05,354.0
685227,642.0326666666655,29,11.212824534773373,1.4828111442509797,0.05,786.0
685228,504.80266666666813,25,13.710037985298637,1.5470644530488287,0.05,747.0
685229,361.0606666666661,29,8.42321351349382,1.459546061415812,0.05,428.0
685230,392.4586666666678,27,10.981045346789623,1.4382176068767052,0.05,489.0
685231,903.7879999999991,22,9.862429715919408,1.3658862631667106,0.05,1200.0
685232,238.84666666666695,18,14.926693313069688,1.490704502663667,0.05,292.0
685233,294.87733333333426,23,11.915558965132217,1.3811386657382083,0.05,409.0
685234,305.5320000000003,23,13.417816649200276,1.328192566912226,0.05,439.0
685235,214.9193333333339,23,12.507498548304897,1.3836634390365674,0.05,288.0
685236,438.07466666666596,29,9.654530761015021,1.4600843772527075,0.05,564.0
685237,1209.3779999999902,29,4.119679963281821,1.6551336406061392,0.05,1200.0
685238,178.53866666666607,14,17.983366409890277,1.254162394600216,0.05,278.0
685239,353.3773333333341,29,6.8112123953721495,1.380470512276911,0.05,395.0
685240,260.90133333333256,20,14.019703799912175,1.4243444328838588,0.05,365.0
685241,390.1526666666662,25,10.613005336762834,1.2986907199123152,0.05,491.0
685242,307.01666666666677,20,13.871214616762467,1.348989575211373,0.05,410.0
685243,421.7879999999996,28,9.704664091164663,1.4182714314602645,0.05,619.0
685244,335.15600000000023,22,13.091289185375013,1.295611814907068,0.05,459.0
685245,1072.4106666666487,28,7.425720534802753,1.524380705365032,0.05,1200.0
685246,409.19066666666777,25,10.066181230781112,1.4207101544641234,0.05,534.0
685247,212.03266666666676,24,12.807772583419544,1.3708416446286387,0.05,292.0
685248,124.07000000000002,13,19.202832781982913,1.3094198378041368,0.05,229.0
685249,288.7639999999994,25,10.697139182285522,1.4245729943151604,0.05,419.0
685250,763.5246666666515,21,10.334899571113361,1.5582515579814422,0.05,1200.0
685251,183.83933333333317,16,17.31896352145749,1.3173258768353429,0.05,353.0
685252,378.6953333333347,28,8.148707390311394,1.401442793171506,0.05,473.0
685253,247.70000000000033,18,16.154970717091597,1.3163066261673284,0.05,410.0
685254,467.58866666666574,26,10.277862388624044,1.5168740667041887,0.05,574.0
685255,261.7186666666672,23,11.610385970805485,1.4681718678037563,0.05,412.0
685256,368.8046666666682,24,10.540034026774777,1.3835166227781441,0.05,434.0
685257,482.65333333333126,23,11.120156047132603,1.5175547581714264,0.05,566.0
685258,459.0406666666681,26,11.485809891880498,1.4164920525169908,0.05,648.0
685259,145.6439999999998,15,17.94985114571244,1.3013658743852428,0.05,289.0
685260,456.94066666666686,26,11.07542894622073,1.381366487441454,0.05,575.0
685261,402.6380000000009,18,15.855577849478598,1.454952225628845,0.05,613.0
685262,472.14933333333295,25,12.302141368244932,1.3399463081126164,0.05,638.0
685263,636.1246666666642,12,18.21565037052214,1.5832142392410917,0.05,1200.0
685264,365.10066666666876,24,12.476168602307654,1.5063599271319155,0.05,501.0
685265,333.4073333333333,25,11.108805221771682,1.3786699945222245,0.05,454.0
685266,226.49799999999917,24,10.92238572741815,1.29132752646942,0.05,336.0
685267,371.89533333333236,26,10.577481316270381,1.398902759690049,0.05,467.0
685268,545.1906666666671,28,8.77604662026534,1.5089965797214113,0.05,722.0
685269,541.2606666666671,27,9.594541393586342,1.2926945962294278,0.05,659.0
685270,138.8066666666659,7,23.513982154214954,1.2197568452059204,0.05,282.0
685271,409.8126666666658,21,13.558014361623348,1.438112118198111,0.05,569.0
685272,53.380000000000024,4,24.787361558283866,0.960135766842928,0.05,149.0
685273,159.82466666666662,12,20.494272558041487,1.3010890346315478,0.05,341.0
685274,218.56466666666657,19,13.881744115969315,1.2153162231321122,0.05,319.0
685275,160.89533333333316,19,12.938154367022394,1.4753968253991898,0.05,216.0
685276,411.57933333333494,26,7.157142265521363,1.4504090628801056,0.05,454.0
685277,952.2146666666712,17,12.972165519776187,1.806571428571428,0.05,1200.0
685278,1035.6093333333101,21,9.727266345136853,1.6647384760903468,0.05,1200.0
685279,1168.0233333333306,26,4.813298676246678,1.7749048087737826,0.05,1200.0
685280,398.80666666666684,26,8.775123702133198,1.5393156044342622,0.05,516.0
685281,310.9486666666667,25,9.181605222277366,1.4771575315776444,0.05,406.0
685282,240.5026666666664,27,9.192553774771342,1.3991667222881752,0.05,305.0
685283,294.97800000000046,28,7.825860427118743,1.4942502414974543,0.05,347.0
685284,1181.744000000015,27,4.593895995370842,1.5015402083854021,0.05,1200.0
685285,162.6119999999996,23,11.015858950115373,1.4999412110523571,0.05,243.0
685286,431.63400000000087,28,7.534404915584146,1.4671179854178678,0.05,529.0
685287,224.8259999999995,24,11.06454427764021,1.2676096185364216,0.05,303.0
685288,356.286,24,9.288957339314926,1.4758382320011134,0.05,419.0
685289,178.28799999999993,24,10.06125660076678,1.4012607249631515,0.05,260.0
685290,348.63533333333334,26,8.72105282176996,1.4690205709200637,0.05,460.0
685291,201.57333333333307,26,8.214081839447774,1.3829444165993656,0.05,248.0
685292,259.61266666666637,28,6.702965490551214,1.4210569777099809,0.05,346.0
685293,189.08266666666665,22,11.022182694474532,1.4214027060075514,0.05,275.0
685294,325.54933333333213,28,7.940333952804264,1.5005153617667675,0.05,401.0
685295,211.0713333333324,17,13.894308336451026,1.6082892416225765,0.05,324.0
685296,222.6246666666669,29,6.612018383811408,1.3302282032204793,0.05,297.0
685297,194.96333333333396,26,8.747038029362312,1.3758746079546507,0.05,270.0
685298,429.64933333333335,27,8.006983455919633,1.4480908501199279,0.05,505.0
685299,186.04333333333287,20,13.232674752458793,1.3814282500864459,0.05,310.0
685300,1233.127333333352,25,5.432107817900203,1.7257043980646196,0.05,1200.0
685301,1356.985999999986,26,4.845502876098379,1.7807381010133883,0.05,1200.0
685302,1395.5786666666438,30,2.2882404282267745,1.780238738713307,0.05,1200.0
685303,357.0480000000005,25,10.2777714778878,1.5333776364735419,0.05,437.0
685304,346.22533333333297,24,9.372492147601333,1.528349699082743,0.05,451.0
685305,177.04999999999953,21,12.722238877191263,1.4090745732924166,0.05,318.0
685306,246.65533333333303,24,10.320140288646076,1.3976685969030793,0.05,379.0
685307,252.11799999999988,18,14.277614996919612,1.6532962752609026,0.05,396.0
685308,1222.6506666666694,27,5.370337457704587,1.7917380957969347,0.05,1200.0
685309,879.7973333333326,22,9.056753358344755,1.554211647113843,0.05,1200.0
685310,202.144666666667,23,10.583665138544932,1.390201134608914,0.05,277.0
685311,352.1693333333325,28,7.902948054653537,1.4875242404677256,0.05,442.0
685312,238.9733333333327,27,7.660519512554105,1.484218840049072,0.05,294.0
685313,367.1293333333317,23,10.987335060784602,1.535343304648542,0.05,441.0
685314,315.76066666666685,26,7.962568014944387,1.4414584941803068,0.05,388.0
685315,1054.429999999995,26,5.666466903437095,1.6599047619049239,0.05,1200.0
685316,285.2153333333335,26,8.792856151869046,1.3942244872836613,0.05,361.0
685317,1393.472666666631,28,3.665849446667514,1.8220754873499068,0.05,1200.0
685318,203.49866666666688,23,9.951703670161294,1.416193920116088,0.05,277.0
685319,520.7539999999985,23,10.27926800035516,1.6359630426994407,0.05,603.0
685320,398.04666666666657,29,6.975864224109243,1.6458020067764274,0.05,456.0
685321,310.83466666666607,27,9.540719521065428,1.4171869263928754,0.05,389.0
685322,326.0873333333345,27,7.982577618550449,1.5091709251418561,0.05,379.0
685323,344.0320000000002,29,7.974455403979964,1.4710932261734928,0.05,426.0
685324,482.84066666666513,22,17.91474656272154,1.3810009054321928,0.05,821.0
685325,910.1513333333254,18,15.237023476484735,1.693228962897559,0.05,1095.0
