683325,93.02780645161262,31,12.064379207035643,0.9930033966696703,0.7968000000000001,1000.0
683326,22.837032258064493,24,9.680496264636218,0.9119962928903212,0.7936128,486.0
683327,28.173548387096805,31,7.869115957560359,0.9666587410017086,0.7904383488,641.0
683328,22.667161290322568,3,16.693728391770783,0.7171713595933025,0.7872765954048,158.0
683329,111.98238709677402,30,11.224306844802182,1.0547558389556986,0.7841274890231809,1053.0
683330,81.13864516129034,7,20.441348668705242,1.0051480523314111,0.7809909790670881,487.0
683331,18.00206451612904,2,18.32903918319329,0.7330681353461405,0.7778670151508198,126.0
683332,52.57361290322576,13,16.270381850342254,0.9271354759903998,0.7747555470902165,351.0
683333,90.56748387096779,27,9.884807899297524,1.0528494135235078,0.7716565249018555,1200.0
683334,45.66012903225808,4,20.41522387261284,0.8585738635747686,0.7685698988022481,236.0
683335,41.92245161290328,15,14.2693952450107,0.940810086261133,0.7654956192070391,377.0
683336,42.142258064516184,30,8.275341021307113,1.0203530134657721,0.762433636730211,667.0
683337,71.8015483870969,29,10.52928386187048,1.0688324636364315,0.7593839021832902,711.0
683338,169.86412903225806,18,13.53848152544269,1.1242130496843579,0.756346366574557,1200.0
683339,99.27025806451644,26,8.393260882901476,0.9916919452643619,0.7533209811082587,1200.0
683340,21.61290322580644,5,15.214052838160947,0.6859659100742521,0.7503076971838257,171.0
683341,114.25070967742033,28,7.3096354821931495,1.0906197929945634,0.7473064663950905,1200.0
683342,60.26961290322583,31,5.41329657329751,1.1092667787056458,0.7443172405295101,1200.0
683343,41.92645161290318,30,8.104425113147325,1.0212947826234486,0.7413399715673921,518.0
683344,106.75935483870987,23,12.851264604704422,1.0630737632126432,0.7383746116811225,730.0
683345,123.64445161290364,27,10.195431233975325,1.0760148217954593,0.735421113234398,1200.0
683346,58.474774193548384,8,19.094666618540128,0.9675609589146598,0.7324794287814603,354.0
683347,120.72412903225809,16,17.314927566450496,1.00086024546925,0.7295495110663346,714.0
683348,134.5701935483874,22,13.351416816292316,1.0943549564830495,0.7266313130220692,971.0
683349,37.65812903225808,14,14.469154713181988,0.9069954456141232,0.723724787769981,302.0
683350,44.81593548387098,4,19.53068187696236,0.8394238670284807,0.720829888618901,263.0
683351,193.11129032258202,15,16.198095567317857,1.1379999263238287,0.7179465690644253,1200.0
683352,161.42890322580527,23,12.260424114582701,1.0833675596108903,0.7150747827881676,1200.0
683353,126.06199999999951,28,8.050695369859769,1.1185310410277365,0.712214483657015,1200.0
683354,99.39374193548392,23,14.917340209643454,1.0561989894842332,0.7093656257223869,870.0
683355,43.76851612903232,29,8.842709058491568,1.0180530188436647,0.7065281632194974,502.0
683356,206.01264516129123,22,15.090409415604405,1.1016475290766827,0.7037020505666194,1200.0
683357,102.53083870967735,19,16.008523114710282,1.0704564670186756,0.7008872423643528,661.0
683358,70.72638709677419,23,10.592888515119629,1.0785671278498188,0.6980836933948955,616.0
683359,91.13103225806456,22,12.519393037137126,1.0856987177950503,0.6952913586213159,715.0
683360,62.74438709677434,15,15.466935281149812,1.0458835333137368,0.6925101931868306,393.0
683361,98.00064516129038,28,8.615122681174835,1.0743220972894858,0.6897401524140833,920.0
683362,123.49677419354764,29,7.71784046024495,1.070029174315266,0.686981191804427,1200.0
683363,168.3230322580647,28,12.810670815403409,1.1741209886825232,0.6842332670372092,1050.0
683364,95.22741935483862,26,10.560018404951968,1.1404123241422823,0.6814963339690605,759.0
683365,67.2053548387096,29,9.363161729565876,1.0002633083193995,0.6787703486331842,723.0
683366,46.58232258064512,31,7.479488494654733,1.0742586725725305,0.6760552672386515,501.0
683367,63.89554838709665,28,8.873889886201292,1.0944444966902278,0.6733510461696968,582.0
683368,95.9303225806454,28,9.26288105536566,1.0570276932018356,0.6706576419850181,786.0
683369,72.51283870967751,31,6.588539973806794,1.1328669523365698,0.667975011417078,720.0
683370,53.96658064516115,27,7.186143705852925,1.0351337256677802,0.6653031113714096,769.0
683371,109.39238709677412,27,10.539253233055481,1.1546520414104438,0.6626418989259241,807.0
683372,46.36696774193547,21,11.495492488480597,1.0527250175767255,0.6599913313302204,452.0
683373,0.0,1,0.0,0.0,0.8,169.0
683374,141.04883870967763,20,16.55313664979667,1.185378902615554,0.6547219605408798,714.0
683375,109.04541935483896,30,8.619535616248518,1.1144998260997159,0.6521030726987163,998.0
683376,103.08258064516126,28,11.168486322334005,1.1191606925067397,0.6494946604079215,764.0
683377,52.69987096774193,24,10.673922146011336,1.0299396804408916,0.6468966817662898,471.0
683378,72.20348387096766,26,9.570138002973122,1.0679056164796938,0.6443090950392246,563.0
683379,276.3440645161307,9,20.02643714936566,1.1780355673498386,0.6417318586590677,1200.0
683380,214.64070967741964,23,12.633593456876328,1.237684098821685,0.6391649312244314,1200.0
683381,46.661870967741926,8,17.965817145613038,0.9311437017029645,0.6366082714995337,275.0
683382,96.26974193548372,26,9.9903593945876,1.1107504354569842,0.6340618384135356,809.0
683383,54.307419354838736,20,12.3999813117008,1.0857069526955692,0.6315255910598814,388.0
683384,111.21154838709663,20,14.187958054851178,1.147574478540399,0.6289994886956419,562.0
683385,171.11238709677377,26,7.107243347723741,1.1756481499193656,0.6264834907408594,1200.0
683386,0.0,1,0.0,0.0,0.8,1200.0
683387,153.46083870967678,14,16.86112974822973,1.1134389428861433,0.6214816465507843,725.0
683388,90.67400000000005,28,10.504837691079922,1.0945298188843404,0.6189957199645812,688.0
683389,122.74122580645187,21,15.081516540610483,1.11958302336108,0.6165197370847229,724.0
683390,91.66619354838731,25,11.19147822351448,1.125680725614186,0.6140536581363839,661.0
683391,64.44690322580644,23,11.180304140296556,1.1092534584488112,0.6115974435038384,447.0
683392,167.93948387096728,29,7.811038382248012,1.194305502355539,0.609151053729823,1200.0
683393,172.91167741935445,31,13.623875372570273,1.1888587176754004,0.6067144495149037,1009.0
683394,213.83864516128955,29,12.358084638183966,1.1489080619944139,0.6042875917168442,1200.0
683395,88.1978709677422,26,9.44152644187683,1.1350226437582862,0.6018704413499768,840.0
683396,112.80445161290298,19,14.019161559303331,1.103673714902974,0.5994629595845768,704.0
683397,87.60632258064513,28,10.509191109479701,1.1582750599621223,0.5970651077462386,551.0
683398,242.37277419354837,10,19.380780963429405,1.0566531439014015,0.5946768473152536,1200.0
683399,29.453999999999986,3,15.832177934380242,0.7207318282097396,0.5922981399259926,190.0
683400,80.15270967741951,22,12.724287079382291,1.1776514629119368,0.5899289473662885,459.0
683401,186.0682580645168,28,8.808085921052234,1.245829363292867,0.5875692315768234,1200.0
683402,29.868516129032255,3,13.670403997601378,0.6429911485278399,0.5852189546505161,208.0
683403,117.15174193548361,27,14.645166232434134,1.1955646811456986,0.5828780788319141,634.0
683404,0.0,1,0.0,0.0,0.8,63.0
683405,86.48825806451617,12,17.42983026094296,1.079244497788076,0.57822438025052,425.0
683406,113.2550967741936,25,12.176432304580482,1.118199627669735,0.575911482729518,717.0
683407,196.1839999999962,23,10.50701956796008,1.263779907697334,0.5736078367986,1200.0
683408,37.62645161290319,2,13.735889621129694,0.6671528237184678,0.5713134054514055,249.0
683409,147.65612903225866,28,5.447831202692656,1.291104275457075,0.5690281518295999,1200.0
683410,301.21993548387127,15,17.0177803390825,1.2584095867115908,0.5667520392222815,1200.0
683411,89.55954838709691,18,13.661469748950887,1.217411890489149,0.5644850310653923,488.0
683412,54.69903225806455,5,17.806317453707177,0.845678465293043,0.5622270909411308,273.0
683413,155.67206451612893,16,18.31163406607665,1.1448209477295352,0.5599781825773662,720.0
683414,0.0,1,0.0,0.0,0.8,84.0
683415,102.71412903225813,27,8.526547241076072,1.1963560659822094,0.5555073167676685,661.0
683416,102.94509677419344,9,20.578366587348416,1.1234307433475217,0.5532852875005979,441.0
683417,142.08232258064507,21,16.381655451141334,1.203300381309628,0.5510721463505955,649.0
683418,139.7209032258061,25,13.63606330710706,1.2044767013234179,0.5488678577651931,714.0
683419,105.13483870967711,24,11.488680714380159,1.0909351595074857,0.5466723863341323,680.0
683420,110.50664516129034,26,12.691436435529903,1.172269460565327,0.5444856967887958,654.0
683421,122.83425806451574,31,8.181211313699283,1.2201830124011837,0.5423077540016407,775.0
683422,168.91961290322632,30,7.7899161823060545,1.1710999079157531,0.540138522985634,1200.0
683423,0.0,1,0.0,0.0,0.8,91.0
683424,0.0,1,0.0,0.0,0.8,101.0
683425,221.3268387096779,24,12.748819320053274,1.23516912622717,0.5336827527900443,1200.0
683426,188.97490322580515,29,5.3205409152604455,1.3507209882084852,0.531548021778884,1200.0
683427,119.54806451612878,23,11.810207872542357,1.2114988202043184,0.5294218296917685,684.0
683428,118.29890322580653,23,13.28194618964503,1.1726694260789194,0.5273041423730015,642.0
683429,159.8314838709673,24,12.322957343300876,1.2069359931259414,0.5251949258035095,837.0
683430,84.20206451612887,9,18.126209115237124,1.0376540274884305,0.5230941461002954,423.0
683431,28.57380645161291,5,14.976919858432037,0.7742238762007259,0.5210017695158943,185.0
683432,114.71006451612871,14,18.069759792726117,1.1759636885671294,0.5189177624378306,527.0
683433,155.88864516129036,14,20.016529095723868,1.219356353593107,0.5168420913880793,647.0
683434,112.27632258064514,25,11.574222456990897,1.1702440388543398,0.514774723022527,605.0
683435,262.9425806451609,17,14.343118490263544,1.1663993997984061,0.5127156241304369,1200.0
683436,0.0,1,0.0,0.0,0.8,82.0
683437,97.1226451612903,29,10.882691239965128,1.123570004062669,0.5086221025873795,570.0
683438,127.38625806451628,10,19.540982999495096,1.1856681978230887,0.50658761417703,554.0
683439,181.93025806451683,22,9.330369819391617,1.071601700279701,0.5045612637203218,1200.0
683440,119.33109677419341,27,10.646498058098874,1.16592177425807,0.5025430186654406,677.0
683441,111.16064516129028,30,9.046182377819425,1.2157171962128948,0.5005328465907788,669.0
683442,243.95180645161335,29,12.418816243752877,1.2729457180401855,0.49853071520441566,1200.0
683443,176.39122580645142,28,14.951405537384941,1.2763647699253367,0.49653659234359804,802.0
683444,102.26348387096783,21,13.6363509728188,1.2171140552944413,0.4945504459742236,516.0
683445,59.70509677419344,5,14.56741647577002,0.7378134989572593,0.49257224419032675,331.0
683446,26.33619354838707,3,16.66672914300226,0.743499096963412,0.4906019552135654,168.0
683447,129.61516129032242,24,12.529002441624616,1.1867416114683158,0.48863954739271115,676.0
683448,27.919419354838702,2,15.89193227236762,0.7758848550273586,0.4866849892031403,164.0
683449,95.73567741935483,26,11.451816605068549,1.1785277366783735,0.4847382492463277,589.0
683450,87.32819354838718,13,17.967143501651538,1.104142744775412,0.4827992962493425,376.0
683451,210.48922580645302,23,14.440848039715771,1.2596308254085165,0.4808680990643451,954.0
683452,350.66038709677485,5,23.760552411016867,1.3729396485765029,0.4789446266680877,1200.0
683453,168.0895483870963,24,12.708697951843513,1.2352287216615616,0.47702884816141533,802.0
683454,34.6907741935484,5,15.240205397765651,0.8429706834357341,0.47512073276876965,213.0
683455,222.76161290322577,28,11.06882215802807,1.2722654154712123,0.4732202498376946,1100.0
683456,99.02954838709672,30,9.009035182236419,1.1471590872103135,0.47132736883834386,646.0
683457,143.92174193548408,29,10.01874401412439,1.2402734745848922,0.46944205936299044,743.0
683458,244.31019354838443,25,11.240189228080272,1.2092967699778605,0.4675642911255385,1200.0
683459,134.15322580645147,31,7.3948117202244426,1.267906551304319,0.46569403396103626,781.0
683460,170.37948387096833,30,10.723565676955019,1.2895841970874604,0.4638312578251922,871.0
683461,206.86741935483914,24,8.971468783631172,1.2350541150366139,0.4619759327938914,1200.0
683462,16.632064516129038,2,14.80074537684197,0.7086353328755043,0.4601280290627158,106.0
683463,45.095483870967726,5,18.306156148522057,1.0068528326463768,0.4582875169464649,215.0
683464,124.33251612903241,25,10.943864858010652,1.1635847005321733,0.45645436687867913,643.0
683465,244.8357419354824,25,14.048425863883798,1.3135135393862314,0.4546285494111644,1082.0
683466,314.0694838709685,16,15.141486006150602,1.3443080082262922,0.4528100352135197,1200.0
683467,102.2429677419355,26,12.603128495769694,1.209729322907004,0.45099879507266566,547.0
683468,88.34012903225815,15,15.298707486737205,1.1327424491752305,0.449194799892375,430.0
683469,148.25180645161322,14,18.12125734229396,1.3044264414931797,0.44739802069280543,612.0
683470,138.17503225806468,22,12.075841064538952,1.250813578404349,0.44560842861003425,613.0
683471,121.10393548387101,22,14.14252480473838,1.232132778868273,0.4438259948955941,570.0
683472,110.26619354838682,19,14.284653626857638,1.1792324229952251,0.4420506909160118,532.0
683473,184.13303225806436,23,14.525108601359708,1.287977919209473,0.44028248815234766,816.0
683474,235.59987096773813,28,6.341865011296657,1.389045845549778,0.4385213581997383,1200.0
683475,121.14593548387083,21,12.750756748098762,1.2948508046090577,0.43676727276693933,650.0
683476,86.65845161290329,9,18.89924699288478,1.099757766479108,0.4350202036758716,339.0
683477,131.2807741935487,12,19.14517126009205,1.1771754157875023,0.43328012286116807,485.0
683478,79.25316129032254,19,14.003608287451149,1.2014522947310666,0.43154700236972343,365.0
683479,215.3489677419358,28,10.919964119340323,1.2927182905809402,0.42982081436024455,1008.0
683480,102.91251612903244,27,10.771489440350752,1.1388540658357782,0.4281015311028036,588.0
683481,187.47909677419264,21,13.980646099888013,1.3201874880964206,0.4263891249783924,779.0
683482,213.02980645161242,26,12.665128868927905,1.283077336022721,0.4246835684784787,928.0
683483,149.19038709677451,25,12.50686095143382,1.2190362977550535,0.42298483420456484,727.0
683484,203.83258064516082,23,13.253178214441954,1.3648385404458876,0.42129289486774657,827.0
683485,72.48806451612911,11,17.434807034308214,1.056215294756266,0.41960772328827556,343.0
683486,108.09832258064519,26,11.83232521724496,1.2619811871951663,0.41792929239512255,570.0
683487,93.93754838709687,17,14.474068065509748,1.1398232508293091,0.416257575225542,451.0
683488,111.43109677419352,19,13.71708415152573,1.2283358907677917,0.41459254492463987,477.0
683489,39.92032258064516,4,16.89162177084244,0.8403576005143142,0.4129341747449413,198.0
683490,113.71632258064521,25,9.328459787256946,1.2995035417577072,0.4112824380459615,554.0
683491,150.10103225806492,14,18.78437703808793,1.2711282902287,0.40963730829377765,563.0
683492,291.26664516129205,26,16.34378204748325,1.3487427236916274,0.40799875906060257,1190.0
683493,164.2713548387098,25,13.811005934955451,1.2454534849649466,0.4063667640243601,730.0
683494,83.13470967741954,29,6.73574052347415,1.1930188981488983,0.4047412969682627,531.0
683495,83.89032258064537,15,14.671084003024166,1.1023028683215905,0.4031223317803896,411.0
683496,147.26599999999934,29,9.966819312910788,1.2437999113672162,0.40150984245326815,736.0
683497,263.1814838709691,24,13.223973067600234,1.3394725361657558,0.39990380308345497,1091.0
683498,128.76851612903204,23,11.334489849746488,1.2783761341541717,0.3983041878711212,614.0
683499,45.23135483870961,6,19.313523636029142,1.0576467223214006,0.3967109711196367,228.0
683500,70.48129032258068,9,18.20681395546304,1.174908518766041,0.39512412723515816,311.0
683501,55.26535483870975,26,8.31010363057285,1.1705332629666663,0.3935436307262175,391.0
683502,145.5325161290323,28,12.14395655035641,1.2893923831067813,0.3919694562033127,618.0
683503,38.11838709677414,4,17.53169509755841,0.7633971082559221,0.39040157837849937,180.0
683504,100.13606451612911,30,9.173484466366451,1.1928269305859207,0.3888399720649854,568.0
683505,277.67361290322526,17,13.955554829559645,1.2097479738176566,0.3872846121767255,1200.0
683506,64.10645161290326,6,20.1098783314154,1.1832785142274362,0.38573547372801853,249.0
683507,104.98412903225763,31,6.332180601151807,1.2861052648002944,0.3841925318331065,591.0
683508,130.39296774193508,24,10.751128133373289,1.3107394358183608,0.38265576170577403,629.0
683509,111.52348387096755,18,13.618860419401244,1.1803141100220726,0.3811251386589509,493.0
683510,273.47245161290783,22,9.5242088225557,1.356728126646486,0.37960063810431516,1200.0
683511,99.00600000000007,16,15.998033302016523,1.2204653759830097,0.3780822355518979,420.0
683512,197.07670967741902,26,11.62594302871279,1.3270554246346409,0.3765699066096903,890.0
683513,0.0,1,0.0,0.0,0.8,1200.0
683514,162.79000000000107,25,12.779579959728418,1.2109985177108165,0.3735633724753185,747.0
683515,224.51754838709746,28,10.836368688942153,1.3932806725817246,0.3720691189854173,990.0
683516,243.5787096774193,27,13.940739266615902,1.2890052301059423,0.3705808425094756,955.0
683517,146.41167741935442,19,16.490425470182675,1.327814377240033,0.36909851913943764,596.0
683518,191.62206451612815,20,13.946065847107645,1.3670636886490068,0.36762212506287995,744.0
683519,293.94599999999883,28,11.739654376471389,1.4111731269767074,0.3661516365626284,1175.0
683520,102.46845161290308,7,22.335846172057018,1.1810957336416354,0.36468703001637787,371.0
683521,150.71116129032285,20,13.918275269003932,1.2728486003593023,0.3632282818963124,635.0
683522,368.3710967741908,11,18.448262379226772,1.358383935594965,0.3617753687687271,1200.0
683523,207.5563870967733,30,7.909920061853884,1.3097647180157277,0.3603282672936522,1023.0
683524,166.61967741935516,30,11.607472733834603,1.3365379924649985,0.3588869542244776,740.0
683525,29.050903225806486,4,17.29125541993319,0.8536216087125575,0.3574514064075797,136.0
683526,125.76625806451618,26,9.992670683443624,1.2239640923820143,0.3560216007819494,597.0
683527,205.6224516129033,24,10.913078226944432,1.3977771134700756,0.3545975143788216,818.0
683528,143.42929032258058,18,13.533938262282357,1.3047784472953265,0.35317912432130627,594.0
683529,27.970838709677388,4,15.622859446860224,0.6759747926126127,0.351766407824021,151.0
683530,131.6063870967744,31,6.603909495165736,1.3779656098068027,0.35035934219272497,693.0
683531,127.11535483870995,22,13.198424183908397,1.3307600686367602,0.34895790482395406,505.0
683532,53.07529032258071,5,16.209313637238317,0.8126875763705967,0.34756207320465826,237.0
683533,198.344,27,12.626586304829292,1.2652638226179582,0.3461718249118396,831.0
683534,296.3009677419354,15,16.169454913513146,1.3523197271866345,0.34478713761219226,1096.0
683535,60.843999999999895,7,17.530984449901542,1.1367428124166834,0.34340798906174347,242.0
683536,138.2721290322579,13,17.874363272483258,1.2064493242902943,0.3420343571054965,503.0
683537,123.98670967741933,16,15.112569980591045,1.2021741572217775,0.3406662196770745,504.0
683538,27.14587096774197,6,14.764212732918683,0.8332233704515744,0.33930355479836627,174.0
683539,114.73425806451635,19,13.722032008685872,1.2852659137172433,0.3379463405791727,449.0
683540,0.0,1,0.0,0.0,0.8,85.0
683541,0.0,1,0.0,0.0,0.8,84.0
683542,135.0544516129028,17,15.501839731944223,1.2038806682060226,0.3339071842880047,536.0
683543,109.82612903225846,12,17.891425939812862,1.202016328513364,0.33257155555085266,416.0
683544,282.33812903225885,29,10.292270878491271,1.3724584639216508,0.3312412693286493,1200.0
683545,18.122709677419344,2,8.565556470107197,0.4580568581266801,0.32991630425133467,167.0
683546,0.0,1,0.0,0.0,0.8,79.0
683547,116.97761290322586,26,11.260383515362028,1.2880315862427016,0.327282252478192,530.0
683548,280.0932903225797,26,10.484064086318183,1.338052707101299,0.3259731234682792,1200.0
683549,116.94703225806477,28,7.275249259231712,1.248116679323648,0.32466923097440614,594.0
683550,117.10645161290297,23,11.410410207104256,1.1907740454348108,0.3233705540505085,555.0
683551,167.45651612903117,22,13.046104322119433,1.291709176931586,0.32207707183430645,684.0
683552,125.58161290322589,25,9.70715115513905,1.274953509860086,0.3207887635469692,600.0
683553,107.05348387096839,23,10.639060420768201,1.3020818464372408,0.31950560849278137,521.0
683554,34.60619354838706,8,14.683688525072618,0.9917539280885544,0.3182275860588102,178.0
683555,116.09980645161266,16,15.36471681834799,1.1965838476522472,0.316954675714575,474.0
683556,171.11974193548392,23,13.098335566008116,1.273392108469568,0.31568685701171667,646.0
683557,177.69729032258033,29,13.781801852585465,1.3313239026492591,0.3144241095836698,736.0
683558,163.72109677419343,8,20.95163909102222,1.3330724586171745,0.3131664131453351,587.0
683559,211.97864516129079,27,10.998329796933575,1.3850599488223556,0.3119137474927538,830.0
683560,145.3521935483869,31,7.679082297864535,1.3799017811406271,0.31066609250278276,652.0
683561,302.1474838709686,28,11.504265598288088,1.4111775259538817,0.3094234281327717,1128.0
683562,89.34806451612901,9,17.96576160025371,1.17662272299099,0.30818573442024055,344.0
683563,137.78632258064508,13,17.659350289751647,1.204621536449707,0.3069529914825596,489.0
683564,138.0738709677424,23,12.837197030940299,1.272009584655423,0.30572517951662936,614.0
683565,140.2860000000004,22,13.331999340385725,1.297564896905651,0.30450227879856284,559.0
683566,217.40819354838573,24,12.196815958804676,1.3093654016917065,0.3032842696833686,912.0
683567,295.52812903226044,28,7.575853810865351,1.5012800262407926,0.3020711326046351,1200.0
683568,182.6288387096773,2,22.857435463262146,1.2904728102045933,0.3008628480742166,614.0
683569,158.47999999999988,24,10.600987487956964,1.3641744700007785,0.29965939668191965,681.0
683570,226.33393548387116,29,11.73082259535169,1.362295305793602,0.298460759095192,887.0
683571,161.3775483870972,21,13.838119867415694,1.3457895071634403,0.2972669160588112,656.0
683572,315.15741935483504,24,10.459320332286696,1.3550001478779008,0.296077848394576,1200.0
683573,44.66387096774191,4,18.436644748938093,0.8841905538167505,0.2948935370009977,176.0
683574,99.40329032258028,11,18.45134485353575,1.1937320087467214,0.29371396285299367,349.0
683575,105.16503225806464,27,10.547090133085026,1.2490583135863516,0.2925391070015817,502.0
683576,198.85161290322534,24,11.972828644800114,1.4227644795254388,0.2913689505735754,695.0
683577,217.79258064516173,24,14.504611090772967,1.347609265927198,0.2902034747712811,810.0
683578,89.14219354838684,18,14.324793652779096,1.2418588944370512,0.289042660872196,374.0
683579,97.30296774193546,8,18.728821331939525,1.2972959836231912,0.2878864902287072,355.0
683580,381.15593548387426,5,23.56945718922099,1.1971852453619944,0.2867349442677924,1200.0
683581,189.12077419354756,28,10.753123177166739,1.3260650052671352,0.2855880044907212,794.0
683582,26.752258064516155,3,17.038997684886716,0.8733317225752661,0.28444565247275827,132.0
683583,182.27748387096662,13,17.966063861290458,1.1956126709242652,0.28330786986286727,646.0
683584,119.06819354838714,15,16.060423731787033,1.2404692011998268,0.2821746383834158,491.0
683585,0.0,1,0.0,0.0,0.8,1200.0
683586,164.595483870968,26,11.013651835932095,1.3205207137970179,0.27992175607056263,713.0
683587,184.4462580645164,25,12.796235664033599,1.317723574490653,0.27880206904628035,773.0
683588,49.037806451612944,4,14.414800860430656,0.6989685881590117,0.27768686077009525,249.0
683589,184.26980645161262,26,12.474735446536878,1.3479556925841056,0.2765761133270148,730.0
683590,160.0158709677417,16,16.795458729084828,1.3600370337331522,0.2754698088737068,607.0
683591,80.3109677419353,28,7.9754135306890115,1.2773404554473902,0.27436792963821194,431.0
683592,30.301032258064478,3,14.191565945484761,0.7778564313018229,0.2732704579196591,172.0
683593,269.4362580645169,21,17.39436835620064,1.3642528653128911,0.2721773760879805,813.0
683594,126.98038709677431,20,13.358343436089156,1.2018367018131242,0.2710886665836285,545.0
683595,27.271419354838688,4,15.054660956888547,0.6918227272330258,0.27000431191729407,151.0
683596,150.06864516128994,13,17.42051543851266,1.2262731237090354,0.2689242946696248,576.0
683597,151.1810322580642,25,12.600839621269103,1.3550456809943714,0.26784859749094636,582.0
683598,84.046064516129,12,16.756052317452106,1.1404553521506853,0.2667772031009826,322.0
683599,148.57819354838702,28,10.387611105778955,1.3373465305892933,0.2657100942885786,606.0
683600,195.14496774193526,26,13.87823372618922,1.367266754194121,0.26464725391142435,722.0
683601,210.94425806451687,27,10.028516875203403,1.4029267077374723,0.2635886648957786,834.0
683602,266.0599999999958,29,4.80720049483815,1.405650549714453,0.2625343102361955,1200.0
683603,186.64322580645154,20,15.357509263084543,1.3803062869395608,0.26148417299525073,622.0
683604,123.52167741935507,30,8.186312397295993,1.3676908492170365,0.26043823630326973,579.0
683605,134.9703225806452,22,13.246228316203108,1.305129384130557,0.2593964833580566,561.0
683606,205.87374193548342,22,13.834420036330094,1.4544540810009676,0.2583588974246244,691.0
683607,310.76703225807,26,7.713486439181437,1.590744201913316,0.2573254618349259,1200.0
683608,146.49683870967755,22,12.745371351375852,1.2935279828613622,0.2562961599875862,589.0
683609,128.44174193548378,27,10.088869724792902,1.2810661435811768,0.2552709753476358,560.0
683610,217.98787096774225,22,12.581915811316566,1.4859180488563026,0.2542498914462453,748.0
683611,268.46716129032416,23,14.631650145032802,1.3441282605864195,0.25323289188046033,931.0
683612,362.84883870967775,27,16.66582126164243,1.383729913077413,0.2522199603129385,1200.0
683613,323.70896774193767,21,15.894029071175344,1.3696252512635996,0.2512110804716867,1107.0
683614,333.36412903226056,26,11.146701137454112,1.5208760136813007,0.25020623614980003,1200.0
683615,48.64290322580654,4,15.5560411330142,0.7759461220659226,0.2492054112052008,234.0
683616,183.6854838709678,28,9.002000838901994,1.5162283050603598,0.24820858956037997,669.0
683617,218.33445161290265,24,13.706876248332227,1.3219778105447761,0.24721575520213845,833.0
683618,149.99722580645195,26,10.55511721687297,1.4277684796294376,0.2462268921813299,573.0
683619,171.1930322580643,22,12.704022563240585,1.4192080446557,0.24524198461260457,671.0
683620,149.99877419354803,24,12.271953618069391,1.3112827020691828,0.24426101667415417,604.0
683621,121.485870967742,28,8.218178111984855,1.3399133253870799,0.24328397260745757,556.0
683622,195.88290322580607,21,14.742741103805796,1.4193279580531473,0.2423108367170277,706.0
683623,165.86251612903214,11,19.25364782735559,1.1939121917755777,0.24134159337015962,541.0
683624,124.48225806451582,29,6.187566065073622,1.3602639375839471,0.240376226996679,560.0
683625,183.17612903225768,28,12.618355712131892,1.3532419914905027,0.23941472208869224,692.0
683626,181.4602580645169,24,11.944651564814597,1.3722020668649968,0.23845706320033747,664.0
683627,231.05980645161344,31,12.963144773742636,1.3260573788818655,0.2375032349475361,886.0
683628,113.30503225806446,21,12.049887420007265,1.2799166060419602,0.23655322200774598,457.0
683629,370.7085806451628,13,17.168297741146638,1.2716208223560543,0.235607009119715,1200.0
683630,82.48780645161278,6,19.022784113186944,1.2519879883734426,0.23466458108323615,271.0
683631,211.28509677419254,23,11.89101427237172,1.4760414503907906,0.23372592275890322,753.0
683632,126.97154838709727,22,11.596913649058939,1.3694354572424594,0.2327910190678676,520.0
683633,87.01025806451638,29,6.44472212465208,1.335148936760772,0.23185985499159611,439.0
683634,104.11903225806493,20,15.139684105178354,1.3402202242047947,0.23093241557162975,400.0
683635,86.66735483870974,11,17.39750424353178,1.1387925323834043,0.2300086859093432,316.0
683636,255.11554838709657,29,11.043879409579327,1.4035886214376339,0.22908865116570581,932.0
683637,223.8954193548388,17,18.830463406713726,1.3092851824094596,0.22817229656104301,758.0
683638,35.92361290322582,4,16.471043213532937,0.8519191445086732,0.22725960737479883,166.0
683639,98.4914838709679,16,15.022584484879081,1.307012615120935,0.22635056894529965,372.0
683640,104.86335483870991,11,18.287278280003886,1.2613079147886286,0.22544516666951844,389.0
683641,105.33135483870979,25,10.597597498814958,1.3560618061769876,0.22454338600284035,433.0
683642,51.79580645161298,10,15.754682252384706,1.0796209748130794,0.22364521245882898,212.0
683643,41.13935483870966,3,18.430947075325626,1.0518336191518645,0.2227506316089937,159.0
683644,70.63012903225821,3,21.517932895829272,1.1887329920088372,0.22185962908255774,241.0
683645,173.58574193548384,30,7.964156029513756,1.4149231001343823,0.22097219056622747,730.0
683646,261.04793548387084,20,16.209517332009703,1.4383204894590311,0.22008830180396255,865.0
683647,220.83367741935513,30,11.301370061690733,1.3712500882573555,0.21920794859674675,926.0
683648,344.03225806451474,28,12.521425251669983,1.523279121323051,0.21833111680235973,1200.0
683649,66.48438709677433,6,19.29351599685613,1.2173498472410473,0.2174577923351503,238.0
683650,164.75851612903142,12,18.2166103559947,1.2747735645587241,0.2165879611658097,561.0
683651,164.08522580645126,23,13.118040697547466,1.459664784894497,0.21572160932114645,615.0
683652,160.64161290322565,18,14.53587546200289,1.327630606949976,0.21485872288386187,538.0
683653,289.9202580645165,28,12.772891123678832,1.4373838819797284,0.2139992879923264,981.0
683654,139.1932903225808,20,13.401356365439195,1.3312564765842552,0.2131432908403571,521.0
683655,18.539354838709674,2,8.884769754707465,0.4733604520495918,0.21229071767699567,161.0
683656,45.815161290322585,4,16.65504846630457,0.793358955353682,0.2114415548062877,185.0
683657,159.84677419354827,24,12.029890204167069,1.4083937888025582,0.21059578858706254,562.0
683658,90.55438709677422,6,21.115000993590616,1.1948961400758382,0.20975340543271428,274.0
683659,0.0,1,0.0,0.0,0.8,72.0
683660,137.2441935483868,28,8.174826468948327,1.2908197121719132,0.2080787342437395,593.0
683661,221.71999999999994,30,8.471227337847353,1.3928349198949674,0.20724641930676457,914.0
683662,162.6770967741939,28,10.3751684012948,1.440354326521381,0.20641743362953746,615.0
683663,217.80129032258066,27,10.242132846960025,1.4510315004638457,0.20559176389501932,852.0
683664,211.6830967741936,15,17.51438145343389,1.4015525915254912,0.20476939683943926,706.0
683665,217.63335483871043,21,14.970341590350122,1.4488983258709476,0.20395031925208149,699.0
683666,102.98845161290366,11,19.01817380149839,1.3045995432395185,0.20313451797507318,341.0
683667,191.44070967741982,25,13.299691931834257,1.3634821996416495,0.2023219799031729,693.0
683668,0.0,1,0.0,0.0,0.8,121.0
683669,200.9701935483865,16,17.76671074590373,1.3953343018121451,0.20070664121562595,645.0
683670,182.30741935483883,26,13.322463120976717,1.410635245540927,0.19990381465076346,676.0
683671,323.01083870968097,27,8.262564054439839,1.5434438988342325,0.1991041993921604,1200.0
683672,198.6428387096781,29,12.815883564979696,1.4021513832851025,0.19830778259459175,692.0
683673,229.75948387096807,15,18.195938507496624,1.3643767194518235,0.19751455146421337,745.0
683674,251.8892903225802,31,9.614546231100707,1.4797234039515645,0.1967244932583565,939.0
683675,155.47574193548397,29,11.35738460696827,1.38803822439507,0.1959375952853231,578.0
683676,222.74929032258086,23,15.109474472029644,1.4426808262349005,0.1951538449041818,716.0
683677,133.9611612903226,23,12.588467070664125,1.464266648275473,0.19437322952456507,509.0
683678,171.1112258064515,24,12.45293791236093,1.38572881647768,0.1935957366064668,618.0
683679,204.55600000000018,29,7.342238490515073,1.49358058413104,0.19282135366004094,789.0
683680,43.6670967741936,5,14.91591053564955,0.9200765617070651,0.19205006824540077,202.0
683681,249.1118064516122,29,10.418829960180123,1.5194952456909185,0.1912818679724192,923.0
683682,119.99767741935506,9,20.030045423736087,1.3492798253305556,0.1905167405005295,389.0
683683,177.90954838709698,20,14.871094818324313,1.2252726427410299,0.18975467353852737,658.0
683684,389.645935483869,16,16.132609547665194,1.4003949588475544,0.18899565484437328,1200.0
683685,62.44632258064497,7,18.91647115342195,1.3120773846251168,0.18823967222499577,224.0
683686,196.29161290322614,28,10.686109759236986,1.4816586834173235,0.1874867135360958,700.0
683687,75.5672258064517,9,18.162789091276704,1.3227194728633482,0.1867367666819514,260.0
683688,277.57658064516005,20,15.54112912091594,1.4426612423724883,0.1859898196152236,874.0
683689,138.82180645161282,17,15.187227729335907,1.2599476751137824,0.1852458603367627,539.0
683690,414.9239354838754,11,19.552148952199527,1.6070942658417837,0.18450487689541564,1200.0
683691,279.72232258064673,29,12.172745998299694,1.427753104942613,0.183766857387834,969.0
683692,149.290516129033,11,18.987685591156144,1.4055257331479758,0.18303178995828265,462.0
683693,32.42993548387093,5,16.10453305116012,0.926279003759993,0.18229966279844953,136.0
683694,212.37193548386978,17,18.709966348166592,1.3851976873289316,0.18157046414725572,691.0
683695,166.15438709677406,26,9.406092299197315,1.5100242671867856,0.1808441822906667,603.0
683696,362.6017419354794,24,9.782188522319604,1.631775469160695,0.18012080556150403,1200.0
683697,361.7498064516087,19,13.103822327425075,1.5249005277293384,0.179400322339258,1200.0
683698,129.45458064516137,25,11.267792119106346,1.2997618647965612,0.178682721049901,525.0
683699,262.52483870967706,21,13.751626566105687,1.4566859929371196,0.1779679901657014,823.0
683700,214.74193548387206,15,18.26058468481386,1.3577910253913466,0.1772561182050386,699.0
683701,40.98187096774194,9,13.942587236818904,0.9821319462565119,0.17654709373221844,198.0
683702,297.6198709677429,29,11.321797500720368,1.486102478426422,0.17584090535728955,1042.0
683703,138.4796774193545,24,10.620383478106648,1.409585729562054,0.17513754173586038,514.0
683704,212.88187096774104,16,18.429475462709053,1.3374616986907026,0.17443699156891695,646.0
683705,202.76361290322586,29,12.79467188753793,1.4446305381133522,0.17373924360264126,701.0
683706,324.95541935484107,23,14.941608377076973,1.4580568072931877,0.1730442866282307,1089.0
683707,143.5172903225803,24,11.411671994556867,1.4018742230447327,0.17235210948171778,518.0
683708,254.23432258064395,20,15.42555067816872,1.45214350166254,0.17166270104379092,842.0
683709,0.0,1,0.0,0.0,0.8,90.0
683710,333.04967741935593,31,9.901660602314863,1.4949238590769482,0.17029214603865728,1185.0
683711,358.5753548387067,26,11.585933759622852,1.507879976645982,0.16961097745450265,1200.0
683712,27.969161290322553,2,13.135679028277996,0.7584154889611555,0.16893253354468463,157.0
683713,230.65503225806413,22,15.530152576785362,1.4816273486206324,0.16825680341050592,771.0
683714,241.99741935483885,14,19.78367632597628,1.4370640938132466,0.16758377619686388,720.0
683715,160.50935483871007,30,7.807144909090627,1.3905823598927047,0.16691344109207643,628.0
683716,221.3516129032255,19,17.66954808919377,1.3779246455246112,0.16624578732770812,739.0
683717,0.0,1,0.0,0.0,0.8,1200.0
683718,189.6314838709689,20,13.743653644828708,1.4617138693403073,0.1649184809616837,669.0
683719,174.3936129032263,18,16.399183121545533,1.467590523527361,0.16425880703783696,563.0
683720,116.82761290322556,10,20.290641030895078,1.2741734249760392,0.1636017718096856,365.0
683721,273.2165806451621,28,11.648540071626744,1.4112997663269313,0.16294736472244686,968.0
683722,193.7379354838706,24,11.940903990457816,1.4666996900506097,0.1622955752635571,667.0
683723,82.33245161290311,7,17.20968885764476,1.17985140154638,0.16164639296250286,290.0
683724,131.5849032258063,29,8.88924262421437,1.4442177048835778,0.16099980739065284,504.0
683725,194.44870967741818,26,13.966677887161055,1.433276352379676,0.16035580816109024,656.0
683726,150.708774193548,12,18.58481194352441,1.4179043997811887,0.15971438492844586,458.0
683727,171.65322580645082,23,10.458911810171374,1.5048936463363634,0.1590755273887321,622.0
683728,76.75180645161302,11,15.77652590465863,1.1914902301698085,0.15843922527917717,274.0
683729,166.59529032258092,8,21.87586826612014,1.4136186782500642,0.15780546837806045,491.0
683730,142.46780645161266,11,18.397967930257856,1.3796571355086467,0.1571742465045482,441.0
683731,206.43767741935523,19,15.760784101086275,1.5150532842342481,0.15654554951853,679.0
683732,187.85896774193574,20,13.440816307143088,1.447985860196012,0.1559193673204559,648.0
683733,229.95509677419355,18,17.658946028581234,1.3914301129086264,0.15529568985117406,730.0
683734,375.7645161290332,25,12.701191030473204,1.5255454657420033,0.15467450709176936,1200.0
683735,267.92045161290355,19,17.071079361977148,1.4919414810504597,0.1540558090634023,806.0
683736,349.00735483871296,26,8.760214116258386,1.5751544046989499,0.15343958582714867,1200.0
683737,234.1379354838702,25,13.148337168036758,1.4149163053202667,0.1528258274838401,763.0
683738,185.95264516129046,23,12.444963482408967,1.49437535667321,0.15221452417390471,623.0
683739,264.3910322580649,19,15.357132649793353,1.4644278876247325,0.1516056660772091,815.0
683740,106.31529032258071,14,15.582169009195951,1.2508570079503567,0.15099924341290027,415.0
683741,171.95748387096705,11,19.732625922074426,1.3431493083715063,0.15039524643924868,541.0
683742,245.75399999999928,28,10.600997038189803,1.4899323726603664,0.14979366545349168,820.0
683743,0.0,1,0.0,0.0,0.8,109.0
683744,364.71270967742277,22,10.660471186245909,1.6807399232728144,0.14859771282851097,1200.0
683745,168.34980645161204,19,15.913588055267812,1.4869965159260503,0.14800332197719696,546.0
683746,272.90935483871044,30,10.314219862166016,1.5090319283175198,0.14741130868928817,940.0
683747,377.2747741935472,23,12.99238777818817,1.517122351280483,0.14682166345453102,1200.0
683748,172.41438709677425,22,12.871104585766755,1.4364605741605876,0.14623437680071288,591.0
683749,0.0,3,0.0,0.0,0.8,171.0
683750,22.27890322580644,2,11.412651376906595,0.6326463483506208,0.14506684153633598,145.0
683751,59.51709677419378,6,18.349103793884353,1.2429488778551827,0.14448657417019065,210.0
683752,93.41987096774197,15,14.905014925959861,1.3420180555046963,0.14390862787350986,343.0
683753,188.55793548387052,26,10.951045700077515,1.4966933363707697,0.14333299336201585,648.0
683754,0.0,1,0.0,0.0,0.8,1200.0
683755,223.95819354838696,30,11.017926598073679,1.4562604227511524,0.1421886227430135,817.0
683756,68.22283870967738,8,17.84230680067675,1.237316030896581,0.14161986825204145,232.0
683757,127.5458709677414,14,15.989838244748412,1.3632780121167858,0.14105338877903328,425.0
683758,236.45993548387207,23,14.96623556947272,1.5742660416260603,0.14048917522391716,755.0
683759,147.30348387096745,25,10.470346446939585,1.3499557851065955,0.13992721852302148,572.0
683760,80.42741935483869,5,20.116612008201386,1.118651881831326,0.13936750964892938,262.0
683761,122.95225806451593,25,10.075114167312488,1.438151494984215,0.13881003961033367,474.0
683762,240.40038709677333,25,13.058010970334376,1.409658603971958,0.13825479945189234,823.0
683763,158.6390967741933,17,16.677701922864262,1.3817554576111466,0.13770178025408478,505.0
683764,403.9815483870934,17,16.447004461273597,1.4945791348849153,0.13715097313306843,1200.0
683765,238.47400000000138,26,11.594124752173183,1.4556947250296008,0.13660236924053615,864.0
683766,131.13109677419394,13,16.628421242289324,1.3473933550240125,0.136055959763574,422.0
683767,249.21083870967652,23,15.358131309253293,1.5204755052506005,0.1355117359245197,786.0
683768,171.496258064516,10,20.89317848157283,1.4480851062725528,0.13496968898082162,477.0
683769,250.8714193548386,30,11.442636992512943,1.5672449938051825,0.13442981022489836,840.0
683770,48.301741935483996,5,16.69818018318362,1.0588097158667131,0.13389209098399876,199.0
683771,119.97180645161306,14,16.589664025437596,1.3287105261193985,0.13335652262006276,414.0
683772,190.18322580645187,22,13.740638734466335,1.3735115330459586,0.13282309652958252,638.0
683773,387.3967096774123,21,12.661421493286452,1.5557983047221915,0.13229180414346417,1200.0
683774,59.714451612903105,7,16.211489108907326,1.1386685641102434,0.13176263692689033,248.0
683775,277.7850322580663,30,12.087080067572153,1.518260707119187,0.13123558637918276,883.0
683776,231.97425806451704,16,15.980826853737367,1.246013031511686,0.13071064403366603,808.0
683777,308.4137419354833,28,10.61817958000976,1.573344112823286,0.13018780145753137,1002.0
683778,297.5856774193544,17,17.01121175631989,1.4648311726070677,0.12966705025170125,934.0
683779,159.86341935483864,22,13.045684713580407,1.5343090063161204,0.12914838205069443,498.0
683780,136.6290322580643,10,19.011108792167995,1.234914105564219,0.12863178852249166,444.0
683781,161.26600000000022,30,8.646292592514758,1.5020047830366023,0.1281172613684017,595.0
683782,152.7346451612902,15,17.783939685772317,1.5801630081389761,0.12760479232292807,459.0
683783,157.06154838709648,8,20.410055198109507,1.3489310168733954,0.12709437315363636,461.0
683784,145.3003870967746,24,10.019652122751484,1.441332766427824,0.12658599566102183,515.0
683785,75.06896774193551,4,19.859824355362072,1.1867876311505714,0.12607965167837773,244.0
683786,231.68038709677458,28,10.869252456911966,1.5023175548501577,0.1255753330716642,810.0
683787,179.71322580645185,22,13.084530841210555,1.5493012456940078,0.12507303173937756,614.0
683788,380.7580000000023,25,14.834281803103131,1.432738980083774,0.12457273961242006,1200.0
683789,137.15025806451604,25,9.496724138303955,1.4127910857834076,0.12407444865397038,534.0
683790,166.70961290322523,14,17.906653188721716,1.3934900531332537,0.12357815085935449,503.0
683791,190.85483870967744,15,17.317999899878718,1.5073546331714123,0.12308383825591707,591.0
683792,222.55574193548415,28,11.985003345531728,1.5360653849693138,0.1225915029028934,715.0
683793,104.17419354838682,15,14.084838357513284,1.3489762306781876,0.12210113689128184,394.0
683794,86.4068387096774,7,20.381078266051112,1.3566910520594235,0.12161273234371671,288.0
683795,242.20329032258067,26,9.558888329360977,1.5546556130555176,0.12112628141434184,836.0
683796,51.15929032258081,3,15.18332036767455,0.9335522513787465,0.12064177628868447,238.0
683797,139.85690322580643,27,9.65245914139713,1.4265201627385435,0.12015920918352972,504.0
683798,148.1696774193549,17,16.11651016475349,1.3929315700984204,0.1196785723467956,445.0
683799,358.49677419355044,28,6.750965421719221,1.6205725471801278,0.11919985805740843,1200.0
683800,281.6212903225818,22,15.823966769090543,1.4812984020045568,0.11872305862517879,867.0
683801,170.78632258064528,24,12.43258517001655,1.4368876816262175,0.11824816639067809,603.0
683802,199.78451612903243,19,16.249843606911696,1.4770982039457863,0.11777517372511537,617.0
683803,293.70916129032196,24,15.796967360349097,1.484455068607426,0.11730407303021491,870.0
683804,98.26335483870926,9,18.255760124894472,1.388683565552266,0.11683485673809405,319.0
683805,122.9334193548388,18,13.688139599746863,1.3481178165983998,0.11636751731114166,418.0
683806,127.55954838709722,16,15.256792756012924,1.3983547580206732,0.11590204724189711,422.0
683807,219.1036774193546,26,11.67115683925177,1.487549094804202,0.1154384390529295,724.0
683808,401.40187096773906,28,13.72514653802816,1.5265929167258094,0.11497668529671778,1200.0
683809,0.0,1,0.0,0.0,0.8,62.0
683810,224.36051612903245,13,20.007205596147774,1.3575109529579363,0.1140587114413088,664.0
683811,22.47516129032258,3,12.603150787696915,0.7093317975523292,0.11360247659554357,129.0
683812,232.90225806451605,23,13.493737497326732,1.5384444689720165,0.11314806668916139,743.0
683813,45.43283870967745,4,19.244759244536603,0.9518925423774279,0.11269547442240474,154.0
683814,307.065741935485,25,15.527680615888594,1.5153237598712563,0.11224469252471513,921.0
683815,273.43716129032276,28,13.630430893166656,1.5148086352756112,0.11179571375461626,850.0
683816,312.6385161290324,30,13.822381394113725,1.5139824777678685,0.1113485308995978,1022.0
683817,154.64012903225776,24,12.9879561749997,1.4991994973586276,0.11090313677599939,513.0
683818,283.5788387096773,28,12.031018621778989,1.5235239510268137,0.1104595242288954,880.0
683819,148.15058064516126,9,18.637320241009103,1.4046950541267824,0.11001768613197982,480.0
683820,125.28058064516081,11,17.43600941675394,1.3155601199423494,0.10957761538745191,426.0
683821,135.64438709677498,19,13.800227258081078,1.5452683951754411,0.1091393049259021,462.0
683822,280.7214838709679,27,13.567739315106735,1.4604738698308128,0.10870274770619848,932.0
683823,212.53774193548284,24,14.23844852752226,1.4352184679692344,0.1082679367153737,693.0
683824,404.38761290322503,11,18.819445705503647,1.6052647841734002,0.1078348649685122,1200.0
683825,351.62561290323384,20,11.586810055339152,1.455494501779709,0.10740352550863815,1200.0
683826,66.23793548387088,4,17.613013725840577,0.9678144998123535,0.1069739114066036,249.0
683827,117.62541935483843,13,15.489703692212146,1.24010388671517,0.10654601576097718,424.0
683828,246.75483870967784,15,18.232922028913098,1.5238953965537225,0.10611983169793326,716.0
683829,84.21058064516133,5,20.5497705211158,1.1692831691030767,0.10569535237114154,253.0
683830,358.6813548387125,23,12.513020492723758,1.5670505309501317,0.10527257096165697,1200.0
683831,323.99354838709525,29,8.390229461198855,1.5711142155836346,0.10485148067781035,1200.0
683832,241.57032258064686,27,10.952896189777698,1.5616817542765942,0.10443207475509911,788.0
683833,288.9494838709672,24,16.824078982252647,1.52300135023887,0.10401434645607871,856.0
683834,396.1761290322567,26,10.65340706841947,1.663212233048002,0.1035982890702544,1200.0
683835,131.71941935483832,14,16.560741489656632,1.5318550787448943,0.10318389591397337,415.0
683836,61.41735483870948,6,16.509218672208437,1.0674635197369624,0.10277116033031748,225.0
683837,202.31199999999941,15,18.713206309930495,1.51844810575574,0.10236007568899622,585.0
683838,189.79722580645205,22,13.464580628539817,1.5112731288095558,0.10195063538624022,629.0
683839,394.1740645161305,17,13.981411023638682,1.644917379632941,0.10154283284469526,1200.0
683840,182.03258064516177,29,9.611396082910545,1.4857630176820367,0.10113666151331649,633.0
683841,219.40161290322595,28,7.130471070735982,1.5956476272381308,0.10073211486726322,826.0
683842,92.92819354838709,6,19.80259067426317,1.22951591535915,0.10032918640779416,295.0
683843,82.50206451612871,11,16.43977801270872,1.3585152975321764,0.099927869662163,279.0
683844,26.793161290322608,3,14.71730335700191,0.910888947000747,0.09952815818351433,116.0
683845,21.412258064516127,3,9.547534510436325,0.5688258223941737,0.09913004555078027,156.0
683846,201.59735483871003,22,12.89796949507994,1.5134664326636063,0.09873352536857716,677.0
683847,192.4122580645167,14,18.650280626314636,1.447823921550591,0.09833859126710284,558.0
683848,55.99941935483872,8,15.946490066348447,1.1640817728580553,0.09794523690203444,210.0
683849,436.3803870967696,5,23.463314346449454,1.3238107279002396,0.0975534559544263,1200.0
683850,167.7243225806456,26,10.56882972243219,1.4397461189407719,0.09716324213060859,586.0
683851,177.60109677419385,9,20.09279544035614,1.3854846234512366,0.09677458916208614,512.0
683852,102.9150322580642,21,11.298945446352088,1.3159823549945209,0.0963874908054378,421.0
683853,152.20038709677448,17,16.69794684419316,1.4322389882892048,0.09600194084221605,483.0
683854,388.78987096773915,13,17.544998199763818,1.6114139931072848,0.0956179330788472,1200.0
683855,0.0,1,0.0,0.0,0.8,90.0
683856,83.17664516129062,11,15.570550822206972,1.289344999223466,0.09485451950114568,307.0
683857,60.992258064515944,8,18.469714822805276,1.3472244945154968,0.09447510142314108,210.0
683858,329.12270967741773,24,15.07969839501339,1.5711061997365368,0.09409720101744852,954.0
683859,125.76193548387107,28,9.25407654950656,1.439389118818617,0.09372081221337873,449.0
683860,193.9942580645163,7,20.670455755920766,1.3096809108428054,0.09334592896452522,577.0
683861,404.0850967741868,25,12.627047796372779,1.6196499629924928,0.09297254524866712,1200.0
683862,71.69032258064523,6,15.40883898927913,0.9674455912336221,0.09260065506767245,296.0
683863,0.0,1,0.0,0.0,0.8,1200.0
683864,308.1538064516142,26,14.209855859118548,1.613395685773286,0.09186133143761216,947.0
683865,162.7850322580634,13,16.560251481404855,1.392954424182341,0.09149388611186171,543.0
683866,231.30909677419305,28,10.175287960487006,1.5465024601242041,0.09112791056741426,776.0
683867,104.5063870967744,15,14.431937006689097,1.3631976059755153,0.0907633989251446,360.0
683868,342.1603870967817,27,5.515007198673681,1.6955780813882402,0.09040034532944402,1200.0
683869,195.41212903225883,8,21.91717866986068,1.5210989610486398,0.09003874394812623,529.0
683870,36.34716129032265,2,12.640355506112165,0.7922084737875243,0.08967858897233373,200.0
683871,87.44329032258064,3,21.63051368742082,1.337434828500202,0.0893198746164444,274.0
683872,337.5125806451583,21,16.141447423090632,1.6338681065665352,0.08896259511797862,994.0
683873,367.3475483870976,26,6.981025151646207,1.7035185835160462,0.08860674473750671,1200.0
683874,265.61638709677385,25,13.321845169765318,1.5282759773838026,0.08825231775855669,834.0
683875,108.84896774193568,8,18.77246044126606,1.3718375335822974,0.08789930848752246,338.0
683876,159.12677419354836,17,16.238411472072595,1.4971081638963084,0.08754771125357236,494.0
683877,299.29135483871096,23,14.073999198117734,1.5553799370891266,0.08719752040855808,866.0
683878,390.6354838709689,23,12.103257315946909,1.6759273624851694,0.08684873032692385,1200.0
683879,254.65322580645227,18,19.058963024683635,1.4851181297185991,0.08650133540561615,765.0
683880,258.85632258064567,24,14.965387263637895,1.533445610767548,0.08615533006399367,768.0
683881,375.63399999999797,28,11.450148624597933,1.5817385301866758,0.08581070874373771,1200.0
683882,250.79354838709665,26,13.73869325213187,1.5193681061550388,0.08546746590876275,760.0
683883,200.3369677419357,15,18.386981157047124,1.5053841866263653,0.0851255960451277,577.0
683884,301.9658709677437,22,13.677287204136116,1.5542779454280595,0.08478509366094719,956.0
683885,84.11335483870943,6,15.378377547957308,1.0013705804358508,0.0844459532863034,338.0
683886,131.33387096774206,11,18.153846386233432,1.2986062717558184,0.08410816947315819,410.0
683887,107.08709677419326,15,14.767965005921898,1.3439512891956595,0.08377173679526556,408.0
683888,202.11103225806372,19,16.821170424771914,1.599738385746303,0.0834366498480845,580.0
683889,193.9150322580641,23,13.360184518008362,1.509531653218824,0.08310290324869216,627.0
683890,97.93167741935532,9,19.298296549494975,1.4015271261281974,0.08277049163569739,304.0
683891,420.8375483871029,16,14.330073108734883,1.4868348570419438,0.0824394096691546,1200.0
683892,269.3928387096781,24,12.941101239193397,1.6176535423983955,0.08210965203047799,828.0
683893,152.52193548387066,22,13.376552615007611,1.5858045195757136,0.08178121342235606,506.0
683894,387.91567741935626,22,17.274370611386683,1.6787132739250141,0.08145408856866665,1100.0
683895,251.83664516128985,16,18.23901746816388,1.4701585742435879,0.08112827221439198,728.0
683896,180.59419354838602,23,11.790508372351407,1.4483849632172323,0.0808037591255344,597.0
683897,81.75019354838687,7,18.75686852813807,1.313452616877197,0.08048054408903227,274.0
683898,146.3983870967748,10,19.468542891549045,1.3753882719087056,0.08015862191267614,443.0
683899,149.00232258064543,22,12.680833997397785,1.4779631842615695,0.07983798742502543,486.0
683900,265.59793548387233,28,11.489798366518313,1.6070695414396534,0.07951863547532534,833.0
683901,234.3245806451608,19,15.21406424053608,1.4844892325182695,0.07920056093342404,723.0
683902,204.366516129032,16,18.06495967179938,1.3812975805785108,0.07888375868969033,578.0
683903,278.2587741935487,26,11.687159612981597,1.6006217801866978,0.07856822365493157,831.0
683904,31.1018709677419,4,15.376505390549953,0.7615546277577279,0.07825395076031184,136.0
683905,22.78535483870968,2,9.652886755154483,0.5694518921416092,0.0779409349572706,154.0
683906,227.12038709677404,25,13.247891801937893,1.4823507157444376,0.07762917121744152,686.0
683907,196.76290322580616,20,14.132605696427108,1.4688531807191372,0.07731865453257175,649.0
683908,66.53380645161283,9,16.47439187182586,1.2674378317610502,0.07700937991444146,247.0
683909,217.5162580645163,29,10.561685585658804,1.5205217037427101,0.0767013423947837,701.0
683910,95.65303225806481,9,18.81036724007373,1.338542662678619,0.07639453702520456,308.0
683911,142.6550967741931,7,21.902044032048313,1.4128485225232146,0.07608895887710375,417.0
683912,235.2263225806455,30,7.926853190914852,1.5374051423957682,0.07578460304159533,807.0
683913,413.4234838709646,22,13.351161010660148,1.6772300147949086,0.07548146462942895,1200.0
683914,0.0,1,0.0,0.0,0.8,98.0
683915,220.80354838709783,30,8.270003095594932,1.4848603467169947,0.07487882061582758,744.0
683916,226.1819354838701,25,12.766636010281776,1.4658763090800422,0.07457930533336427,723.0
683917,169.22709677419374,22,14.357075676497253,1.3783643991427112,0.07428098811203081,559.0
683918,108.34690322580678,9,18.079591501465956,1.3462302305466987,0.07398386415958269,356.0
683919,254.46599999999984,25,11.357867365431161,1.5727739506541953,0.07368792870294437,807.0
683920,65.77296774193572,5,18.78109767004489,1.2843747013498297,0.07339317698813258,218.0
683921,0.0,1,0.0,0.0,0.8,88.0
683922,290.6975483870967,27,14.030312815568639,1.4802529857720608,0.07280720586305933,870.0
683923,160.67464516129067,21,11.403430739697916,1.5855244892519913,0.07251597703960709,549.0
683924,411.24038709677296,17,16.429954653327954,1.697571428639437,0.07222591313144866,1200.0
683925,435.5959999999953,17,15.119383461807477,1.7424464465843221,0.07193700947892287,1200.0
683926,73.06503225806438,8,19.102170456956042,1.3007529214123685,0.07164926144100718,230.0
683927,114.27961290322534,13,15.542899376952795,1.2496083992122011,0.07136266439524315,383.0
683928,343.5381935483863,24,14.84442324145212,1.5771891735420938,0.07107721373766217,987.0
683929,38.18154838709678,4,17.482844865759255,0.9048304463028883,0.07079290488271153,139.0
683930,0.0,1,0.0,0.0,0.8,1200.0
683931,222.86851612903166,25,13.624103459842969,1.4474702847846197,0.07022769433012796,723.0
683932,292.0399354838703,20,16.149769563181643,1.5668445810145348,0.06994678355280745,844.0
683933,262.55458064516165,17,16.768977644917705,1.476848093329538,0.06966699641859622,764.0
683934,34.81070967741938,3,14.428167381829985,0.8247252747301189,0.06938832843292184,156.0
683935,199.87206451613002,20,14.36385965942847,1.553134849587864,0.06911077511919014,587.0
683936,199.89961290322623,23,13.563011413742393,1.5544173224609925,0.06883433201871339,608.0
683937,395.2786451612899,25,11.23932643843676,1.723913305985791,0.06855899469063853,1200.0
683938,125.85219354838728,11,18.378782877982662,1.390781267754766,0.06828475871187598,380.0
683939,106.22761290322579,23,9.762533410268945,1.3650905034947942,0.06801161967702847,375.0
683940,101.69148387096756,10,17.364932473453763,1.3719797723104736,0.06773957319832036,340.0
683941,254.70012903225782,31,9.16128121226842,1.5176864264427892,0.06746861490552707,864.0
683942,87.38199999999996,10,16.698999856772204,1.2567946174762235,0.06719874044590497,304.0
683943,148.45625806451568,15,17.346915669801678,1.3878826633929495,0.06692994548412134,462.0
683944,0.0,1,0.0,0.0,0.8,54.0
683945,0.0,1,0.0,0.0,0.8,91.0
683946,398.0792903225823,29,10.720182724931885,1.6810477270100201,0.06612999449217861,1200.0
683947,95.35329032258056,6,18.19226452350739,1.1738591702855696,0.0658654745142099,342.0
683948,102.56999999999974,24,10.58642792989652,1.4072867956356605,0.06560201261615306,373.0
683949,60.28748387096784,5,15.274968296333915,0.9020566981650433,0.06533960456568845,257.0
683950,145.6229032258064,19,11.948011198912258,1.599366359755243,0.06507824614742569,496.0
683951,158.00838709677404,18,15.160301856654259,1.5687505331418377,0.064817933162836,477.0
683952,359.7521290322592,28,13.659175734832772,1.5909497588003405,0.06455866143018466,1072.0
683953,321.4425806451605,28,12.464767577640908,1.5897521581732101,0.0643004267844639,1026.0
683954,165.87290322580617,20,14.491469501270933,1.526976421327356,0.06404322507732606,541.0
683955,293.64722580645144,17,17.957068790552004,1.5122717639706023,0.06378705217701675,837.0
683956,332.1890322580649,28,11.312908029793329,1.6449369984355284,0.06353190396830868,941.0
683957,226.1491612903228,22,15.969812853538066,1.560847584531417,0.06327777635243545,687.0
683958,208.37458064516164,30,6.62598119966574,1.5934773412692622,0.0630246652470257,699.0
683959,272.89870967741854,25,11.769794509802427,1.62249882928654,0.06277256658603761,885.0
683960,0.0,1,0.0,0.0,0.8,138.0
683961,254.24496774193554,27,9.133506127090916,1.566435065795995,0.06227139041441468,884.0
683962,263.05045161290167,19,15.920990192216852,1.5427013711698063,0.06202230485275702,763.0
683963,210.2180000000012,25,12.497653693879924,1.448805431985708,0.06177421563334599,642.0
683964,400.1319354838678,23,9.292396840419878,1.7190714285715607,0.06152711877081261,1200.0
683965,79.41787096774206,6,18.466783539525295,1.1242517929020033,0.061281010295729355,258.0
683966,218.1776129032248,16,18.30098108492652,1.3308873026550019,0.06103588625454644,660.0
683967,413.7803870967685,16,15.034542788548263,1.753571428585782,0.06079174270952825,1200.0
683968,255.11877419354823,21,15.270887732157055,1.5472355658265198,0.06054857573869014,739.0
683969,136.39787096774296,16,14.607937902926565,1.3878103837461426,0.060306381435735384,443.0
683970,26.357741935483844,3,13.238118689977826,0.7828070389742451,0.06006515590999243,131.0
683971,131.752709677419,14,16.861374783015215,1.3992945114146529,0.059824895286352466,422.0
683972,464.7844516128958,16,15.339629127833472,1.658926587127427,0.05958559570520705,1200.0
683973,66.17896774193576,3,19.451849096189413,1.0190051330487782,0.05934725332238623,224.0
683974,409.6565161290352,16,14.680396156375858,1.464789675685,0.059109864309096684,1200.0
683975,187.10187096774217,25,11.659506764474594,1.5949195992028358,0.05887342485186029,613.0
683976,58.02787096774201,4,17.163379931659918,0.8825429395835422,0.05863793115245285,218.0
683977,215.61367741935507,24,12.643916697788027,1.5130890055086128,0.058403379427843044,696.0
683978,33.94541935483869,2,13.739157491293462,0.853112918133454,0.05816976591013167,163.0
683979,197.08393548387127,21,13.107779211918803,1.541435370059285,0.05793708684649114,614.0
683980,249.36877419354846,22,15.472174811103908,1.5575603983834052,0.057705338499105176,719.0
683981,25.99509677419358,2,10.477726086259322,0.6244687556710333,0.05747451714510876,174.0
683982,99.57090322580673,11,15.914994757053938,1.1931461608069276,0.05724461907652833,346.0
683983,195.04645161290267,20,13.75678690694637,1.5457248315753649,0.05701564060022221,584.0
683984,0.0,1,0.0,0.0,0.8,1200.0
683985,143.54496774193578,19,12.299845070684823,1.4737438587846574,0.05656042772567004,468.0
683986,201.78967741935452,13,17.56878356705486,1.4237700723295905,0.056334186014767355,586.0
683987,0.0,1,0.0,0.0,0.8,1200.0
683988,171.7330967741943,13,18.293275500616,1.4782911079529906,0.05588441387362545,484.0
683989,88.29380645161272,8,18.40373018859947,1.2804424583433474,0.055660876218130956,272.0
683990,274.29122580645145,20,14.814438937276101,1.5882574305213015,0.05543823271325843,837.0
683991,149.28045161290297,21,12.540492326533702,1.473617336256767,0.055216479782405396,465.0
683992,109.76683870967778,5,20.50252997965443,1.141597107821973,0.054995613863275776,343.0
683993,210.8915483870973,21,13.366660621064446,1.5619790507597433,0.05477563140782267,641.0
683994,437.48122580644616,21,12.278992835156584,1.625805824549649,0.05455652888219137,1200.0
683995,292.01858064516136,28,9.136421570255097,1.6165627384263328,0.054338302766662606,935.0
683996,139.90561290322626,18,14.159848565022386,1.4601510500237183,0.05412094955559596,434.0
683997,48.52038709677428,4,16.913739829761163,0.8484942083289368,0.05390446575737358,185.0
683998,73.14883870967755,9,18.061199861899496,1.2588040825453384,0.05368884789434408,251.0
683999,195.68290322580702,21,13.510039552679775,1.540911248228266,0.053474092502766704,602.0
684000,173.45645161290307,22,13.72203621281551,1.533488612836929,0.053260196132755636,552.0
684001,232.8071612903231,28,9.150610657017827,1.5696687877180042,0.05304715534822462,755.0
684002,442.776709677423,16,16.001048969093713,1.5595973089681654,0.05283496672683172,1200.0
684003,164.3347741935485,11,18.87590354336248,1.4776280323439546,0.05262362685992439,477.0
684004,235.36877419354835,21,13.701070906907455,1.61129605378035,0.052413132352484695,693.0
684005,423.53006451611947,12,17.814959195249877,1.8129260167390715,0.05220347982307475,1200.0
684006,187.43935483870936,30,9.040175366673376,1.5459535560423352,0.05199466590378246,609.0
684007,0.0,1,0.0,0.0,0.8,54.0
684008,67.921870967742,6,17.103973384206395,1.1301960644297644,0.05157954049120666,242.0
684009,129.27258064516175,23,11.607827631006346,1.4634779862526526,0.05137322232924183,433.0
684010,56.86696774193567,4,15.052491793798334,0.7854244957400791,0.05116772943992486,245.0
684011,127.11993548387052,12,17.731378452476672,1.353250291316524,0.050963058522165164,378.0
684012,0.0,2,0.0,0.0,0.8,115.0
684013,220.0847741935474,30,8.668878105284957,1.5900781406534665,0.0505561694629242,713.0
684014,44.584516129032345,4,18.187457082618995,0.8983263182370218,0.05035394478507249,160.0
684015,108.35941935483854,23,10.525380741458525,1.3192346217621573,0.0501525290059322,410.0
684016,222.3274838709679,18,15.183897113864077,1.4900996493308218,0.05,672.0
684017,142.0604516129035,12,17.325616000725915,1.4844967574218675,0.05,428.0
684018,197.80903225806458,23,15.21021565114332,1.4634392393912616,0.05,589.0
684019,393.3479999999991,28,11.574868391421765,1.6092380966594186,0.05,1200.0
684020,66.75219354838697,3,19.253928768867222,1.2212240026899976,0.05,234.0
684021,192.66032258064536,9,21.964644105751027,1.3774166917583903,0.05,530.0
684022,169.71567741935448,17,16.819455106483908,1.3235071525806885,0.05,528.0
684023,224.99522580645194,27,12.35125617847746,1.525906443038396,0.05,726.0
684024,130.8510322580645,9,19.18457066043279,1.2896415832178674,0.05,416.0
684025,313.03787096774215,24,12.528702526008106,1.5872063678997337,0.05,900.0
684026,427.82277419354926,24,11.341808955916298,1.6760545230178374,0.05,1200.0
684027,0.0,1,0.0,0.0,0.8,1200.0
684028,101.51135483870955,7,20.11547985886689,1.343472005055901,0.05,284.0
684029,284.10825806451663,26,12.044887850514133,1.5374103186526473,0.05,841.0
684030,125.20793548387111,11,18.017933003639023,1.4928158608701636,0.05,373.0
684031,144.55574193548367,23,12.654926830675837,1.4486359636256974,0.05,487.0
684032,151.2180000000004,22,10.969459236339047,1.5669207728435506,0.05,505.0
684033,395.21154838710095,21,11.647035146011008,1.7384619685833143,0.05,1200.0
684034,176.1265161290321,31,8.329044055498015,1.4288105034108771,0.05,628.0
684035,73.8227741935485,6,16.994607146301107,1.1255863763570897,0.05,268.0
684036,214.05400000000023,23,14.054028665402784,1.5862989083109031,0.05,628.0
684037,123.56406451612901,26,9.869017965801515,1.4075077291943892,0.05,475.0
684038,174.0105161290327,25,12.15454773924727,1.6015835701397163,0.05,553.0
684039,0.0,1,0.0,0.0,0.8,56.0
684040,77.30987096774214,12,14.280883903568357,1.0849498327733906,0.05,299.0
684041,134.74354838709706,2,24.00595320171126,1.5310783923597953,0.05,359.0
684042,0.0,1,0.0,0.0,0.8,1200.0
684043,32.615741935483825,3,16.805134675658326,0.9207819214553042,0.05,129.0
684044,72.5445161290324,3,17.309229887840075,1.1012893259831131,0.05,277.0
684045,189.61354838709738,19,15.017258137955748,1.565809550465561,0.05,600.0
684046,336.440387096771,24,13.395426911770342,1.5274485215305866,0.05,1005.0
684047,212.54219354838585,16,17.069120181298228,1.4319812669028087,0.05,608.0
684048,170.07225806451657,26,10.850578834037744,1.5869388939419673,0.05,560.0
684049,185.33670967741935,19,15.431152834608245,1.4957427877912022,0.05,563.0
684050,410.35516129032266,27,10.174711074459134,1.6740714286621632,0.05,1200.0
684051,151.23303225806436,15,17.479179371072025,1.5094943422124076,0.05,483.0
684052,213.8352258064516,27,9.683082464529674,1.5699074480158757,0.05,697.0
684053,371.09212903224994,18,13.259344570869576,1.6879047621077459,0.05,1200.0
684054,220.08980645161236,24,11.43427614738626,1.5510251328004807,0.05,680.0
684055,31.17167741935482,2,17.650955673729968,1.1033211468981075,0.05,116.0
684056,58.629548387096854,4,18.06966758606938,0.9487117919499798,0.05,200.0
684057,0.0,1,0.0,0.0,0.8,98.0
684058,104.49793548387093,9,17.299942467871638,1.300759494354856,0.05,340.0
684059,398.8110967741952,17,14.998593917433992,1.6875912780735696,0.05,1200.0
684060,277.0558709677423,27,11.484259781593154,1.5334945598849048,0.05,827.0
684061,128.45322580645205,15,14.861818168559028,1.4180418381056088,0.05,426.0
684062,406.4595483870983,28,11.872050846764097,1.6818904438612567,0.05,1188.0
684063,181.797483870968,26,12.125829176195518,1.3615402142407886,0.05,627.0
684064,422.93341935483295,19,13.787674083216523,1.7516301208724747,0.05,1200.0
684065,44.780064516129066,6,15.334382618789437,1.0013855985826767,0.05,187.0
684066,126.387806451613,19,13.259733835051668,1.40019569612851,0.05,438.0
684067,181.8883870967738,25,11.167535280068542,1.5297063847671528,0.05,582.0
684068,190.41864516129064,26,8.795598421009855,1.4941522201401176,0.05,668.0
684069,114.60787096774224,9,19.46652514332242,1.2692259353834963,0.05,350.0
684070,38.636193548387176,4,15.129223934071714,0.7787143738930352,0.05,162.0
684071,159.3988387096771,16,16.027371552155724,1.3668032786850843,0.05,488.0
684072,171.88019354838727,22,11.778425893112388,1.5837830729619438,0.05,559.0
684073,191.58535483870926,13,19.132397288204917,1.417531305902684,0.05,559.0
684074,85.7843870967743,6,19.320812614002953,1.21518588722673,0.05,254.0
684075,218.77096774193535,29,10.896193355335386,1.415598183320847,0.05,762.0
684076,445.38632258065394,12,17.937083385075127,1.7138551483214408,0.05,1200.0
684077,157.68780645161306,24,11.888620374672389,1.560564833773875,0.05,514.0
684078,100.24941935483903,6,18.800223435315974,1.1516680926739404,0.05,334.0
684079,184.87038709677472,26,12.375531497599757,1.503587756379963,0.05,592.0
684080,149.32632258064496,11,18.15472643631619,1.369910783490547,0.05,447.0
684081,329.3723225806436,22,17.820979713545793,1.595471001603021,0.05,893.0
684082,79.57729032258058,6,18.865355071123965,1.109986713077635,0.05,246.0
684083,204.43258064516155,26,8.128033901953359,1.6454605119309664,0.05,653.0
684084,48.56245161290314,6,17.401524982829308,1.2433555127234586,0.05,172.0
684085,409.1545161290347,29,9.916508048344816,1.7004048104350384,0.05,1200.0
684086,183.91961290322584,26,10.663763300978529,1.4907168247976337,0.05,594.0
684087,58.07341935483885,9,16.650298675760585,1.24340683072347,0.05,208.0
684088,193.78890322580705,24,11.653296937442029,1.516026419031017,0.05,592.0
684089,120.15316129032257,18,13.654688694089401,1.5582983920870792,0.05,396.0
684090,138.83032258064532,25,9.075731584098767,1.4423416693864608,0.05,498.0
684091,61.53303225806441,3,17.13079797969467,1.150031629187259,0.05,235.0
684092,184.5076774193552,16,16.011397843037297,1.4898335978643658,0.05,541.0
684093,173.4096129032267,24,13.582109572214192,1.4972020882610937,0.05,540.0
684094,41.90974193548384,5,15.588591324969443,0.8992233802292771,0.05,170.0
684095,293.90432258064686,30,9.83177357082094,1.5940924198605309,0.05,902.0
684096,126.02864516129033,13,16.93395190085381,1.4158036294818181,0.05,396.0
684097,277.697870967742,22,16.121698080780664,1.4186013743326586,0.05,811.0
684098,419.80212903225515,23,15.95874858725959,1.5591594797931587,0.05,1200.0
684099,405.7929032258128,26,10.93924681770609,1.6885751259097102,0.05,1200.0
684100,396.16122580645856,21,11.66269955985825,1.7084053149480682,0.05,1200.0
684101,66.7530322580646,5,20.577252883888256,1.0959088015336216,0.05,213.0
684102,52.1629032258065,4,17.622197092796934,0.9025384716586224,0.05,183.0
684103,155.35651612903257,11,18.3412645290932,1.4158869803713738,0.05,455.0
684104,424.0814838709638,17,14.90133128765057,1.6086824319470068,0.05,1200.0
684105,77.75051612903223,8,17.389565131614646,1.2653852199592472,0.05,264.0
684106,137.2453548387094,12,16.55517692344524,1.2881744263830763,0.05,499.0
684107,159.57709677419305,29,10.366831560313155,1.4871608696936285,0.05,545.0
684108,426.5885161290307,27,14.738356644034468,1.5921426393054592,0.05,1200.0
684109,84.43574193548396,6,17.958762577571655,1.0878649168536103,0.05,297.0
684110,22.605290322580665,2,10.003132381174138,0.6116440983961272,0.05,143.0
684111,226.8995483870968,20,13.67876774588096,1.6550533049040825,0.05,670.0
684112,230.48664516129193,26,12.588480281291421,1.6213930394983593,0.05,690.0
684113,318.0190322580631,24,14.555774356604537,1.5984275330070528,0.05,963.0
684114,136.57251612903238,10,17.78638398589034,1.4224186704388573,0.05,404.0
684115,0.0,1,0.0,0.0,0.8,57.0
684116,449.1758064516039,20,14.37407599109168,1.7052068319410316,0.05,1200.0
684117,24.950129032258044,3,14.533704648222345,0.9023376594904919,0.05,110.0
684118,55.36270967741949,2,18.219560666149675,1.088115606785864,0.05,194.0
684119,110.80322580645158,14,16.37738557740659,1.375110872694718,0.05,357.0
684120,181.1980645161289,15,16.291497456761093,1.3588086824905716,0.05,566.0
684121,447.37393548386837,26,12.804798030768376,1.7185734876068162,0.05,1200.0
684122,172.48993548387136,14,16.90651184305728,1.3872430200860038,0.05,542.0
684123,346.87064516129004,21,16.138847423184206,1.521589027038069,0.05,1025.0
684124,205.88129032258018,24,13.407862837360758,1.521233034283389,0.05,621.0
684125,198.73825806451563,24,10.478573164863462,1.6205190902389353,0.05,589.0
684126,198.65703225806413,27,10.126223796024412,1.5369025489114612,0.05,694.0
684127,391.0776774193525,24,8.266517099103645,1.7022417924439872,0.05,1200.0
684128,356.5844516129037,26,14.604096812804096,1.63041569086754,0.05,976.0
684129,314.7714838709664,22,14.77755706170922,1.5264760075537114,0.05,893.0
684130,156.98083870967753,20,13.884605647357015,1.4584434512298279,0.05,517.0
684131,220.30987096774135,25,11.299416200120932,1.5595311729538028,0.05,670.0
684132,285.1199999999995,22,13.09738025706053,1.6085804708188767,0.05,795.0
684133,0.0,1,0.0,0.0,0.8,129.0
684134,157.2905806451614,28,9.22965822799247,1.3419478676713075,0.05,591.0
684135,306.2291612903226,28,11.162041482173409,1.690227032062553,0.05,950.0
684136,345.040129032258,22,15.144641039340287,1.5898247702762067,0.05,989.0
684137,185.5996129032255,9,20.21246416832889,1.2736205723541196,0.05,558.0
684138,104.87948387096802,9,17.06254601832029,1.26645702739629,0.05,352.0
684139,27.34638709677422,3,16.118091803000155,0.9177339913920031,0.05,116.0
684140,168.13593548387067,15,16.26286881193808,1.4587611680466936,0.05,512.0
684141,423.60619354838434,23,10.877652243785432,1.7622449195561547,0.05,1200.0
684142,194.7287741935481,26,9.88444228910865,1.5389530672111602,0.05,644.0
684143,408.7694838709621,24,10.861786320894097,1.7237381739130513,0.05,1200.0
684144,37.67322580645158,3,16.16527866142675,0.9619456453300418,0.05,151.0
684145,426.4400645161226,14,15.92486394433872,1.8010714286070177,0.05,1200.0
684146,277.04432258064577,30,11.388688158906254,1.6123870651178522,0.05,857.0
684147,255.433290322581,15,18.04002222325144,1.426533422866376,0.05,750.0
684148,468.8609032258164,5,24.17703378723557,1.1448723728905272,0.05,1200.0
684149,260.7635483870971,23,13.446759541384948,1.6786106722240417,0.05,774.0
684150,164.7344516129031,19,14.773095195431473,1.463556595817763,0.05,546.0
684151,156.39070967741918,21,11.320746388922876,1.4157635467970615,0.05,522.0
684152,284.0241935483878,25,12.766654912759675,1.6850249898301848,0.05,829.0
684153,321.3387741935456,22,13.60868970360939,1.7291159488707348,0.05,910.0
684154,264.76761290322577,26,10.618136189002096,1.6734872235361624,0.05,815.0
684155,186.75251612903156,28,10.946979057812772,1.4466552209350452,0.05,659.0
684156,131.81406451612924,22,11.115746429316507,1.4978231293260167,0.05,420.0
684157,138.9236774193548,10,20.19911868823086,1.544810135597703,0.05,397.0
684158,303.85670967741805,23,15.523578976291944,1.6224663027577675,0.05,938.0
684159,134.098258064516,13,18.277358605883606,1.4164831780345086,0.05,390.0
684160,0.0,1,0.0,0.0,0.8,138.0
684161,143.5767741935476,11,17.997557701523423,1.436752956215477,0.05,447.0
684162,26.289741935483843,3,13.549254234509213,0.8428571429910743,0.05,132.0
684163,413.11129032258026,16,14.467213342558265,1.5284263689254125,0.05,1200.0
684164,403.30393548387343,17,12.70994015669022,1.8050714285744383,0.05,1200.0
684165,201.4350967741932,16,16.568813164782288,1.4252356697205062,0.05,581.0
684166,436.43812903225717,16,15.071824974423919,1.5166103078244784,0.05,1200.0
684167,407.3634193548336,21,10.69341872506654,1.588019994502865,0.05,1200.0
684168,22.126387096774202,2,9.410841648078302,0.5793267818252968,0.05,152.0
684169,35.315290322580616,3,13.958944281524905,0.9094372409810727,0.05,165.0
684170,38.97425806451617,4,16.681896146831072,0.8369387755099365,0.05,140.0
684171,164.7544516129036,12,19.598593200899032,1.3540524321057938,0.05,466.0
684172,68.64561290322585,6,16.40576194103994,1.0319449491140873,0.05,271.0
684173,246.9451612903218,16,18.311579978560463,1.4986661201426619,0.05,694.0
684174,301.12238709677445,28,8.902803809860279,1.6418976158146097,0.05,940.0
684175,0.0,1,0.0,0.0,0.8,99.0
684176,58.765032258064416,3,15.200384067367699,1.0302653884740454,0.05,253.0
684177,101.67941935483913,10,17.697518903769055,1.380448850701969,0.05,324.0
684178,117.32845161290314,7,18.78517657913564,1.263068297332565,0.05,363.0
684179,237.9603225806456,22,12.142936336376664,1.610474916533975,0.05,727.0
684180,454.8277419354924,7,22.39467639288179,1.8352380953623495,0.05,1200.0
684181,216.09812903225838,21,12.687491005223324,1.611947287848768,0.05,672.0
684182,86.4681935483869,25,8.02826786861988,1.3898445289739074,0.05,405.0
684183,113.46961290322581,13,16.954136811501012,1.3995906348759433,0.05,355.0
684184,370.3173548387112,28,13.937893282930968,1.5485738388684753,0.05,1083.0
684185,128.67709677419364,9,20.304603958921057,1.4864041252857068,0.05,373.0
684186,211.7903870967743,11,19.62914918406739,1.5410092395164745,0.05,603.0
684187,166.56554838709712,18,14.444496341654345,1.601381052242222,0.05,500.0
684188,133.1194193548388,15,16.271702728426355,1.4958561826527814,0.05,410.0
684189,217.2054193548381,26,11.219257110188456,1.7055829424927857,0.05,696.0
684190,402.70754838709735,30,11.355084992009255,1.6354385819518547,0.05,1200.0
684191,425.8867096774239,16,15.03980767919448,1.6402173407058078,0.05,1200.0
684192,173.0819999999994,24,9.621895356891475,1.6316110347902995,0.05,562.0
684193,232.40832258064592,30,11.58669488476115,1.5849195580543718,0.05,737.0
684194,245.80716129032257,10,22.397359748079943,1.4437984399880641,0.05,668.0
684195,443.6410322580605,17,14.143170517608397,1.3610331550655383,0.05,1200.0
684196,197.25412903225782,23,13.221494741794183,1.562618541089212,0.05,586.0
684197,70.58683870967752,12,16.245357012680227,1.208142095739848,0.05,234.0
684198,306.5777419354832,25,14.281957732179634,1.4848102936933565,0.05,916.0
684199,137.8681290322578,26,10.406975601554922,1.4879303850600216,0.05,465.0
684200,215.49045161290405,29,10.297820682747016,1.5933808208701614,0.05,682.0
684201,0.0,1,0.0,0.0,0.8,113.0
684202,71.9309677419356,11,15.66752751254347,1.2514725848222972,0.05,245.0
684203,226.9438709677413,25,10.937631448925254,1.562035225049322,0.05,730.0
684204,201.6621290322589,30,8.010189690827525,1.5453106505486542,0.05,664.0
684205,191.72735483871026,15,17.074178395297853,1.626164311878602,0.05,546.0
684206,261.90019354838705,28,12.774523458001141,1.5961897543958685,0.05,814.0
684207,81.99974193548363,12,15.535676400305706,1.2753315217982748,0.05,276.0
684208,63.986709677419384,6,17.691386315562827,1.1285720381735251,0.05,226.0
684209,22.03858064516129,3,13.361760335015616,0.8603169114019831,0.05,111.0
684210,272.4086451612916,28,13.978714448247862,1.5071261291946147,0.05,854.0
684211,299.37451612902913,28,10.161190219812072,1.625697664621808,0.05,995.0
684212,378.6503870967752,24,14.61386326298964,1.6830501563140194,0.05,1051.0
684213,50.474516129032175,8,14.656710968516412,1.123272971159202,0.05,213.0
684214,115.08825806451638,7,19.422631221872148,1.2534527553412957,0.05,387.0
684215,179.0209032258064,31,9.33722937169943,1.425057790107088,0.05,618.0
684216,228.59412903226,27,7.69936775793044,1.374060606060535,0.05,825.0
684217,420.43509677418933,17,15.81725829642116,1.6022061905201967,0.05,1200.0
684218,200.31767741935545,24,11.56316331379362,1.5931468071043622,0.05,647.0
684219,260.54200000000003,19,16.45299248339506,1.5311995563474246,0.05,772.0
684220,86.07322580645175,6,18.560552750829466,1.3689533692744578,0.05,265.0
684221,400.13045161289756,23,10.737025733445162,1.6762242069195958,0.05,1200.0
684222,212.5187741935464,14,16.0916640033107,1.6132382465877222,0.05,641.0
684223,0.0,1,0.0,0.0,0.8,1200.0
684224,0.0,1,0.0,0.0,0.8,89.0
684225,57.3609677419354,3,19.68894089213985,1.252339631340968,0.05,177.0
684226,195.8096774193542,21,12.037891385513767,1.6702917255601926,0.05,578.0
684227,237.3965806451606,25,14.34909037021418,1.4726173958934294,0.05,709.0
684228,423.04277419354634,27,15.22667923278287,1.647548248638472,0.05,1200.0
684229,290.32290322580616,21,14.780448141610703,1.53321264049718,0.05,868.0
684230,255.3090322580652,30,10.474541190021043,1.5989053557021555,0.05,835.0
684231,148.9256129032256,12,18.649320201740966,1.5956951324174873,0.05,448.0
684232,225.5023225806447,17,17.72750860718121,1.3999769501367654,0.05,655.0
684233,247.62722580645055,14,19.370267484159015,1.594701574721651,0.05,701.0
684234,177.0588387096777,9,21.421480606521737,1.4546428571435783,0.05,480.0
684235,203.86135483870999,14,17.54059914556694,1.4184507146501586,0.05,603.0
684236,301.59232258064486,22,17.66720241669974,1.5973819895786325,0.05,857.0
684237,174.7199354838702,19,14.87169484051485,1.5431412602915366,0.05,553.0
684238,140.14916129032235,10,17.15390319934923,1.2337004718805284,0.05,453.0
684239,488.1677419354781,5,23.84568611961064,1.7242496869566564,0.05,1200.0
684240,153.72632258064567,11,17.7287846664315,1.3172685320057786,0.05,476.0
684241,230.94032258064564,12,20.250184811154227,1.4867458962698512,0.05,625.0
684242,224.6945806451616,20,16.328528784841108,1.4898539032726172,0.05,683.0
684243,244.8076129032264,24,13.140476866576659,1.5363514517858448,0.05,706.0
684244,280.73948387096823,22,14.145896831764654,1.646711286878968,0.05,807.0
684245,246.53612903225743,29,13.843950528587602,1.5353122623743354,0.05,756.0
684246,0.0,1,0.0,0.0,0.8,1200.0
684247,263.78574193548246,22,13.78899529709152,1.5901516569938505,0.05,763.0
684248,72.73141935483872,3,16.34381216563741,1.012878388350404,0.05,284.0
684249,184.22038709677355,22,12.678364887961324,1.5763141305513697,0.05,579.0
684250,291.78606451612876,25,14.627136399226977,1.4300399046591943,0.05,895.0
684251,82.29774193548396,5,20.312988657922947,1.1441505406746064,0.05,243.0
684252,141.81877419354802,7,20.04142704892684,1.5647431407241406,0.05,406.0
684253,248.90548387096837,30,9.813183786368173,1.556702483706557,0.05,811.0
684254,153.04232258064508,29,8.602626524284727,1.4540854847134637,0.05,521.0
684255,80.18799999999993,4,18.924442285566606,1.0822899946342501,0.05,267.0
684256,278.91096774193636,20,16.534364613886897,1.5809809233850587,0.05,781.0
684257,173.36922580645177,20,13.882979204483991,1.5363839941161717,0.05,540.0
684258,148.50748387096738,19,12.33755645740698,1.410214734620461,0.05,488.0
684259,223.75477419354746,18,18.168345008419312,1.6063726498913748,0.05,638.0
684260,180.78019354838747,18,15.401478144966404,1.5385101552793499,0.05,519.0
684261,0.0,1,0.0,0.0,0.8,65.0
684262,446.6628387096811,12,17.565479800502416,1.7635729515892073,0.05,1200.0
684263,186.7804516129031,17,16.209958919287168,1.5624650793709574,0.05,549.0
684264,89.43645161290311,4,18.785192834938254,0.928230131646483,0.05,293.0
684265,190.8501290322585,25,12.756007123614557,1.4113736576636597,0.05,623.0
684266,227.90516129032184,17,19.647960492891254,1.566966775141687,0.05,645.0
684267,229.11754838709632,30,9.696794968748161,1.5370278044109134,0.05,745.0
684268,116.23522580645164,22,11.571826823895936,1.4846402280436921,0.05,410.0
684269,240.5627096774201,19,14.057884219030539,1.6238367346938951,0.05,700.0
684270,312.448451612902,23,13.583138985167828,1.6770727551340734,0.05,899.0
684271,155.16174193548423,19,13.379158714229197,1.5183324651501713,0.05,518.0
684272,348.6137419354812,21,12.338768585030671,1.563591758324936,0.05,988.0
684273,247.43845161290352,19,15.861852697217806,1.5613904140697235,0.05,728.0
684274,268.20580645161374,26,11.702011129028643,1.6405106409480323,0.05,807.0
684275,207.71445161290467,17,17.40409787481156,1.4872414841248578,0.05,594.0
684276,53.993419354838615,7,17.444339561392344,1.2813317191297584,0.05,177.0
684277,168.9765806451615,11,18.78406558523996,1.2468820929453899,0.05,504.0
684278,101.90219354838742,5,21.897869096184404,1.1440154545134382,0.05,296.0
684279,71.83574193548398,7,16.62124639727338,1.1153160991228832,0.05,288.0
684280,137.5177419354836,30,9.401599611987566,1.4145356453033104,0.05,515.0
684281,201.5940645161296,9,19.84362367654455,1.268690891077709,0.05,574.0
684282,186.3882580645163,22,10.754564068039178,1.595456694123841,0.05,581.0
684283,176.9288387096767,21,14.015982893008465,1.4826449935879755,0.05,555.0
684284,234.04909677419266,28,11.21401195140228,1.5014827210766575,0.05,745.0
684285,299.4389032258071,23,14.884237718843409,1.5215327920335084,0.05,891.0
684286,379.4531612903296,23,10.470474533918754,1.6399047619104783,0.05,1200.0
684287,137.8918064516129,17,13.060961574223263,1.4804741230914706,0.05,458.0
684288,212.90225806451647,17,15.445335985345235,1.476101469455605,0.05,642.0
684289,0.0,1,0.0,0.0,0.8,89.0
684290,132.06593548387076,7,20.326577307315407,1.1520376335838278,0.05,386.0
684291,265.58412903225775,31,10.172163318822678,1.4456956724057703,0.05,921.0
684292,273.59006451612834,22,15.280316119058087,1.6073979547035517,0.05,805.0
684293,27.77741935483873,3,14.640981490748745,0.8827172343124959,0.05,124.0
684294,392.8719354838773,26,8.649241946793751,1.718917947120246,0.05,1200.0
684295,464.9138064516108,21,21.86060434422124,1.64513177077408,0.05,1200.0
684296,205.81677419354872,24,10.692487587895421,1.5967384216101088,0.05,657.0
684297,61.12283870967748,5,14.562957158412026,0.8655277111597919,0.05,275.0
684298,255.44277419354847,23,15.058176343102115,1.5697316596428155,0.05,724.0
684299,222.07141935483963,27,9.20984940063347,1.5967123287670617,0.05,730.0
684300,308.92483870967936,27,13.71817906565072,1.5448405714573585,0.05,957.0
684301,379.5236774193518,24,14.636863719852297,1.6554834882808651,0.05,1118.0
684302,320.934193548388,30,10.851473744013678,1.618756093019651,0.05,999.0
684303,309.26438709677456,24,10.908560920410649,1.57592028015612,0.05,918.0
684304,196.88774193548429,22,13.719839633402215,1.5741750332724376,0.05,593.0
684305,198.45509677419292,13,18.372445516055034,1.411043566363321,0.05,564.0
684306,172.43606451612948,25,11.176082516043147,1.4661383266016332,0.05,559.0
684307,174.75477419354812,15,15.21929364286427,1.5474172791223242,0.05,532.0
684308,93.01529032258085,9,17.887285384061528,1.2000951486963587,0.05,301.0
684309,471.7808387096694,11,19.255863794089322,1.6033123395918403,0.05,1200.0
684310,318.179290322582,19,15.457140653439545,1.7226848070709606,0.05,956.0
684311,229.97509677419384,22,14.662628087934813,1.5201881950389744,0.05,668.0
684312,203.80935483870877,23,11.847801071085334,1.6131612306061853,0.05,615.0
684313,98.01083870967715,9,17.26101025839299,1.3324228110583785,0.05,310.0
684314,352.6726451612828,31,2.751236873194264,1.7554025115030367,0.05,1200.0
684315,384.8591612903231,25,9.45414265884031,1.675738153308386,0.05,1200.0
684316,24.451612903225787,2,13.13193664598439,0.8021630827626043,0.05,119.0
684317,280.6992258064508,15,16.663449127455255,1.6977327535387166,0.05,743.0
684318,131.66929032258062,10,19.02157375235031,1.3484357331370642,0.05,379.0
684319,61.81051612903216,6,17.07194907129556,1.0813098620512813,0.05,222.0
684320,178.49432258064607,20,13.691588419196076,1.4912795031083692,0.05,575.0
684321,267.9151612903234,26,11.826787500244988,1.6467872783739155,0.05,851.0
684322,170.84406451612895,20,13.112604420510934,1.4357923173416498,0.05,550.0
684323,314.26516129032217,23,15.120870076454542,1.5831749620725664,0.05,910.0
684324,118.71135483871008,13,16.796079428503827,1.3039246477451722,0.05,364.0
684325,178.8061935483868,25,11.662441991474319,1.363919428312998,0.05,624.0
684326,134.2092903225806,9,18.098736088888288,1.3548907563014283,0.05,425.0
684327,119.21141935483857,21,13.560947221090506,1.4534935554213229,0.05,398.0
684328,214.7321935483881,22,14.307993104853745,1.5737609356267257,0.05,637.0
684329,139.60793548387107,15,16.142734282366934,1.4716871382402754,0.05,442.0
684330,22.819161290322587,2,12.104816676648227,0.7338095370347818,0.05,120.0
684331,267.0562580645154,23,12.999750778433267,1.6206934113240132,0.05,768.0
684332,215.07780645161196,25,13.208166074066469,1.496119691260807,0.05,666.0
684333,227.46780645161235,19,16.12988624344762,1.5291451924060713,0.05,648.0
684334,21.216967741935477,2,9.410841648078302,0.5609307144083885,0.05,152.0
684335,418.75890322580756,26,10.558847302595384,1.6870828086396077,0.05,1200.0
684336,269.1237419354824,30,7.825124818684563,1.6116063801096,0.05,884.0
684337,172.62993548387016,16,15.045255749481687,1.4731385022215857,0.05,518.0
684338,22.386580645161274,2,8.669381397017588,0.5348917806641317,0.05,165.0
684339,0.0,2,0.0,0.0,0.8,94.0
684340,180.0358064516126,23,13.547787426475775,1.545467112700399,0.05,540.0
684341,287.9255483870969,30,12.582431998136306,1.5769331229273644,0.05,924.0
684342,170.20174193548317,9,19.350189167576477,1.4024472104716106,0.05,502.0
684343,249.10819354838733,27,9.049350865773356,1.5645849503945208,0.05,878.0
684344,182.18541935483924,14,17.78584673648135,1.5553445988603603,0.05,513.0
684345,150.70096774193513,29,8.146837289659366,1.544859307359306,0.05,528.0
684346,67.56380645161278,3,19.031949176379765,1.184662956093719,0.05,231.0
684347,202.15090322580704,27,7.912426832981861,1.552764572524219,0.05,686.0
684348,101.69232258064554,7,17.810931633483918,1.1882322551437223,0.05,332.0
684349,384.1274193548405,30,12.233078475135333,1.5309045539662023,0.05,1145.0
684350,213.9284516129033,20,12.81841837519209,1.640577747700519,0.05,633.0
684351,439.2109032258166,20,12.616974644259901,1.749404761904762,0.05,1200.0
684352,382.5120645161333,23,9.823849027893294,1.7394048318936386,0.05,1200.0
684353,279.7105161290329,27,13.19299521912499,1.4774344978158982,0.05,916.0
684354,141.00903225806528,26,11.405090867099727,1.4914947749078329,0.05,451.0
684355,206.5830322580645,22,12.80506089553665,1.5855054314028307,0.05,684.0
684356,393.7936774193557,21,17.050968769665417,1.6716323963341009,0.05,1059.0
684357,54.81316129032259,5,14.90054439386974,1.0313832920035688,0.05,245.0
684358,284.03967741935554,24,14.713150948326152,1.5894600596315358,0.05,823.0
684359,330.454193548386,22,13.426199451630639,1.6704683018553135,0.05,952.0
684360,234.02980645161327,19,14.948366913208181,1.5702324983575677,0.05,697.0
684361,283.37625806451535,25,12.714551994472659,1.595306475540532,0.05,867.0
684362,72.67045161290329,7,17.757914005096513,1.2920773549627167,0.05,229.0
684363,76.06445161290327,10,16.100360840432284,1.2477148091488226,0.05,273.0
684364,94.21987096774203,14,14.67101303795639,1.368994196848213,0.05,352.0
684365,165.28954838709757,27,10.0810070976069,1.5444854231388794,0.05,544.0
684366,223.3154193548388,11,20.39106846671281,1.3746926000601631,0.05,639.0
684367,375.84612903225667,25,12.235784611720561,1.6669667319887165,0.05,1155.0
684368,257.2083225806451,26,10.177244207049661,1.5578335324835688,0.05,786.0
684369,71.56548387096767,9,15.946192641106824,1.1576839827113794,0.05,264.0
684370,111.75619354838719,7,20.797690417547734,1.430185097297251,0.05,301.0
684371,101.65929032258079,11,15.58374886791215,1.2345676064164044,0.05,337.0
684372,0.0,1,0.0,0.0,0.8,87.0
684373,72.59129032258066,9,16.730317586306167,1.2309663915961448,0.05,259.0
684374,214.67496774193634,20,15.519925081747099,1.6753239153732293,0.05,620.0
684375,250.92496774193592,19,14.08608595848401,1.5171934317594367,0.05,796.0
684376,128.53051612903243,10,18.787304115064593,1.3660487095600655,0.05,393.0
684377,420.7332903225833,24,16.027740722146923,1.5769701250508268,0.05,1200.0
684378,226.77277419354968,25,13.21742333308999,1.5918191950304117,0.05,697.0
684379,267.2992258064519,29,11.166263265331638,1.5744614378763435,0.05,831.0
684380,274.8289677419356,25,10.616432947596723,1.5933658716790544,0.05,867.0
684381,235.71612903225866,21,14.926891422105394,1.6400253809414764,0.05,676.0
684382,412.58580645160765,20,12.582104737232576,1.7395714287171984,0.05,1200.0
684383,208.53258064516052,31,12.311956869404051,1.4839388934764854,0.05,692.0
684384,211.27761290322562,30,10.96260888711702,1.532025508656195,0.05,693.0
684385,190.3584516129026,14,17.150450995262414,1.5627859684799188,0.05,562.0
684386,59.270451612903145,5,18.6254337197061,1.2013604800954167,0.05,204.0
684387,346.7390967741932,28,11.204486394475742,1.6541923813465442,0.05,995.0
684388,107.74116129032282,17,15.050096576176232,1.3238095245026282,0.05,351.0
684389,33.583935483871,3,13.496702478901579,0.8707023857006918,0.05,165.0
684390,148.22309677419432,10,18.91873185352189,1.3079912480497518,0.05,463.0
684391,136.83948387096785,16,14.371321626917918,1.5414022582106799,0.05,432.0
684392,92.56612903225812,8,17.044429882462484,1.275824175824178,0.05,312.0
684393,160.50677419354886,17,15.397971963820538,1.3854819976766086,0.05,492.0
684394,202.96180645161323,27,9.772469113553937,1.531571331241481,0.05,681.0
684395,85.81477419354876,5,19.40801080768129,1.1303203717014927,0.05,279.0
684396,285.7978064516132,31,11.309530712928076,1.556860621521343,0.05,924.0
684397,197.40148387096795,18,15.904954613301296,1.6015178848996434,0.05,585.0
684398,171.50658064516182,29,8.646590042838643,1.5015804437055507,0.05,590.0
684399,123.18077419354866,25,10.616546362289219,1.36907675643211,0.05,437.0
684400,88.62709677419363,10,17.80613265934737,1.3514592933947829,0.05,279.0
684401,419.3263870967731,24,9.641278088137062,1.7440746482215603,0.05,1200.0
684402,321.162967741933,20,16.875247134353167,1.6224399507996137,0.05,904.0
684403,240.66703225806415,10,21.75438915191521,1.5193630577943351,0.05,613.0
684404,189.13890322580633,20,14.443370052552604,1.6666870553075555,0.05,555.0
684405,225.72470967741833,16,16.84780605889091,1.586142934166899,0.05,682.0
684406,91.27361290322594,13,14.448690768242175,1.274700287264753,0.05,343.0
684407,222.6228387096783,28,11.442823549403437,1.6491299403602742,0.05,706.0
684408,120.00458064516151,10,18.987947830849798,1.4119246138654198,0.05,357.0
684409,284.6290322580647,17,18.46627567529789,1.5890992541591564,0.05,747.0
684410,116.44051612903216,14,15.970397742684177,1.468872814201382,0.05,373.0
684411,67.18167741935477,5,19.587357152771105,1.1863696428907298,0.05,218.0
684412,117.123935483871,9,18.70547995691035,1.331549768520039,0.05,359.0
684413,79.52638709677433,6,19.37806028074994,1.1781776498039513,0.05,254.0
684414,182.13593548387064,26,11.84180216967389,1.4456540989628262,0.05,567.0
684415,232.03858064516234,22,13.330950761443946,1.5857872839580631,0.05,683.0
684416,316.0470967741924,26,13.287772813575849,1.5631257914423071,0.05,936.0
684417,245.47748387096718,21,15.870905869316552,1.6689103687751488,0.05,675.0
684418,124.71645161290333,7,19.741092381781073,1.1517903767317221,0.05,383.0
684419,54.62870967741948,5,16.49280626877669,1.0061428571416706,0.05,200.0
684420,230.15058064516134,24,12.898349541934246,1.648445017070078,0.05,683.0
684421,416.11574193547654,15,15.049642326147353,1.8314464285716565,0.05,1200.0
684422,179.05909677419325,16,15.012383532702803,1.5952658183651984,0.05,531.0
684423,437.09445161289756,21,13.33369786401978,1.7616904339934687,0.05,1200.0
684424,423.268709677414,18,14.01470325922173,1.8054942304514146,0.05,1200.0
684425,178.09167741935389,15,15.430369802171715,1.5798549107143642,0.05,512.0
684426,211.7785161290314,15,18.231998407756183,1.3928571439829247,0.05,604.0
684427,75.78767741935454,15,12.353944115567923,1.3411513928233996,0.05,335.0
684428,161.56116129032304,22,13.099822275437843,1.632506415749583,0.05,501.0
684429,126.37154838709678,14,15.741748470619827,1.5644582470670063,0.05,414.0
684430,383.7788387096785,24,13.74469389519526,1.6213814460934453,0.05,1061.0
684431,160.43445161290387,16,17.01859500921188,1.513675022394109,0.05,497.0
684432,148.7869677419349,25,9.6538175990231,1.5284933209727272,0.05,505.0
684433,366.64567741935434,23,13.020330444206357,1.6678671468589883,0.05,1071.0
684434,162.73516129032276,15,17.87612400183267,1.5764527845038705,0.05,472.0
684435,110.67206451612896,10,18.573337278898382,1.512958138552399,0.05,344.0
684436,133.4721290322575,9,17.854203934960204,1.3535869807681484,0.05,426.0
684437,172.7729032258062,24,10.680497915300588,1.5990832696728614,0.05,561.0
684438,123.64922580645161,16,14.370579771881134,1.5218234027791564,0.05,398.0
684439,0.0,1,0.0,0.0,0.8,1200.0
684440,22.08967741935483,2,9.797588565122616,0.5872133074497932,0.05,146.0
684441,39.6903225806452,3,15.47196459284053,0.9383364683209633,0.05,158.0
684442,68.67483870967763,5,18.941212753690404,1.2799479813620247,0.05,223.0
684443,0.0,1,0.0,0.0,0.8,152.0
684444,255.9930967741931,26,12.210602821583883,1.6411634921953335,0.05,790.0
684445,267.92554838709714,24,13.49436440029907,1.5907613344739335,0.05,835.0
684446,193.76161290322605,15,16.75568163805032,1.5459641343119388,0.05,583.0
684447,179.46148387096773,29,10.641436181169684,1.5339226696460668,0.05,598.0
684448,359.2450322580637,26,12.60062620646529,1.761988060660576,0.05,1029.0
684449,126.47651612903219,29,8.199352751726792,1.4077411811958043,0.05,474.0
684450,343.2725161290336,19,18.54696040585934,1.4781921618207574,0.05,904.0
684451,152.70309677419425,14,16.00053842771831,1.5693140977993005,0.05,486.0
684452,138.49038709677438,10,18.350260587503538,1.3861794177074742,0.05,430.0
684453,101.10380645161322,7,18.62054381228224,1.1763369736943656,0.05,334.0
684454,0.0,1,0.0,0.0,0.8,84.0
684455,318.58509677419306,21,14.281321216059276,1.6440517100308925,0.05,873.0
684456,213.63109677419314,23,13.095021608685185,1.540066812806026,0.05,692.0
684457,284.5143870967754,21,16.821325497977035,1.4911129852500817,0.05,815.0
684458,238.24787096774133,23,15.13330201904899,1.5226001511719167,0.05,756.0
684459,299.9634193548384,21,18.518395223713345,1.5149773176150467,0.05,821.0
684460,143.39367741935447,10,21.04876555567574,1.438038776715176,0.05,411.0
684461,185.92529032258093,20,13.87077501987021,1.5542544319004845,0.05,562.0
684462,249.42045161290176,30,10.487711716597001,1.6322939947009025,0.05,783.0
684463,253.8400645161281,26,12.26248635404278,1.5121184760992779,0.05,791.0
684464,0.0,1,0.0,0.0,0.8,68.0
684465,178.23354838709622,9,18.593891966653295,1.1060851397272862,0.05,547.0
684466,212.20025806451756,13,17.270591877375793,1.5417890346786614,0.05,642.0
684467,175.79464516128965,28,11.91284846392162,1.5274839347517226,0.05,578.0
684468,88.2636129032258,4,20.607681157321323,1.1361589689529465,0.05,273.0
684469,153.10354838709677,22,13.331740585075524,1.4983279567148469,0.05,487.0
684470,213.34696774193606,25,13.541385486990347,1.5552448500425327,0.05,638.0
684471,31.93367741935486,2,17.12270209197389,1.0279951496609983,0.05,124.0
684472,392.33677419355155,28,9.149139384461987,1.684904767972763,0.05,1200.0
684473,58.657806451612856,3,20.771256966732437,1.3125396825525655,0.05,180.0
684474,225.72638709677466,21,13.982770022358883,1.6233308531110842,0.05,654.0
684475,61.362129032258046,7,18.412734680326203,1.2518519293662205,0.05,211.0
684476,181.1479354838707,13,17.755704589521265,1.4283316612050942,0.05,538.0
684477,234.55780645161337,17,16.73277576316499,1.4152999239762214,0.05,669.0
684478,83.81012903225812,10,17.514531190263604,1.3136382012765284,0.05,276.0
684479,388.57845161290686,28,11.534081097713042,1.6869050704364024,0.05,1200.0
684480,210.1021935483866,17,17.030332732647572,1.605851196159578,0.05,614.0
684481,140.09251612903253,27,9.770543102114672,1.427492832536275,0.05,533.0
684482,206.64561290322638,18,16.737313321914467,1.501787318151368,0.05,618.0
684483,156.46122580645263,15,15.828920502016599,1.4693622518214284,0.05,500.0
684484,202.66683870967694,25,11.484002850264824,1.5192665859997139,0.05,680.0
684485,0.0,1,0.0,0.0,0.8,96.0
684486,188.9734838709682,25,11.551723276741724,1.5928571432153495,0.05,604.0
684487,34.546516129032234,3,18.449811872799266,1.1316159026539516,0.05,122.0
684488,22.126387096774206,2,9.933666184082652,0.61150795341284,0.05,144.0
684489,124.68832258064533,8,20.18030298978342,1.2563558653085198,0.05,363.0
684490,452.75761290323123,18,16.732014290508655,1.6507393980200276,0.05,1200.0
684491,70.72858064516132,7,18.46936713787319,1.3388991960420547,0.05,231.0
684492,282.8451612903202,24,13.82061927944261,1.584646524250881,0.05,901.0
684493,86.23619354838748,11,17.02077103011524,1.3183182181715267,0.05,281.0
684494,391.64812903226453,23,10.197875172828299,1.6632142875646665,0.05,1200.0
684495,354.2057419354838,25,14.223692006274593,1.6743262895377102,0.05,986.0
684496,192.65329032257884,11,19.07597516482547,1.4632731253417293,0.05,522.0
684497,229.78883870967783,24,13.379537269714588,1.534037540267334,0.05,690.0
684498,261.72541935483923,24,14.095460734674882,1.5146059032742425,0.05,807.0
684499,49.30445161290329,6,16.383954981395462,1.0186137778685882,0.05,189.0
684500,33.617483870967725,4,14.830152145293711,0.6826308958469123,0.05,150.0
684501,257.28187096774167,27,10.576903604761913,1.605359318908628,0.05,821.0
684502,89.01438709677464,6,18.7849148965438,1.290286566718736,0.05,288.0
684503,262.7125806451607,17,16.969198315433527,1.6400764780876305,0.05,763.0
684504,130.2820645161289,16,16.201911727879377,1.4300993958137205,0.05,429.0
684505,85.79006451612949,6,18.19934534651214,1.15950738916444,0.05,290.0
684506,198.07767741935444,26,11.779030369078548,1.4854553869621048,0.05,661.0
684507,111.92625806451652,12,16.83874644320038,1.400615384613053,0.05,325.0
684508,453.54309677419775,14,16.493324019232805,1.7921066686202645,0.05,1200.0
684509,424.8618709677413,30,12.976634599356196,1.613722833842787,0.05,1200.0
684510,116.89322580645174,10,18.54740940298865,1.4683733264302037,0.05,346.0
684511,63.919870967741915,10,16.865057312313233,1.332672236494388,0.05,216.0
684512,409.54896774193594,11,18.78196764161402,1.6647524790786126,0.05,1200.0
684513,193.4196774193551,26,7.914315393803818,1.6253543375486559,0.05,649.0
684514,353.8502580645148,25,15.906620808329132,1.6036663738913135,0.05,984.0
684515,358.2880000000023,30,6.9207175796265465,1.7230861219209572,0.05,1127.0
684516,145.38741935483844,13,16.909531260868903,1.4425810905881176,0.05,414.0
684517,40.07541935483866,8,13.871850733936865,0.9343813000213741,0.05,182.0
684518,61.71451612903232,7,16.831239012187492,1.2646698237882472,0.05,224.0
684519,108.48529032258092,16,14.421464891115297,1.4194662513513665,0.05,364.0
684520,65.20903225806452,6,17.878663372556623,1.129990135644277,0.05,224.0
684521,164.7841290322586,29,11.236579231524548,1.5116315378610452,0.05,549.0
684522,192.71451612903158,27,11.124843510951596,1.545447518573168,0.05,634.0
684523,84.55309677419322,4,21.357849478083335,1.0428212756785107,0.05,247.0
684524,197.30664516129042,18,15.298734693724233,1.5601382488481672,0.05,620.0
684525,125.43180645161291,6,21.250742394788066,1.2737706847820702,0.05,350.0
684526,209.57993548387148,16,16.83526116865077,1.5833958062961273,0.05,616.0
684527,155.52774193548387,18,13.992834078564584,1.5459331558710436,0.05,483.0
684528,308.29425806451644,26,14.001449402123228,1.620643638138625,0.05,878.0
684529,206.34451612903217,25,12.907496932994711,1.6242763931190483,0.05,638.0
684530,89.5921935483868,8,18.800809156488985,1.2293183132072607,0.05,294.0
684531,199.08051612903273,15,15.741875741614141,1.62417210589055,0.05,591.0
684532,283.3025161290345,17,16.16877590385961,1.5838967265909374,0.05,841.0
684533,103.97148387096811,4,21.42404895849412,1.201809698614874,0.05,304.0
684534,367.5548387096797,29,10.383720112030847,1.5453285462598503,0.05,1148.0
684535,177.50522580645114,11,19.051353835659928,1.3643419516602393,0.05,521.0
684536,310.55812903226,22,13.194657319489323,1.6712348171209883,0.05,866.0
684537,217.4899354838708,12,18.57567014140012,1.497617337154593,0.05,601.0
684538,197.56677419354753,22,16.106932958898682,1.481460017666126,0.05,607.0
684539,234.43187096774219,26,11.934055165594994,1.5981827734586735,0.05,715.0
684540,33.45741935483874,6,13.93138175201175,0.9780075193046279,0.05,152.0
684541,0.0,1,0.0,0.0,0.8,91.0
684542,126.43458064516128,13,17.035946813639875,1.409940475380603,0.05,386.0
684543,444.27987096774723,11,18.465666796988362,1.5658183646533814,0.05,1200.0
684544,399.58529032258025,17,17.92679673373254,1.6692905935302962,0.05,1089.0
684545,0.0,1,0.0,0.0,0.8,138.0
684546,423.7365161290382,12,18.330126749166066,1.5789968914574628,0.05,1200.0
684547,162.9671612903225,24,10.725153414931624,1.5470329958093214,0.05,542.0
684548,244.3804516129038,18,15.140810969364635,1.6198113155056504,0.05,711.0
684549,42.99593548387106,2,15.492599437651648,1.017876592529629,0.05,171.0
684550,394.9743225806508,26,10.765619026560422,1.6422487190164374,0.05,1200.0
684551,328.81677419354827,26,11.7443810753859,1.7265428339990487,0.05,926.0
684552,218.3587741935492,28,12.48731968204773,1.6317065493858192,0.05,674.0
684553,139.2470967741932,11,18.62592574314963,1.4450533527434892,0.05,409.0
684554,116.78006451612933,25,11.625651963749903,1.3706941468770608,0.05,427.0
684555,184.89264516128958,17,15.148802440231126,1.6352826704880448,0.05,563.0
684556,155.9675483870967,11,19.004206476821167,1.5033012648637356,0.05,463.0
684557,240.74645161290326,26,13.862244855160663,1.6321683914676708,0.05,708.0
684558,431.8432258064563,23,14.715211576047372,1.727634045891017,0.05,1143.0
684559,386.7447741935477,20,15.68157611108884,1.7292095017332596,0.05,1030.0
684560,166.26200000000028,17,15.813152485562528,1.6025858309865104,0.05,492.0
684561,418.0803870967642,18,12.432370793625278,1.7345724699596061,0.05,1200.0
684562,420.1609032258015,25,8.660297192437179,1.7382470704003266,0.05,1200.0
684563,0.0,1,0.0,0.0,0.8,1200.0
684564,341.1731612903234,26,14.247137496505891,1.6460039399516209,0.05,1015.0
684565,278.50367741935526,26,14.590934782802334,1.4830454409655909,0.05,841.0
684566,37.75929032258072,2,16.855935705741004,1.0973634115746762,0.05,149.0
684567,260.60283870967726,15,19.02402101673335,1.4972602716213557,0.05,775.0
684568,357.1372258064507,23,15.054370311571596,1.683826945443308,0.05,984.0
684569,162.60574193548447,15,16.366297715592843,1.451419615877108,0.05,471.0
684570,182.38612903225746,17,16.189262053629296,1.6267284353674718,0.05,526.0
684571,236.81083870967677,27,11.635666206350692,1.5672981221403977,0.05,810.0
684572,0.0,1,0.0,0.0,0.8,1200.0
684573,421.8677419354783,17,13.623288840605612,1.7465714286973426,0.05,1200.0
684574,0.0,1,0.0,0.0,0.8,79.0
684575,183.77993548387144,24,12.614522205025423,1.6169860000406575,0.05,597.0
684576,35.39103225806453,4,13.144957814811374,0.7084085021799535,0.05,175.0
684577,149.08567741935482,17,15.769004711336368,1.4978954081667288,0.05,448.0
684578,150.475354838709,22,11.367654785241998,1.546091668420385,0.05,477.0
684579,214.094774193547,14,18.775707996997923,1.598024321655547,0.05,564.0
684580,255.7305161290322,18,16.520164486847335,1.62519063434066,0.05,718.0
684581,391.5420000000058,27,9.343991272828859,1.6874063640285584,0.05,1200.0
684582,55.816258064516035,5,16.913456592981753,1.027187594143194,0.05,207.0
684583,158.71309677419433,19,13.981985531974354,1.501963207818752,0.05,497.0
684584,124.99399999999973,11,17.5463351854179,1.348218698964267,0.05,405.0
684585,109.36245161290339,24,9.377200152327475,1.4452024957774052,0.05,427.0
684586,275.91741935483753,20,18.761116953431582,1.5302468143774002,0.05,793.0
684587,49.70116129032266,7,15.665237573108055,1.174326005189096,0.05,191.0
684588,0.0,1,0.0,0.0,0.8,60.0
684589,162.93483870967717,22,11.482302532579364,1.5223598249347043,0.05,532.0
684590,29.222838709677468,2,13.580184253532343,0.851916413499541,0.05,136.0
684591,84.00219354838688,11,15.506494782627788,1.2055595726690873,0.05,329.0
684592,101.01141935483852,7,18.773467486670537,1.4462471937449672,0.05,345.0
684593,402.2537419354824,26,9.071411321272162,1.6894047619052168,0.05,1200.0
684594,354.31154838709716,28,12.507463828331737,1.6440240865067395,0.05,1200.0
684595,34.96329032258066,2,13.19911213178404,0.8521008403367288,0.05,170.0
684596,131.82283870967697,11,17.617916660349472,1.3215805580275164,0.05,423.0
684597,210.52780645161312,23,13.434711876907697,1.6322082427314233,0.05,627.0
684598,151.53258064516112,12,18.862412307959247,1.3982266602459241,0.05,452.0
684599,45.40141935483878,4,19.270809130056254,0.8699600012476204,0.05,151.0
684600,219.3634838709669,23,12.963483720918894,1.4970247322877692,0.05,677.0
684601,213.59993548387092,18,14.058392419195885,1.5988715980210335,0.05,633.0
684602,29.053483870967778,3,14.357246027924875,0.8213234611390747,0.05,134.0
684603,397.92799999999824,20,13.621018109761394,1.6549051656888174,0.05,1200.0
684604,415.95993548386235,22,10.384988181950593,1.7744054089437031,0.05,1200.0
684605,328.19238709677467,20,14.917914061787407,1.684829333162348,0.05,904.0
684606,332.3510322580649,20,16.374407513749084,1.479898087578195,0.05,995.0
684607,165.25903225806536,18,13.638500238778718,1.6043224953573747,0.05,504.0
684608,384.3478709677425,22,16.016417229501364,1.663094584925955,0.05,1070.0
684609,0.0,1,0.0,0.0,0.8,148.0
684610,271.28451612903115,23,15.554185970359482,1.6352519928802098,0.05,757.0
684611,311.6338064516138,20,14.97436789764584,1.62726679714481,0.05,876.0
684612,442.1001290322518,18,16.558952772397888,1.661238705631881,0.05,1200.0
684613,40.20419354838709,3,17.31624718217799,1.0554042225194704,0.05,152.0
684614,298.91703225806305,23,11.502947861091798,1.695925625892844,0.05,887.0
684615,252.61232258064464,26,10.295166153144512,1.6110491072241337,0.05,768.0
684616,83.11729032258053,9,16.04186806810811,1.2023727138252387,0.05,289.0
684617,230.71135483871038,11,19.50483954222453,1.5534525697040023,0.05,631.0
684618,92.15380645161291,13,15.361519987538077,1.3975085226458877,0.05,309.0
684619,194.46470967741962,25,12.376474575082804,1.5317180513267208,0.05,629.0
684620,0.0,1,0.0,0.0,0.8,1200.0
684621,0.0,1,0.0,0.0,0.8,1200.0
684622,22.572838709677427,2,11.535339075705357,0.7020736923898154,0.05,126.0
684623,95.7157419354839,8,18.413005919890153,1.359018139040257,0.05,306.0
684624,135.2980645161294,25,9.725205891217456,1.4667113263779954,0.05,472.0
684625,410.7458709677392,29,10.478750750609933,1.7493121292855938,0.05,1200.0
684626,223.40858064516144,27,13.634321119539875,1.447520896592176,0.05,718.0
684627,257.3472903225801,21,14.8013770075091,1.5560859643935272,0.05,773.0
684628,114.1539354838705,11,17.495233409984024,1.3500536272985986,0.05,376.0
684629,235.51148387096765,22,15.579797849772689,1.6085488093548217,0.05,701.0
684630,89.58045161290337,5,20.098957437432254,1.3448827465888225,0.05,268.0
684631,271.8928387096794,29,9.617433338123604,1.6840428064842965,0.05,846.0
684632,385.3685161290354,29,10.617740943831317,1.6855743595676191,0.05,1200.0
684633,288.6188387096756,15,19.575421121811228,1.5728825881497666,0.05,786.0
684634,156.61954838709707,18,13.6194888322067,1.5540844652108288,0.05,485.0
684635,155.33606451612923,25,10.488586050007706,1.654967789172706,0.05,498.0
684636,52.34683870967748,6,17.78519142647917,1.188088907907122,0.05,179.0
684637,194.1007741935497,13,17.844907366899218,1.3868363432998994,0.05,605.0
684638,32.923032258064524,2,12.429195552672388,0.744526536861228,0.05,172.0
684639,208.74516129032264,25,11.188671543896904,1.5681973744850786,0.05,645.0
684640,233.83387096774285,21,14.71791476449596,1.6194849286602455,0.05,667.0
684641,189.70858064516145,19,14.43152969686044,1.6001501125845243,0.05,571.0
684642,41.33354838709679,7,15.07650653227216,1.1753581994384161,0.05,167.0
684643,318.51806451613123,30,9.972028765425069,1.5801438443108917,0.05,1013.0
684644,174.4607096774192,29,10.951336195305153,1.5468265883305674,0.05,600.0
684645,62.6025161290323,7,16.98425384486204,1.2971819478361355,0.05,216.0
684646,279.5459999999982,15,18.47757239340148,1.518911240144831,0.05,803.0
684647,185.18129032258037,18,15.56657814550532,1.6605251138531139,0.05,560.0
684648,392.3346451612896,25,7.266331063229031,1.7474047634855139,0.05,1200.0
684649,402.08825806451,23,11.297614222665532,1.6788809523809523,0.05,1200.0
684650,425.1861935483779,15,15.554734765466437,1.7425845547461893,0.05,1200.0
684651,65.80580645161292,5,16.98930383488718,1.1602907427202633,0.05,253.0
684652,156.38006451612904,24,11.790168157647791,1.501313719175353,0.05,522.0
684653,255.91058064516082,28,13.353893342073603,1.5770837183520068,0.05,773.0
684654,128.05812903225868,18,12.941185798938605,1.5857142857142874,0.05,414.0
684655,207.7154193548391,19,14.54730770143066,1.603228659885145,0.05,646.0
684656,307.93929032258166,16,18.40114122834414,1.568125122937015,0.05,813.0
684657,147.69419354838672,22,12.979662602687107,1.5770954540810687,0.05,516.0
684658,359.7924516129039,30,6.194083990629966,1.582380952388771,0.05,1200.0
684659,38.59296774193548,4,16.456847101941065,0.7331685115228175,0.05,153.0
684660,253.72838709677427,25,14.838880296289942,1.5781141229741456,0.05,718.0
684661,91.8237419354842,16,14.250211629067195,1.4316167201191157,0.05,319.0
684662,387.35909677419494,25,13.613683571235272,1.607745712098945,0.05,1173.0
684663,153.97961290322598,12,18.015967158401462,1.4526548829812984,0.05,452.0
684664,92.8729032258067,7,19.355086139737818,1.2306892627422257,0.05,297.0
684665,111.4721935483873,10,17.50018936685731,1.361756749984092,0.05,367.0
684666,0.0,1,0.0,0.0,0.8,158.0
684667,185.80922580645094,15,17.331137549573622,1.4389105918214677,0.05,582.0
684668,56.31438709677406,7,17.006252518816865,1.2651484750611333,0.05,211.0
684669,49.352516129032146,3,17.308517744968338,0.9398001374922902,0.05,191.0
684670,182.14096774193575,19,15.499991080402618,1.3728550826326407,0.05,567.0
684671,258.14754838709604,15,18.398565752782122,1.5234753550540074,0.05,684.0
684672,103.14658064516141,9,18.236933025964568,1.5141135972462871,0.05,332.0
684673,72.93161290322575,5,17.875584893349917,0.8960829493617218,0.05,248.0
684674,43.80064516129029,6,13.403346062854654,0.8816954786326384,0.05,199.0
684675,99.87264516129027,7,18.814508802555377,1.150271248635974,0.05,316.0
684676,313.7860645161321,21,15.310760047029811,1.6169850907253565,0.05,874.0
684677,402.37406451612924,25,12.6621358556428,1.6055715463856026,0.05,1200.0
684678,256.27225806451565,25,15.554817204606833,1.4333405760097255,0.05,735.0
684679,209.5956774193539,28,9.842693446844823,1.59603753910324,0.05,685.0
684680,407.61806451612966,8,20.846115434583226,1.4906782720519218,0.05,1200.0
684681,180.70774193548422,12,18.436067904889228,1.4202180038769714,0.05,573.0
684682,21.9701935483871,3,8.029610998826891,0.5107732585803959,0.05,172.0
684683,238.68309677419347,31,8.002769512188545,1.5994134964306663,0.05,810.0
684684,237.85187096774257,25,13.07134134120467,1.5632820113038395,0.05,733.0
684685,333.5119354838714,21,16.621696906975558,1.6236892538801215,0.05,948.0
684686,27.860967741935518,3,14.632114992883803,0.868041474661757,0.05,124.0
684687,74.44529032258069,8,17.265326103026375,1.192481538459382,0.05,253.0
684688,0.0,1,0.0,0.0,0.8,70.0
684689,0.0,1,0.0,0.0,0.8,1200.0
684690,372.4276129032318,25,9.706302290691404,1.6332151132222246,0.05,1200.0
684691,430.1729677419366,22,16.153648710710108,1.6954742361910935,0.05,1200.0
684692,438.07019354838224,17,16.963137253695752,1.6864211814837513,0.05,1200.0
684693,377.1811612903186,27,7.987566179124286,1.5996780682334262,0.05,1200.0
684694,90.8763870967741,7,19.357142292248792,1.36685206465202,0.05,287.0
684695,414.8532903225817,30,11.228338738670967,1.6562453564352455,0.05,1200.0
684696,162.39219354838755,18,15.267743133493244,1.5393347641170916,0.05,493.0
684697,254.7334193548386,25,11.53545588014988,1.664787293961151,0.05,751.0
684698,313.11225806451756,17,17.02056939563204,1.5850091430443787,0.05,835.0
684699,235.18219354838712,17,16.521315032720725,1.6316610982860538,0.05,703.0
684700,263.5480645161293,16,17.244780695348748,1.610070640129846,0.05,774.0
684701,364.99903225806236,24,13.611362653121951,1.734426673896051,0.05,1054.0
684702,71.95090322580629,4,17.935798479547298,0.9831472101032213,0.05,251.0
684703,212.77535483871063,28,13.214212293497589,1.5900998697351287,0.05,658.0
684704,119.78870967741972,20,12.586704306062025,1.4878207964538763,0.05,395.0
684705,0.0,1,0.0,0.0,0.8,117.0
684706,69.32638709677427,6,18.360660974437824,1.2636069812567634,0.05,221.0
684707,104.32412903225806,12,17.751582117662185,1.3503225806487278,0.05,310.0
684708,180.31709677419346,17,16.025561570007735,1.5289121910675596,0.05,545.0
684709,310.89735483871,26,12.5160356032716,1.708074441707482,0.05,867.0
684710,325.5920000000003,29,11.962677000199465,1.6463446835564954,0.05,1022.0
684711,213.71741935483848,15,17.816483187670165,1.5054292620408933,0.05,631.0
684712,174.91851612903267,12,18.562332460988614,1.5330440846675206,0.05,460.0
684713,92.20187096774218,5,19.83820084327288,1.3672179607125983,0.05,292.0
684714,52.269741935483815,5,18.005778809638713,1.105543750090725,0.05,182.0
684715,212.42780645161238,28,9.807941025248105,1.6387402299975893,0.05,694.0
684716,134.90083870967723,8,20.062325108632287,1.3194759889016698,0.05,386.0
684717,80.74477419354821,9,17.205881761972098,1.2776506909472467,0.05,287.0
684718,412.15838709677143,21,11.600028920580966,1.6563809523809525,0.05,1200.0
684719,220.53025806451708,15,18.377056221633964,1.5131903240277718,0.05,626.0
684720,196.4545161290314,11,18.752827067725736,1.3802817475533056,0.05,611.0
684721,234.53929032258046,13,18.677447840554038,1.5367596746420258,0.05,687.0
684722,312.1610967741954,23,16.17928421180011,1.5965898929380096,0.05,913.0
684723,372.49264516129284,21,10.739767455367113,1.7092382644623152,0.05,1200.0
684724,177.57916129032265,20,14.314344352166621,1.5510886882638653,0.05,538.0
684725,324.4020000000005,16,17.963696464329804,1.6211350635105897,0.05,895.0
684726,197.728709677419,25,11.187929539303845,1.5452033832259886,0.05,667.0
684727,0.0,2,0.0,0.0,0.8,174.0
684728,174.1771612903222,24,9.714305009693193,1.527263402945999,0.05,557.0
684729,116.37187096774242,18,13.664006449376956,1.5614767272352552,0.05,356.0
684730,197.1988387096781,21,12.377693999285809,1.5719277712260677,0.05,589.0
684731,295.3679999999995,22,15.179114083511749,1.6270701492470843,0.05,911.0
684732,83.98167741935502,10,18.670520655061544,1.3491596293430237,0.05,273.0
684733,210.2541935483878,20,12.114513566466469,1.601103218853903,0.05,654.0
684734,230.6676129032261,26,12.09786488310386,1.6455102729414646,0.05,692.0
684735,214.52761290322698,28,10.813329920480532,1.572009292192515,0.05,690.0
684736,113.39600000000058,12,16.83956878689426,1.4193371857787798,0.05,362.0
684737,164.45929032258064,28,10.20996312193925,1.5558878430660097,0.05,533.0
684738,194.6150967741945,22,13.487931361007414,1.5340296109993883,0.05,602.0
684739,123.64516129032242,15,13.949254820168784,1.4761677378050515,0.05,392.0
684740,123.79496774193568,20,12.455387863841443,1.484179980245677,0.05,422.0
684741,64.79187096774186,4,17.68418101917716,0.9835774492953998,0.05,221.0
684742,234.08638709677314,17,16.33455779881586,1.6817944829463833,0.05,656.0
684743,241.02741935483903,20,16.066997160578133,1.6464487530486103,0.05,708.0
684744,114.97503225806454,9,18.24825382720119,1.3072028091578478,0.05,359.0
684745,74.65187096774211,6,19.644244705962628,1.2654788154176695,0.05,236.0
684746,221.49167741935472,27,11.435638915159629,1.5910983798376404,0.05,731.0
684747,145.17070967741932,17,14.463827476801702,1.5238312642518919,0.05,443.0
684748,83.79083870967725,7,17.095948872230267,1.2368657089819228,0.05,269.0
684749,316.32399999999797,23,12.837205939008772,1.6928571428573904,0.05,912.0
684750,97.86696774193526,11,17.465239318197394,1.2871405990406877,0.05,326.0
684751,0.0,1,0.0,0.0,0.8,65.0
684752,135.78787096774218,10,18.309057530152256,1.4619168176465578,0.05,395.0
684753,111.67374193548405,11,16.449774925481755,1.409860379417097,0.05,368.0
684754,124.8825806451613,13,16.205617550441126,1.4323888806069087,0.05,418.0
684755,193.64116129032323,11,20.130391031311362,1.5086274360376661,0.05,525.0
684756,78.14619354838702,9,15.922187525058165,1.3277432962854967,0.05,256.0
684757,74.22683870967742,16,13.299993526510637,1.2901389412533124,0.05,265.0
684758,29.30199999999998,4,10.539655756696511,0.5279594385411536,0.05,181.0
684759,132.36883870967782,17,15.055323236388462,1.4921934149341118,0.05,441.0
684760,348.3405161290358,20,16.080270646342306,1.7053646775194191,0.05,948.0
684761,218.06193548387068,29,10.716338090670039,1.5409158247201074,0.05,706.0
684762,420.7607741935437,11,19.213903361478064,1.706238164598833,0.05,1200.0
684763,253.2030322580644,24,14.816813529432148,1.5780939898895727,0.05,763.0
684764,150.10948387096775,14,16.338749334774707,1.5479428298879092,0.05,487.0
684765,196.9240645161293,24,11.614392005311226,1.6038395131044665,0.05,615.0
684766,172.0585806451622,20,15.290307160071553,1.603675856307843,0.05,513.0
684767,137.12096774193589,25,8.729967384372902,1.5542623619307072,0.05,470.0
684768,57.0771612903224,3,19.44831880527293,1.1992107340182718,0.05,181.0
684769,0.0,1,0.0,0.0,0.8,62.0
684770,198.75025806451666,22,11.31302168218137,1.5870499739528607,0.05,611.0
684771,166.59387096774202,18,14.900737591315492,1.521764399879046,0.05,536.0
684772,164.07258064516202,28,10.685877887001924,1.5357211792884395,0.05,536.0
684773,81.64851612903206,4,19.832972364882842,1.0791534338680966,0.05,270.0
684774,33.09870967741933,3,13.703378374338612,0.8380555562518093,0.05,154.0
684775,0.0,1,0.0,0.0,0.8,1200.0
684776,244.276580645161,18,15.49843000684391,1.5609043617448344,0.05,714.0
684777,429.65277419354993,22,13.81483962316147,1.6402142857156714,0.05,1200.0
684778,189.38851612903198,30,10.546304206745331,1.560534196617864,0.05,635.0
684779,21.905806451612907,2,10.073576975407759,0.5989965902027475,0.05,142.0
684780,294.31399999999957,25,12.974321461720242,1.620709271475668,0.05,854.0
684781,320.94961290322465,27,12.890639608647124,1.581454183256396,0.05,949.0
684782,308.79270967742036,28,13.302157296314553,1.7004264964759246,0.05,929.0
684783,231.79625806451813,25,10.719403931000759,1.6511481755248991,0.05,741.0
684784,76.81096774193544,15,15.680437802247347,1.3871843494873939,0.05,259.0
684785,29.551290322580687,3,12.788083762973844,0.7843169686036443,0.05,144.0
684786,339.21406451612785,26,11.751412164764275,1.6587803500847138,0.05,1012.0
684787,319.7315483870952,31,8.868136509957933,1.7403800827291285,0.05,1015.0
684788,68.17851612903218,13,14.338346702887844,1.2943417374466557,0.05,255.0
684789,0.0,1,0.0,0.0,0.8,103.0
684790,186.7811612903223,16,15.280490112690977,1.611668051190076,0.05,514.0
684791,144.23883870967717,15,16.702837697415607,1.3763324673397273,0.05,437.0
684792,204.9130967741931,18,15.57276370337137,1.6574012479272133,0.05,580.0
684793,182.68490322580655,24,11.149117818232833,1.5824108302068758,0.05,548.0
684794,153.3667096774186,28,10.421589734609741,1.426846956387669,0.05,562.0
684795,437.60606451613864,17,14.594191933212688,1.797905713014986,0.05,1200.0
684796,56.146193548386925,5,15.825142483033936,1.0610401891976737,0.05,220.0
684797,39.66258064516123,4,16.896610448488083,0.8417236410818492,0.05,148.0
684798,76.29212903225793,4,20.835730022139252,1.141836734694203,0.05,224.0
684799,326.99451612903306,31,9.70519438635363,1.6422484063121463,0.05,987.0
684800,241.31838709677473,25,12.731106996479182,1.6689638830041638,0.05,720.0
684801,381.9746451612952,28,9.110700287379382,1.5987142858417223,0.05,1200.0
684802,110.1713548387098,6,21.05396804734593,1.3388623573348402,0.05,336.0
684803,202.626967741936,21,11.96175042874586,1.5625551929188464,0.05,676.0
684804,209.99529032258138,29,10.252561183434374,1.5519614013006124,0.05,681.0
684805,302.3637419354877,18,15.634714266838328,1.699126792349185,0.05,818.0
684806,101.95232258064532,13,14.843001662474197,1.360596546309965,0.05,364.0
684807,37.20812903225814,4,13.435149931331031,0.7495588410953286,0.05,179.0
684808,226.8627741935474,19,13.722618188471156,1.5742815187757513,0.05,681.0
684809,21.45406451612902,2,13.88784398551361,0.818523896730718,0.05,103.0
684810,313.7939999999972,27,13.72670066100253,1.5492136202755877,0.05,890.0
684811,54.33858064516129,11,13.970235688629272,1.143371943369667,0.05,222.0
684812,65.95206451612917,7,18.15208250068147,1.230026649749783,0.05,216.0
684813,63.1009032258063,8,16.857100990112766,1.1628469390320266,0.05,224.0
684814,300.9068387096769,20,16.26033686540046,1.605235435348832,0.05,895.0
684815,28.642322580645136,2,14.863896505648537,0.8891705069145547,0.05,124.0
684816,36.21309677419353,3,14.144050898484227,0.8427097610772819,0.05,182.0
684817,71.47219354838711,9,15.957177025657275,1.2535580761220437,0.05,263.0
684818,34.15496774193549,4,16.408611474360246,0.8292357260573603,0.05,129.0
684819,443.5127741935458,21,14.268607717988417,1.793571428571427,0.05,1200.0
684820,115.14451612903265,10,18.238877625860436,1.3378107606790497,0.05,385.0
684821,240.27077419354768,18,17.87290765529631,1.5266255407006637,0.05,684.0
684822,205.21825806451605,26,10.428280342298766,1.483067238901405,0.05,680.0
684823,167.96458064516165,9,19.25390083852589,1.4212611607187775,0.05,512.0
684824,379.0961290322679,27,8.740537697616737,1.6782146367293505,0.05,1200.0
684825,64.02470967741932,8,15.531908082949196,1.0989579576469337,0.05,233.0
684826,100.19361290322597,13,15.628451099126234,1.2224621848750554,0.05,340.0
684827,45.593612903225925,3,15.408250522193057,0.9200872495035588,0.05,197.0
684828,103.01761290322592,8,18.65914847148494,1.3884034965789824,0.05,340.0
684829,390.57348387096846,28,12.776041223171871,1.6579854465682593,0.05,1119.0
684830,74.96709677419362,4,19.465304584997114,1.1169765188915144,0.05,234.0
684831,44.60219354838703,5,15.889816758451119,1.0080258239641493,0.05,178.0
684832,159.05232258064504,18,13.55278007104139,1.6348553324622734,0.05,473.0
684833,449.05296774194323,9,20.350858178042667,1.8384079662296127,0.05,1200.0
684834,323.7621290322562,18,16.644027944702966,1.6887766319997102,0.05,898.0
684835,250.34832258064444,26,13.783580600455606,1.57154451070734,0.05,742.0
684836,203.9730322580651,27,12.180171402109405,1.5538699690394937,0.05,646.0
684837,168.85180645161265,28,9.802527713973445,1.5964017185883783,0.05,532.0
684838,277.8187741935484,25,14.87806382336481,1.5754065413740814,0.05,826.0
684839,110.3976129032261,11,17.657729565351985,1.453339730089408,0.05,338.0
684840,318.0195483870978,30,10.974440089108763,1.638230454627358,0.05,965.0
684841,42.460580645161265,5,17.405096708060395,1.0883800059013025,0.05,161.0
684842,293.7902580645152,25,14.298690564929673,1.574761736407313,0.05,977.0
684843,0.0,2,0.0,0.0,0.8,93.0
684844,211.20083870967858,19,14.355548674061009,1.5839224084940482,0.05,608.0
684845,267.07090322580586,26,11.652956442974576,1.647943531633928,0.05,820.0
684846,201.54625806451642,24,10.913106009849926,1.458740571247116,0.05,628.0
684847,236.49187096774486,31,2.7370328758287767,1.1794761913755747,0.05,1200.0
684848,396.2230967741957,21,15.860650544185825,1.637057840429573,0.05,1050.0
684849,227.6404516129034,18,14.94285184070443,1.5428153718366315,0.05,684.0
684850,59.58961290322593,7,14.996824002912927,1.076485461441214,0.05,226.0
684851,265.5027096774186,19,16.536313793799707,1.6161545463296267,0.05,736.0
684852,70.6183225806453,4,20.975291182522245,1.1468440043005717,0.05,215.0
684853,42.29083870967751,4,13.570558346358249,0.7047014217461763,0.05,208.0
684854,0.0,1,0.0,0.0,0.8,63.0
684855,251.73258064516213,10,21.21924436514531,1.5647899159660161,0.05,680.0
684856,82.16780645161316,11,16.876877691204708,1.319193038353179,0.05,262.0
684857,133.48045161290366,18,13.163082836219298,1.5201993355481846,0.05,430.0
684858,195.17296774193477,17,15.92207070585379,1.6342653805833913,0.05,562.0
684859,450.77219354838496,12,18.10028739103715,1.4432787249911172,0.05,1200.0
684860,0.0,1,0.0,0.0,0.8,101.0
684861,245.5628387096774,23,12.368184879269306,1.608869531859983,0.05,738.0
684862,123.22954838709701,23,11.028035420704066,1.502423719230793,0.05,407.0
684863,35.09922580645168,5,14.191688607653205,0.8514054603158184,0.05,165.0
684864,192.85006451612944,19,13.517044531492907,1.6407468563988106,0.05,576.0
684865,128.0940000000003,17,15.247770572696407,1.626819276413447,0.05,375.0
684866,91.9954838709679,10,16.69689273483046,1.295269320842268,0.05,305.0
684867,45.21470967741933,5,18.607961183196235,1.2121103127483523,0.05,151.0
684868,88.95941935483867,17,12.498483800060718,1.3142874544998069,0.05,347.0
684869,233.56870967742003,22,13.49820810935338,1.6669909460354126,0.05,676.0
684870,212.1110967741939,19,14.878763557122683,1.567580876743347,0.05,631.0
684871,249.5948387096773,29,7.934491369023589,1.6826530485985647,0.05,802.0
684872,38.9854838709677,3,16.40735394607761,1.0627180451111222,0.05,152.0
684873,232.30961290322648,21,14.464766927982764,1.4558022625858642,0.05,682.0
684874,173.02322580645136,17,16.5387090431658,1.4923966351617641,0.05,539.0
684875,81.99838709677451,5,17.674154240440174,0.9959883743067919,0.05,292.0
684876,120.16606451612878,29,8.351416540288485,1.4885021141731853,0.05,466.0
684877,163.0305806451615,13,18.493335637221307,1.5041377227439254,0.05,473.0
684878,161.48238709677423,10,19.343027148026447,1.4001180668566497,0.05,484.0
684879,130.94296774193558,23,10.382101801901499,1.5819366842337241,0.05,427.0
684880,251.34264516129124,28,9.563668228185078,1.6811732329296987,0.05,755.0
684881,253.44703225806526,19,15.348434211164452,1.6326588985281745,0.05,762.0
684882,304.94322580645144,21,17.973960635054105,1.6508146026381063,0.05,833.0
684883,204.98051612903163,23,11.898781562210221,1.5979717813083607,0.05,648.0
684884,0.0,1,0.0,0.0,0.8,61.0
684885,240.8913548387103,23,12.558976785229675,1.6052509652835352,0.05,740.0
684886,51.64819354838707,4,16.623771016210245,0.7836239736072891,0.05,197.0
684887,167.58387096774223,15,16.3079935080931,1.5806692078069486,0.05,504.0
684888,434.7949677419346,22,14.85079713471059,1.6869047627183165,0.05,1200.0
684889,403.5625161290299,27,11.805380691788859,1.569471477960591,0.05,1200.0
684890,141.30567741935496,7,20.209826018291842,1.4154076336276462,0.05,382.0
684891,394.6225806451652,27,9.641095474651157,1.7212976250615475,0.05,1200.0
684892,278.26038709677323,20,16.983368516348822,1.6396267619860652,0.05,773.0
684893,52.989806451612864,4,17.60198956840212,0.9596372164120436,0.05,189.0
684894,120.31974193548407,14,16.660633444027006,1.46709470750528,0.05,356.0
684895,296.32019354838616,21,14.600769964024227,1.674888661409144,0.05,834.0
684896,36.89709677419355,4,15.136415560267249,0.8022709981085061,0.05,164.0
684897,0.0,1,0.0,0.0,0.8,77.0
684898,259.385548387098,29,11.036144556892019,1.5965065274197672,0.05,783.0
684899,142.786193548387,20,14.513023393539415,1.4378002528445015,0.05,452.0
684900,107.25612903225819,7,19.674936003020015,1.3584415622127015,0.05,330.0
684901,309.1369677419366,18,17.174893324811958,1.5168304767164837,0.05,932.0
684902,223.77316129032317,28,12.455774012691442,1.5347315977574023,0.05,682.0
684903,0.0,1,0.0,0.0,0.8,1200.0
684904,167.6932903225813,19,14.754288785441473,1.5745765596673886,0.05,506.0
684905,184.986516129032,18,14.887182973316833,1.6293862999745334,0.05,561.0
684906,177.9726451612896,24,12.627379767309765,1.5621507652684659,0.05,542.0
684907,381.59496774194287,25,10.434439248646724,1.7128689389881044,0.05,1200.0
684908,126.09483870967777,18,13.353810098969332,1.450208044382805,0.05,412.0
684909,263.2139354838716,18,14.551960832549675,1.6414256241945424,0.05,734.0
684910,255.33580645161285,22,12.993575367157566,1.6744140058149641,0.05,823.0
684911,356.35316129032964,28,6.283448059745287,1.669660510975748,0.05,1200.0
684912,93.08232258064486,7,17.806464809953212,1.2131868228633707,0.05,325.0
684913,88.52432258064518,7,19.586601987127565,1.421683028370225,0.05,253.0
684914,44.17509677419348,3,17.732445712716476,1.1387241689157115,0.05,159.0
684915,28.91470967741932,3,15.505400169771182,0.9488096516484492,0.05,120.0
684916,449.484709677416,22,13.94768193041338,1.773071461035128,0.05,1200.0
684917,271.2292258064523,27,10.865361669189596,1.5589652244108798,0.05,828.0
684918,241.19303225806516,21,13.662836052874756,1.6938833130676572,0.05,710.0
684919,360.93929032258177,27,13.702076018666459,1.6106979373357408,0.05,1047.0
684920,88.41329032258047,8,18.102224662089,1.337962317643139,0.05,286.0
684921,192.2310967741928,15,16.31988322300555,1.4936336402355928,0.05,603.0
684922,104.53851612903216,6,20.21445026524635,1.3139286321536683,0.05,320.0
684923,373.13264516128794,27,6.609081313735719,1.5584862183308121,0.05,1200.0
684924,324.99580645161205,27,11.449272146594398,1.6262499999992521,0.05,960.0
684925,192.56664516129,18,16.751658695241535,1.5530102058439554,0.05,560.0
684926,169.19167741935516,19,14.23763267630072,1.622690707350902,0.05,515.0
684927,78.8155483870968,6,17.999007667613792,1.267717485387683,0.05,267.0
684928,215.26909677419383,24,10.288591791713355,1.6129986833085543,0.05,684.0
684929,48.8411612903227,3,13.599455133635033,0.7977530071474405,0.05,239.0
684930,86.99903225806472,9,16.556301203133568,1.330517323209595,0.05,301.0
684931,406.9916774193548,29,13.32785503474604,1.6980714309565326,0.05,1200.0
684932,428.04019354838596,15,17.508072909145,1.6880830381308705,0.05,1200.0
684933,136.13619354838747,22,11.273964408572185,1.5496177468030687,0.05,427.0
684934,225.3604516129035,18,17.28105855983893,1.470949486373736,0.05,695.0
684935,135.29838709677438,19,14.217410672428429,1.4856593674375627,0.05,440.0
684936,346.48787096774345,28,14.344347525759527,1.6786070428004627,0.05,996.0
684937,87.04006451612918,8,17.827592179703867,1.3038709011975194,0.05,310.0
684938,193.70470967741883,7,22.052400893121877,1.4567203591242508,0.05,541.0
684939,339.3261935483902,28,12.201259321438581,1.6364365776900414,0.05,1029.0
684940,416.747806451605,23,9.775788234667822,1.7594104780651625,0.05,1200.0
684941,162.72412903225856,25,11.572199786667673,1.517153920715244,0.05,518.0
684942,113.13580645161255,11,17.893792263162087,1.3218178309861421,0.05,368.0
684943,137.9322580645157,25,11.066124528391665,1.4918891226115383,0.05,482.0
684944,268.9299354838717,26,10.595188731042597,1.618556573691388,0.05,904.0
684945,275.8513548387096,25,12.601680088062729,1.7184520445741576,0.05,840.0
684946,215.40264516128957,23,11.804634719664428,1.6847093299510154,0.05,648.0
684947,439.5853548386978,14,16.599092614272866,1.7357616152339017,0.05,1200.0
684948,404.62967741935773,27,13.989096083192768,1.633098326944166,0.05,1168.0
684949,0.0,1,0.0,0.0,0.8,138.0
684950,188.14251612903217,22,12.150498892239533,1.5960511956597057,0.05,586.0
684951,273.4490322580646,22,12.932690139131836,1.6985208576843451,0.05,792.0
684952,263.36006451612997,15,18.247826725945732,1.6177750145655507,0.05,737.0
684953,275.0697419354839,28,10.868806933860123,1.6576169620565786,0.05,904.0
684954,252.52496774193577,23,13.370561896880323,1.68840017289314,0.05,734.0
684955,117.14729032258055,13,16.171635427012607,1.470624321116853,0.05,386.0
684956,217.26187096774228,20,14.967158270444575,1.6807341738964254,0.05,653.0
684957,86.99974193548363,6,19.684003111934064,1.3096497918845478,0.05,265.0
684958,167.0419354838706,13,18.2518846351526,1.619723148512139,0.05,439.0
684959,215.14019354838754,30,9.906924828562348,1.4146674073019867,0.05,729.0
684960,276.2965806451619,24,12.413864405634053,1.6921844772972836,0.05,852.0
684961,24.331741935483883,2,11.139641879238464,0.668490374965543,0.05,141.0
684962,328.26412903226066,31,8.10828042876457,1.6223525612244873,0.05,1050.0
684963,266.9783225806451,26,11.663988706335752,1.620585210073935,0.05,830.0
684964,270.2974838709667,23,14.509846879135887,1.6777326505385843,0.05,809.0
684965,232.60658064516142,24,13.435515553663576,1.6495518205616764,0.05,692.0
684966,253.10225806451658,23,14.222106066929877,1.580917631497496,0.05,741.0
684967,270.9806451612901,29,9.878796979277446,1.6485108706531402,0.05,825.0
684968,21.447999999999983,2,13.00407209552638,0.773255066813345,0.05,110.0
684969,410.1852903225734,23,9.61728321345081,1.7519047684845743,0.05,1200.0
684970,282.99748387096827,26,11.048656921682655,1.6516517467575633,0.05,881.0
684971,282.83535483871026,22,14.401633522176912,1.6834968825280952,0.05,842.0
684972,222.46154838709717,18,15.118107962587004,1.6284844055694372,0.05,656.0
684973,150.34380645161258,14,16.361342366176807,1.4059203424004194,0.05,488.0
684974,120.34019354838696,13,16.643381316302463,1.42314816020496,0.05,366.0
684975,144.25593548387116,17,14.224239956737886,1.4817425104959738,0.05,446.0
684976,250.770193548387,24,12.952343525494282,1.6398587115022774,0.05,760.0
684977,72.68845161290317,8,17.35542897757058,1.3458597881526526,0.05,239.0
684978,337.58187096774236,24,16.23979629382028,1.6476918311598543,0.05,916.0
684979,0.0,1,0.0,0.0,0.8,55.0
684980,69.68341935483866,9,16.483856615211906,1.396948086058547,0.05,234.0
684981,164.30774193548285,22,12.702561163287493,1.5555906353271904,0.05,543.0
684982,187.028838709679,19,15.258072970107325,1.5540032519175229,0.05,546.0
684983,222.29038709677351,16,17.473539045598358,1.4777549707907052,0.05,621.0
684984,93.32296774193581,11,17.988706214384344,1.397367071362882,0.05,293.0
684985,51.50709677419364,6,16.063153405820962,1.1012379136733774,0.05,208.0
684986,21.689225806451606,2,7.489256180669644,0.45265519933632936,0.05,191.0
684987,162.35070967741947,17,14.725578264971432,1.4863932280059975,0.05,513.0
684988,154.2998064516125,26,10.877364410965923,1.426530613841376,0.05,546.0
684989,186.90929032258094,19,16.40192204179497,1.5244784951196055,0.05,539.0
684990,248.5641935483841,11,18.681257342039547,1.4521274376836166,0.05,695.0
684991,375.5552903225793,15,16.89058762757493,1.6820893607092926,0.05,1086.0
684992,259.3321290322589,21,15.396041821598375,1.5894400508364652,0.05,773.0
684993,251.67922580645222,20,17.474887962522185,1.4585337416460582,0.05,719.0
684994,260.87374193548385,28,11.110712533187836,1.6865860271447741,0.05,828.0
684995,231.58800000000048,22,16.200919454381314,1.5234541520435634,0.05,694.0
684996,25.594258064516143,2,13.220497105062082,0.7882529972260558,0.05,127.0
684997,345.269225806452,22,14.392956875828428,1.6944590134064905,0.05,941.0
684998,149.27638709677422,6,20.3033422683282,1.2058400024035176,0.05,455.0
684999,140.44200000000004,13,17.05025190569482,1.5130143878408695,0.05,427.0
685000,341.9663225806494,27,5.085539745963431,1.5204543141541573,0.05,1200.0
685001,43.3254193548388,4,14.092588535386815,0.7088397389410683,0.05,197.0
685002,21.689225806451606,2,7.2244844975146565,0.4366522366708401,0.05,198.0
685003,252.88432258064552,26,13.131307613052257,1.6006474856398785,0.05,760.0
685004,119.0321290322582,3,21.52241612643343,1.3731881211962664,0.05,341.0
685005,226.90838709677362,10,19.494566567989743,1.4450984831322788,0.05,631.0
685006,126.23045161290327,21,12.044766322022744,1.3757471094411469,0.05,450.0
685007,197.0807741935481,26,9.878297029785037,1.5607142881693212,0.05,624.0
685008,207.55793548387024,22,13.687361349979966,1.4113553113689998,0.05,624.0
685009,70.87787096774206,6,17.466501086919738,1.1708146409203612,0.05,249.0
685010,54.299354838709625,6,16.709261706333074,0.9938458705535743,0.05,206.0
685011,347.75567741935583,28,11.29544963596409,1.7121797091501085,0.05,1064.0
685012,0.0,2,0.0,0.0,0.8,224.0
685013,417.9481290322545,20,15.066597595720653,1.6399047619047633,0.05,1200.0
685014,144.72748387096806,13,16.59248124085823,1.5590234246148869,0.05,433.0
685015,282.6598709677412,16,17.398736573107996,1.5155648210258095,0.05,829.0
685016,176.56180645161265,11,19.73682927049978,1.414421733573055,0.05,486.0
685017,118.02877419354859,7,20.792210805349157,1.4547476475635281,0.05,334.0
685018,286.46651612903105,14,17.30448602588266,1.584918973091789,0.05,790.0
685019,69.69741935483889,6,18.138945952796462,1.1268231524898757,0.05,237.0
685020,170.4827096774192,16,16.60526216543591,1.353371537230693,0.05,550.0
685021,106.56864516129056,12,17.07081513077636,1.3867928753175753,0.05,346.0
685022,175.0754193548376,14,16.67498372575159,1.5529715699449256,0.05,500.0
685023,0.0,1,0.0,0.0,0.8,1200.0
685024,395.4159354838695,28,8.623250724138943,1.7098998549675535,0.05,1195.0
685025,278.10987096774113,24,11.746672690465937,1.7275516666568633,0.05,813.0
685026,217.49019354838788,22,13.018495660669029,1.6717925386715207,0.05,628.0
685027,28.10141935483871,3,15.790724025524032,0.9239751589126778,0.05,115.0
685028,267.2125806451606,25,12.88476994000507,1.6136071445325655,0.05,800.0
685029,223.75748387096866,24,11.455593111226895,1.659254663977539,0.05,690.0
685030,220.7397419354851,21,14.00597903116914,1.5463494397573831,0.05,681.0
685031,0.0,1,0.0,0.0,0.8,56.0
685032,154.65541935483924,23,11.877570904830835,1.4829625292740074,0.05,488.0
685033,72.53212903225817,3,19.837647784089295,1.0579534028236097,0.05,233.0
685034,134.32864516129055,24,11.30350112212825,1.3264332689051483,0.05,461.0
685035,167.00122580645183,19,16.450378871058238,1.4819805194891835,0.05,528.0
685036,321.71883870967827,22,14.532524146430083,1.5847010241811739,0.05,994.0
685037,116.24064516128998,8,20.79368409175233,1.3835184291169056,0.05,333.0
685038,293.3092903225797,26,15.163195016657085,1.5953659773320354,0.05,831.0
685039,396.1407096774196,23,13.626356108931082,1.6976367645580182,0.05,1200.0
685040,184.12548387096712,18,16.663516330116128,1.5133316805552928,0.05,539.0
685041,58.603225806451654,4,17.039599601583895,0.8064690441636074,0.05,212.0
685042,416.56761290322174,24,13.238295656572229,1.649906067306602,0.05,1200.0
685043,86.67264516129006,7,18.40687259295508,1.3595995062548534,0.05,285.0
685044,0.0,1,0.0,0.0,0.8,64.0
685045,264.933290322581,25,12.50785171091734,1.660877320530661,0.05,825.0
685046,58.37148387096773,6,18.92698103908887,1.2846856525534034,0.05,188.0
685047,178.63374193548444,27,11.657272499424856,1.4984382573535813,0.05,571.0
685048,209.05270967741905,14,17.80206711435202,1.5738252031680633,0.05,608.0
685049,337.37812903225705,18,16.34554732352703,1.6623039034978901,0.05,959.0
685050,268.30774193548325,19,15.777828661509034,1.6747195214568809,0.05,764.0
685051,68.20722580645167,5,19.6731743198473,1.0283124210830852,0.05,220.0
685052,185.7385161290324,21,12.30221386928307,1.5038185442295355,0.05,565.0
685053,458.36793548387715,11,18.431414074333293,1.8317380952381026,0.05,1200.0
685054,265.72722580645114,25,12.60379268765287,1.463197280348275,0.05,840.0
685055,383.6210967741981,28,6.393448519174618,1.7244051908880935,0.05,1200.0
685056,323.6097419354837,28,11.536486989466095,1.6459041896420592,0.05,1027.0
685057,249.09432258064544,17,17.463149809378223,1.5102684976425969,0.05,697.0
685058,71.35058064516136,3,20.24124238480565,1.1649880952120324,0.05,222.0
685059,186.18696774193532,24,9.432176295320156,1.558923414513249,0.05,626.0
685060,82.88406451612929,6,18.701147601182306,1.2473658959480771,0.05,263.0
685061,390.77580645161225,26,10.737634527522733,1.6817450000353844,0.05,1200.0
685062,162.45335483870963,9,20.173059687503326,1.409389973286196,0.05,478.0
685063,181.69135483870969,21,16.241168630674444,1.5006458280924473,0.05,553.0
685064,390.4227741935553,28,9.915565966424447,1.6167380957965136,0.05,1200.0
685065,158.02625806451562,16,16.294467308807633,1.523225611616854,0.05,473.0
685066,167.01290322580684,22,11.470502514013631,1.4719697703180805,0.05,582.0
685067,156.36941935483827,11,20.240859072642493,1.3652230124472329,0.05,442.0
685068,121.254516129032,16,15.165316526021083,1.4104766552095107,0.05,390.0
685069,182.61193548387106,29,8.59671406156094,1.5095006216580078,0.05,662.0
685070,0.0,1,0.0,0.0,0.8,55.0
685071,106.7089032258067,16,15.121795891698778,1.4552763546888623,0.05,335.0
685072,275.8820000000024,29,10.40165778542882,1.6817598609871856,0.05,867.0
685073,221.83006451613002,19,15.027990337860267,1.5678042989092624,0.05,609.0
685074,160.66548387096788,18,15.462687249563068,1.5487257805873784,0.05,482.0
685075,222.91419354838678,26,11.892514301851051,1.5901760863564227,0.05,663.0
685076,246.44141935483722,22,13.538032124649103,1.5826691197780816,0.05,699.0
685077,121.2914838709684,14,16.146257326718576,1.4466201639671323,0.05,381.0
685078,173.98632258064515,10,19.59093446835422,1.5162709521506748,0.05,496.0
685079,274.0899354838713,27,13.381740434184913,1.5796506177288645,0.05,834.0
685080,276.1674838709687,22,14.454985200414788,1.6514963297572016,0.05,759.0
685081,136.00522580645202,26,10.37402531352071,1.4815708101481486,0.05,462.0
685082,370.96154838709714,18,18.122160527095087,1.6232736893219304,0.05,1010.0
685083,66.53503225806462,5,17.84325322074676,1.1677878943514484,0.05,235.0
685084,257.58567741935434,21,14.009699640999525,1.6279905017118432,0.05,782.0
685085,372.8326451612962,28,6.446171073781275,1.6809047681613296,0.05,1200.0
685086,268.76967741935385,12,19.777048833635984,1.4262937898307344,0.05,715.0
685087,280.88335483870986,14,18.207828806153724,1.6561377358378386,0.05,739.0
685088,279.86206451613,27,12.35558560227259,1.6147857142853965,0.05,800.0
685089,212.218516129032,16,16.933908367683248,1.4705654223454492,0.05,626.0
685090,312.5869032258038,17,17.236991453910093,1.6739513296945623,0.05,912.0
685091,95.44070967741966,13,15.501714327680967,1.3174058170740317,0.05,317.0
685092,88.65935483870962,6,20.11236573588311,1.45400432900553,0.05,264.0
685093,230.67664516129054,14,19.064286337115746,1.599161646170502,0.05,633.0
685094,37.14212903225806,2,15.862672952413975,0.9710476190497093,0.05,150.0
685095,190.84200000000044,21,13.204011734562801,1.613916892058464,0.05,581.0
685096,274.9947096774194,13,19.686406694365168,1.5453094602635158,0.05,734.0
685097,187.24974193548493,19,13.995833642636738,1.4869565346203246,0.05,576.0
685098,218.0429032258061,21,15.188085780884887,1.6549381327502846,0.05,635.0
685099,271.72896774193435,23,12.403984298114004,1.6807356492662195,0.05,769.0
685100,190.1876774193557,28,7.207999160190737,1.5413172200314726,0.05,672.0
685101,167.63903225806354,15,17.253271333276,1.4762107170035756,0.05,481.0
685102,211.54193548387042,17,16.32559910997152,1.5877083590923258,0.05,591.0
685103,143.87412903225857,12,17.53634126660578,1.4318082788815516,0.05,459.0
685104,232.0205161290311,24,14.612657939343597,1.6345698447846315,0.05,691.0
685105,202.93116129032282,29,10.016755825889872,1.515365336418048,0.05,741.0
685106,383.37490322581215,26,9.528747024014118,1.6891024964455754,0.05,1200.0
685107,223.64716129032325,20,13.893052614807628,1.5725664106556057,0.05,652.0
685108,242.43535483870855,18,17.396423513576938,1.5217455478466881,0.05,721.0
685109,397.90903225806966,28,8.50185341934287,1.722238327573324,0.05,1200.0
685110,101.394451612903,6,20.689228373106037,1.3787938501320114,0.05,299.0
685111,148.63316129032287,26,9.940184921037286,1.5703640333625422,0.05,503.0
685112,437.3979354838724,24,13.459958679964235,1.7229047620469191,0.05,1200.0
685113,111.41490322580637,14,15.234313697586048,1.4880149935646756,0.05,385.0
685114,63.940645161290476,6,19.02025716230639,1.274725239586539,0.05,211.0
685115,62.70587096774191,6,16.136824182046563,1.128103046996572,0.05,244.0
685116,50.0654838709677,3,18.745991652781875,1.0658774020472424,0.05,175.0
685117,273.1903870967747,16,18.559096473929536,1.6017468985142105,0.05,736.0
685118,126.98296774193534,11,17.83866707059065,1.3905469034331954,0.05,388.0
685119,270.2943225806459,16,17.51649021191492,1.5637704742167227,0.05,798.0
685120,257.9247096774199,27,10.881417484224656,1.582344471541753,0.05,814.0
685121,218.0216774193557,24,12.883683180133533,1.5664965991654063,0.05,672.0
685122,188.29432258064531,18,14.402991731331273,1.6196211872833208,0.05,565.0
685123,278.24212903225845,21,15.104804959597907,1.6476540616621203,0.05,816.0
685124,320.66922580645246,18,16.93166378918281,1.638777433454921,0.05,910.0
685125,269.6451612903239,26,11.35470607383793,1.6808674993004327,0.05,860.0
685126,191.69916129032282,18,14.54039005269201,1.642962575203193,0.05,542.0
685127,112.42541935483854,11,17.987991556247664,1.4144499179081407,0.05,348.0
685128,0.0,1,0.0,0.0,0.8,96.0
685129,0.0,1,0.0,0.0,0.8,70.0
685130,202.3473548387092,20,14.407078455922644,1.492050182943539,0.05,642.0
685131,102.60664516129086,8,17.8398687435145,1.3824782951875736,0.05,362.0
685132,218.4374193548381,26,10.172912906791469,1.6363561784659613,0.05,690.0
685133,86.65812903225775,8,19.256409521324205,1.327008087033332,0.05,265.0
685134,453.7656129032393,19,14.241396925669253,1.7300714784887612,0.05,1200.0
685135,0.0,1,0.0,0.0,0.8,1200.0
685136,187.25716129032352,14,18.168670033681046,1.4892588614422866,0.05,532.0
685137,200.04709677419297,28,9.93917205131899,1.5265594564094649,0.05,649.0
685138,172.04954838709708,12,18.23303839495447,1.45070409891549,0.05,497.0
685139,166.27974193548334,11,17.85293299499994,1.272287077116896,0.05,501.0
685140,223.56554838709664,19,16.280871842843247,1.5526910553317421,0.05,645.0
685141,348.4784516129036,18,19.16924768685876,1.647274726034745,0.05,937.0
685142,59.96167741935484,4,19.105607810638787,0.8780785088855169,0.05,202.0
685143,125.93793548387133,11,18.861577358926237,1.4957064793133477,0.05,366.0
685144,400.247225806452,29,12.813080891070193,1.7186170916836274,0.05,1095.0
685145,255.49232258064558,27,14.034170774088796,1.4591269944822185,0.05,792.0
685146,342.3634193548391,27,12.562677721158098,1.6371918800458376,0.05,958.0
685147,478.0147741935436,12,17.75160373759979,1.6213809918579116,0.05,1200.0
685148,83.32529032258067,6,19.421865946144607,1.2217416051303533,0.05,251.0
685149,201.04316129032267,25,14.030051884377604,1.5435384964807548,0.05,629.0
685150,149.66845161290277,21,11.854304313528718,1.5984973326455199,0.05,482.0
685151,321.22206451612806,21,16.802020629572386,1.596317460318321,0.05,900.0
685152,396.8705806451649,24,10.453002017825714,1.6845740320229547,0.05,1200.0
685153,324.40103225806376,22,13.880936172221075,1.7038408198704287,0.05,908.0
685154,137.74709677419412,12,17.980033487999687,1.5000718263876913,0.05,423.0
685155,444.9624516129102,11,18.728283006935754,1.6612731322812182,0.05,1200.0
685156,404.11477419355316,21,12.118408797203823,1.6490346882854574,0.05,1200.0
685157,215.0119354838701,21,13.296966953934572,1.5338848623562917,0.05,688.0
685158,81.38270967741907,7,17.137084971014325,1.1253825152908568,0.05,291.0
685159,242.63974193548404,22,12.799656537915414,1.6085753264470868,0.05,733.0
685160,22.75741935483871,2,10.595910596354829,0.6479298613286602,0.05,135.0
685161,174.5267096774188,17,15.63071687605655,1.5301647368335782,0.05,529.0
685162,253.25812903225892,23,15.392732321571877,1.5318356238950677,0.05,785.0
685163,0.0,1,0.0,0.0,0.8,83.0
685164,179.98070967741947,23,13.112732493160873,1.4895840130188829,0.05,586.0
685165,230.26832258064428,22,13.834758707951822,1.7022746812234528,0.05,654.0
685166,154.9730967741942,16,14.580146206316968,1.5148557187128127,0.05,449.0
685167,229.75761290322586,24,15.02495201199299,1.6565003215033614,0.05,667.0
685168,459.69561290323225,15,15.714660442025815,1.7852384532323675,0.05,1200.0
685169,141.5754193548393,18,13.108792637603983,1.5042392566790104,0.05,492.0
685170,198.0183870967746,15,16.379605165792377,1.5133577109097882,0.05,567.0
685171,52.710064516128945,6,18.009405081334283,1.214536069509941,0.05,183.0
685172,386.3261935483896,17,14.55491308717372,1.6600534045392399,0.05,1070.0
685173,159.6850967741938,23,12.46459670117775,1.522669214009185,0.05,536.0
685174,76.3903870967741,8,16.106530184646164,1.1554445554447568,0.05,286.0
685175,238.27174193548433,16,16.776297892394705,1.6057737210810856,0.05,673.0
685176,41.871483870967765,3,13.098993572385691,0.8129017848781531,0.05,206.0
685177,56.73535483870959,2,17.441431583711562,1.0284323158328454,0.05,206.0
685178,33.76225806451613,3,15.689419294303956,0.9942109970160129,0.05,148.0
685179,213.29483870967735,26,13.868458260437354,1.559197873241541,0.05,640.0
685180,226.84348387096787,23,12.419002714707078,1.672262131900452,0.05,635.0
685181,175.5728387096774,19,13.71507341085101,1.6016269439709856,0.05,550.0
685182,326.82206451613035,14,19.41887893448265,1.6080807299281272,0.05,877.0
685183,223.990129032258,18,15.577380585335014,1.59345328419687,0.05,659.0
685184,261.33683870967604,25,11.001999613742713,1.7037612473779096,0.05,768.0
685185,136.20309677419323,13,16.291852371777622,1.5172309683698242,0.05,427.0
685186,201.9712258064519,20,14.29887181539286,1.5416734654762725,0.05,626.0
685187,48.813677419354896,5,17.730500917683287,1.068380516648692,0.05,174.0
685188,328.35083870967645,23,14.095948981882517,1.6823915304691743,0.05,951.0
685189,336.9022580645161,25,15.210955200124175,1.6555976676549715,0.05,980.0
685190,0.0,2,0.0,0.0,0.8,111.0
685191,58.54748387096783,4,16.101259735748258,0.8433117497955617,0.05,235.0
685192,194.81167741935474,13,17.13748218873896,1.4195436507948456,0.05,576.0
685193,188.4625806451619,21,13.170674055762143,1.6372495049518538,0.05,556.0
685194,211.613870967743,19,13.09585729200726,1.6057951548613545,0.05,636.0
685195,149.85432258064532,28,10.981038047829017,1.5313400855669406,0.05,491.0
685196,430.91793548387466,13,18.748939672353767,1.6138727832818844,0.05,1200.0
685197,257.2654193548404,29,9.391531139164973,1.657965798087179,0.05,771.0
685198,114.05799999999977,7,20.944390508761458,1.3828229642196403,0.05,344.0
685199,120.21593548387102,19,14.98492260520362,1.4717832761241578,0.05,385.0
685200,113.63206451612955,10,17.51484517068343,1.4378194590361901,0.05,377.0
685201,433.14858064516847,17,13.63582833052386,1.7124551551457243,0.05,1200.0
685202,193.90832258064512,26,10.373074934241384,1.561412798557909,0.05,634.0
685203,221.6948387096772,17,16.341682533646786,1.5883441267603218,0.05,669.0
685204,296.30367741935487,31,10.145791640000956,1.6825577718502065,0.05,878.0
685205,76.90774193548393,6,18.77656646517636,1.196038415368644,0.05,238.0
685206,164.75154838709707,20,14.181859538347103,1.3962845901342376,0.05,569.0
685207,326.02606451613025,17,15.623884812013905,1.626856530393293,0.05,933.0
685208,420.7370967741907,14,16.330906914330644,1.6263809606767075,0.05,1200.0
685209,398.4681935483851,30,10.473239182018226,1.6685490695376615,0.05,1180.0
685210,73.26058064516131,7,17.08982129551192,1.3106642857287798,0.05,243.0
685211,27.569999999999972,3,11.930489281732518,0.775224776160604,0.05,143.0
685212,160.50806451612874,15,17.987302812374296,1.443835013444079,0.05,453.0
685213,189.33664516129147,19,14.704823990778946,1.5419455498621963,0.05,627.0
685214,461.1889677419438,11,20.73274555675718,1.6216256618042275,0.05,1200.0
685215,376.9971612903207,26,12.803231809185647,1.6358917320303468,0.05,1111.0
685216,112.46277419354823,7,19.951085334774913,1.260199161324201,0.05,343.0
685217,170.08187096774284,15,17.264837221820084,1.5686003049341022,0.05,495.0
685218,54.56025806451611,8,15.952390920231538,1.2031070987105483,0.05,212.0
685219,114.21496774193527,11,17.328931635003222,1.4011768019221857,0.05,365.0
685220,165.9885806451607,26,11.055937819331572,1.521818677296722,0.05,531.0
685221,391.6165806451636,25,9.065019823291083,1.6835456285873742,0.05,1200.0
685222,197.24522580645166,17,15.753692641885218,1.5181122126081255,0.05,605.0
685223,147.74883870967665,22,12.987017867107673,1.6010378510378784,0.05,468.0
685224,169.0310967741937,11,18.086222776620087,1.3590494862355484,0.05,517.0
685225,122.59735483870986,30,6.140746778082008,1.3713689952829355,0.05,479.0
685226,149.89825806451628,26,8.79861957904119,1.475996867773943,0.05,538.0
685227,84.1120645161294,9,17.223074948507982,1.2433186575203337,0.05,279.0
685228,345.9300645161286,23,15.02489356917886,1.6758593689249437,0.05,1011.0
685229,172.47774193548392,28,10.322550230612427,1.4596018378986644,0.05,572.0
685230,311.88864516129263,27,9.295386909208116,1.665601172607964,0.05,999.0
685231,39.18335483870963,4,15.119460800397597,0.7629253457938825,0.05,168.0
685232,196.3968387096773,25,9.837141121279927,1.4752169866649727,0.05,650.0
685233,277.72774193548344,27,9.737563657314187,1.565587631357247,0.05,900.0
685234,233.78806451612894,21,15.487723422726425,1.5308487009324594,0.05,643.0
685235,255.54754838709817,17,14.297561307787012,1.5705082014387333,0.05,749.0
685236,356.0123870967756,30,11.114194967328938,1.641559411047048,0.05,1081.0
685237,114.04941935483859,8,17.640460734048737,1.1355481729476615,0.05,387.0
685238,110.6321935483872,13,16.31975853665082,1.367571407470133,0.05,381.0
685239,77.53896774193568,6,16.669433261822306,1.0351274956151042,0.05,292.0
685240,39.9757419354839,4,18.151818593632733,0.9122609236635963,0.05,147.0
685241,241.26129032258086,24,11.258411575722892,1.7029047132499646,0.05,732.0
685242,83.90909677419334,5,19.053010082833634,1.0146077038305972,0.05,286.0
685243,89.03987096774217,7,18.009629931169105,1.2116162335022203,0.05,301.0
685244,297.6420000000009,30,13.2714126934973,1.6539825741986,0.05,899.0
685245,269.8810967741932,26,14.00974736385669,1.516449176131403,0.05,832.0
685246,245.45812903225806,30,7.754433402714159,1.6299578485953017,0.05,804.0
685247,47.232322580645246,4,17.127026620098967,0.8833691798447104,0.05,177.0
685248,62.5435483870968,6,18.01637217755599,1.1634722232160157,0.05,213.0
685249,104.51006451612925,5,18.331710600527657,0.9861821565592789,0.05,358.0
685250,277.0483870967749,18,17.733777747239188,1.5849977689653802,0.05,749.0
685251,269.05077419354933,23,15.125927046831094,1.6572145219868075,0.05,730.0
685252,341.0985806451613,30,11.132074975500839,1.5916063111750405,0.05,1037.0
685253,179.38961290322686,29,8.795887744960648,1.508867724974052,0.05,675.0
685254,262.022903225807,29,9.37693925742346,1.6639694639654792,0.05,858.0
685255,21.85954838709676,2,13.380699499090332,0.80052480879294,0.05,109.0
685256,75.33593548387105,6,19.31287224578307,1.2692494782976285,0.05,238.0
685257,224.68464516129023,15,15.98296375622203,1.54620570568141,0.05,657.0
685258,199.83464516129075,29,7.035705403758526,1.5715988845932651,0.05,673.0
685259,35.09167741935487,3,16.2560950924676,1.0852813852796583,0.05,132.0
685260,206.5816129032272,14,18.321696803872356,1.4621876473365005,0.05,606.0
685261,323.28529032258126,21,16.60512532481968,1.6255102040816312,0.05,952.0
685262,56.49922580645173,2,17.118355447511412,0.9718217562333133,0.05,218.0
685263,262.8453548387089,23,15.864568722009166,1.5890686661408517,0.05,724.0
685264,98.63870967741937,6,19.270299267839658,1.1804690867905117,0.05,335.0
685265,149.76464516128996,14,17.373285317590344,1.5220180819891855,0.05,422.0
685266,186.7747096774198,16,18.028753451246263,1.5282444918695675,0.05,520.0
685267,186.92554838709677,12,18.14008465029295,1.3065762082912353,0.05,542.0
685268,135.7224516129034,18,15.841213244217974,1.4175015616549507,0.05,458.0
685269,393.64496774193583,26,12.418419960756028,1.7796402503366104,0.05,1096.0
685270,232.46729032258185,18,16.8634117110279,1.5601897699464244,0.05,710.0
685271,143.78703225806422,13,17.112483436972312,1.4595249883374775,0.05,417.0
685272,176.98083870967713,11,18.748639473340713,1.4937923556511292,0.05,527.0
685273,195.32025806451634,13,18.29215785217588,1.5459041240272076,0.05,572.0
685274,154.98677419354817,8,20.74087195206832,1.315584415584348,0.05,440.0
685275,137.9769032258064,9,20.093535664601244,1.4362121447195855,0.05,406.0
685276,228.07470967741958,20,14.008269001368982,1.5386663740764217,0.05,706.0
685277,58.305354838709675,3,14.263809294795971,0.8568661498307258,0.05,261.0
685278,54.83877419354852,5,16.718717426683533,0.9971193101698543,0.05,207.0
685279,79.83909677419354,8,17.4795896473288,1.411553794234777,0.05,268.0
685280,0.0,2,0.0,0.0,0.8,140.0
685281,472.59238709676777,4,24.37686918041965,1.2954995331136,0.05,1200.0
685282,430.2218064516047,16,17.059644985685985,1.6102142948271734,0.05,1200.0
685283,369.9217419354803,28,9.284201215937246,1.6884075780075756,0.05,1114.0
685284,452.9434838709718,5,23.363655910671618,1.3725000000000003,0.05,1200.0
685285,145.87709677419377,22,11.7959051481084,1.5326813412782643,0.05,521.0
685286,325.240064516128,26,13.097030209116635,1.6253267237494367,0.05,951.0
685287,165.92593548387094,13,16.391406049017323,1.5119446174781355,0.05,492.0
685288,79.26677419354824,9,17.354403278155992,1.3510397162904406,0.05,255.0
685289,385.23909677420085,31,7.885676829945049,1.6752834446962872,0.05,1200.0
685290,331.77090322580676,27,12.534539902756208,1.6384008641254475,0.05,1056.0
685291,249.9629677419365,19,15.617990255117046,1.5799001157401564,0.05,742.0
685292,400.97445161290864,27,11.195868784592658,1.709918768471705,0.05,1200.0
685293,126.92935483870949,18,14.821731142027371,1.5617360839798802,0.05,395.0
685294,113.1137419354838,8,19.858995450555007,1.3042321806959523,0.05,354.0
685295,83.56296774193545,7,19.007381436976743,1.4190476190476267,0.05,246.0
685296,97.45967741935459,12,15.352859625036068,1.2289544235922751,0.05,373.0
685297,496.0334193548378,4,24.62049198700585,1.2675000000022003,0.05,1200.0
685298,402.4664516129085,28,10.054407713866507,1.6355476573357246,0.05,1200.0
685299,0.0,2,0.0,0.0,0.8,124.0
685300,373.9270322580675,25,8.611780021947615,1.7057383147765801,0.05,1200.0
685301,50.10896774193541,3,16.62587043513486,0.9611140250675256,0.05,200.0
685302,208.49541935483865,22,13.007411682801369,1.6431924202404056,0.05,641.0
685303,0.0,1,0.0,0.0,0.8,1200.0
685304,164.65806451612983,14,16.748910616373042,1.5015809141419496,0.05,497.0
685305,202.48864516128907,18,14.288707698965496,1.5937090432503265,0.05,654.0
685306,320.7927096774194,20,15.624525576056818,1.5780540908538507,0.05,932.0
685307,433.51741935484404,18,12.90819823373516,1.6305476190476205,0.05,1200.0
685308,79.8770967741938,7,19.277020086194543,1.4958706513231983,0.05,257.0
685309,218.14838709677355,14,18.629239327431527,1.5600233174397256,0.05,632.0
685310,40.87367741935492,2,17.525934780156074,1.0198435611417052,0.05,151.0
685311,190.05470967741925,21,12.1430327540074,1.6179609707825933,0.05,571.0
685312,292.2822580645183,19,16.484840400024453,1.6208981700427192,0.05,808.0
685313,66.65116129032263,5,18.206450889582797,1.0744770365708327,0.05,239.0
685314,210.84496774193553,13,18.185330170129507,1.6639951573966485,0.05,584.0
685315,180.43490322580644,10,20.504939077926494,1.5851499864794916,0.05,481.0
685316,257.2179354838703,24,14.903537907149614,1.6380397532129065,0.05,798.0
685317,94.40658064516137,9,17.793484938374473,1.4309047631819536,0.05,294.0
685318,207.91470967742032,11,20.002926965475037,1.590628505231381,0.05,573.0
685319,131.91825806451646,27,10.318843328126523,1.4250240238781864,0.05,482.0
685320,317.90219354838985,16,18.44263741308766,1.6431097239545494,0.05,851.0
685321,300.49161290322473,23,14.010739616691367,1.6179832159384944,0.05,906.0
685322,430.636967741938,14,16.565979007073555,1.4357211932604153,0.05,1200.0
685323,66.1749032258064,5,17.109917809367875,1.074999999996842,0.05,240.0
685324,0.0,1,0.0,0.0,0.8,1200.0
685325,416.7387096774199,25,15.519137007988512,1.7362360475539047,0.05,1136.0
685326,74.26051612903242,8,17.41620141815092,1.31867658701502,0.05,255.0
685327,153.03941935483863,13,18.339608649404852,1.5373564293658823,0.05,437.0
685328,188.485677419355,17,16.767714251289703,1.4861582705307166,0.05,581.0
685329,224.7134193548383,20,15.542588086175872,1.5643460764587542,0.05,710.0
685330,236.90522580645188,16,16.41781281131782,1.6154665412837759,0.05,678.0
685331,387.970064516131,25,8.647148103805897,1.7285740909269207,0.05,1200.0
685332,169.139290322581,18,15.362811445001899,1.5261529808799479,0.05,508.0
685333,426.7150967741859,19,14.528682859434266,1.711907693465072,0.05,1200.0
685334,279.9836774193569,29,9.926699703799844,1.6236619836109454,0.05,832.0
685335,243.19554838709652,27,12.860954743778091,1.6555217376250873,0.05,736.0
685336,72.47612903225804,7,18.581730973510435,1.4012719665590663,0.05,226.0
685337,66.19516129032262,4,19.751252255852297,1.0473087455761003,0.05,215.0
685338,152.59967741935546,29,9.988724836742792,1.466577556333757,0.05,524.0
685339,0.0,1,0.0,0.0,0.8,121.0
685340,187.14116129032354,27,10.806230664165332,1.4402457007572833,0.05,638.0
685341,417.57974193548205,20,13.10609781695663,1.7745716103485056,0.05,1200.0
685342,310.59206451612823,23,15.339829927777332,1.6275992970401818,0.05,902.0
685343,0.0,1,0.0,0.0,0.8,82.0
685344,390.7219999999989,28,8.082562195829633,1.672050088597493,0.05,1200.0
685345,390.7025806451638,25,13.460120274229775,1.6063789501445547,0.05,1200.0
685346,157.2720645161295,11,18.969636474925615,1.275502800421335,0.05,472.0
685347,0.0,2,0.0,0.0,0.8,135.0
685348,119.70367741935512,9,19.019674905150247,1.5378432152863741,0.05,359.0
685349,120.93000000000035,17,15.185538382859106,1.4467076976078135,0.05,403.0
685350,284.2612903225802,25,12.342961385918754,1.6748512592329377,0.05,859.0
685351,105.22019354838746,18,12.794590894353574,1.4305068700196477,0.05,370.0
685352,70.12870967741944,14,14.231565884638629,1.3278315310197883,0.05,251.0
685353,184.36174193548385,20,13.098640067890157,1.5234611869854693,0.05,584.0
685354,325.5969677419347,15,18.93011654934075,1.651370402001406,0.05,881.0
685355,402.2017419354852,24,15.205870637681686,1.631420950335938,0.05,1123.0
685356,149.00509677419342,16,15.629171605794205,1.4657848675908394,0.05,504.0
685357,272.3910967741927,24,14.08708740482581,1.5720463171974814,0.05,789.0
685358,175.40554838709642,7,19.696533122866853,1.6021040974532643,0.05,516.0
685359,324.02929032258197,26,14.727374352161403,1.7144106180244836,0.05,915.0
685360,184.2334193548388,25,11.459112742144777,1.5782641210076573,0.05,575.0
685361,82.90703225806466,8,17.78289472697848,1.2484295845998135,0.05,282.0
685362,233.72038709677472,26,11.09527516599387,1.6977545787545927,0.05,702.0
685363,124.77587096774154,12,16.390688980458556,1.2541456881602338,0.05,403.0
685364,187.61432258064505,19,17.278688121078243,1.408684530403769,0.05,573.0
685365,166.86677419354885,26,9.519986884245835,1.5618521441725932,0.05,543.0
685366,182.50529032258092,23,11.178255741664966,1.5833924022103105,0.05,609.0
685367,415.49645161290874,17,15.559448029604585,1.6016972075621771,0.05,1200.0
685368,132.59638709677424,19,12.453782292282519,1.4600583091669264,0.05,441.0
685369,64.61264516129033,6,15.572268170653354,1.0248713163352055,0.05,268.0
685370,199.66077419354804,17,17.298154610531466,1.5114689693132903,0.05,557.0
685371,42.81303225806453,5,17.694456760948942,1.022042000500525,0.05,151.0
685372,36.542064516129,2,13.483943732150447,0.6444620225047982,0.05,178.0
685373,207.85748387096785,16,18.570047817155217,1.5381119690775487,0.05,580.0
685374,230.32599999999945,16,16.061834726258006,1.3821589547151993,0.05,679.0
685375,187.33703225806332,14,16.194916722810493,1.4363348665105957,0.05,575.0
685376,296.6952258064539,9,21.682642253129504,1.556531713244675,0.05,748.0
685377,288.93535483870807,26,13.150355337172046,1.6910230850713768,0.05,891.0
685378,243.49941935483906,27,12.013226843203856,1.6281261595553227,0.05,770.0
685379,95.64025806451593,5,20.216100376798288,1.1499629492085834,0.05,291.0
685380,0.0,1,0.0,0.0,0.8,54.0
685381,311.41193548387065,31,13.096509614826987,1.478209174730922,0.05,1024.0
685382,70.23729032258073,8,18.346486898064327,1.330451113026915,0.05,239.0
685383,139.90612903225804,12,18.070640943140123,1.489647125716573,0.05,435.0
685384,228.6589032258064,17,16.15292475972196,1.5693008460069238,0.05,648.0
685385,418.1350967741899,8,20.44237937075428,1.5104858389873212,0.05,1200.0
685386,286.91290322580653,15,18.299390363454442,1.5291075155494642,0.05,773.0
685387,27.232322580645196,2,14.2210691889786,0.6325525871424802,0.05,122.0
685388,58.85993548387101,6,16.942813084522854,1.2281780518865517,0.05,215.0
685389,300.18148387096903,29,12.092743284646392,1.589299738907438,0.05,914.0
685390,195.4046451612903,22,13.183137114087975,1.6158563959940515,0.05,573.0
685391,156.55703225806388,13,17.67612457541548,1.4086094657302775,0.05,456.0
685392,205.61064516129073,28,9.915569636528211,1.6067658647723995,0.05,663.0
685393,289.05580645161075,22,15.192557708284484,1.5615063342192739,0.05,847.0
685394,60.375548387096764,3,19.668063553925837,1.0868573697579864,0.05,201.0
685395,241.76561290322638,24,11.660389070513299,1.5688905989724335,0.05,743.0
685396,99.45600000000013,14,14.464829253372125,1.433059207597009,0.05,395.0
685397,42.65406451612901,2,19.526580844092685,0.9448796277196698,0.05,142.0
685398,141.05948387096788,18,13.777881201611178,1.3988963825873748,0.05,466.0
685399,70.62316129032257,3,18.77205294377451,1.0285714313436511,0.05,247.0
685400,134.96535483870971,13,16.348300192274756,1.3706610618388066,0.05,428.0
685401,0.0,1,0.0,0.0,0.8,1200.0
685402,46.7903225806453,6,16.351044656689975,1.1406966065134436,0.05,173.0
685403,102.87367741935503,8,18.339622878616076,1.340703238624837,0.05,335.0
685404,329.0572258064492,25,12.161005306881098,1.5929596865580822,0.05,938.0
685405,231.4621290322596,10,20.092630525009387,1.5970473295863359,0.05,658.0
685406,278.459741935485,14,19.4074706107635,1.5373621653564222,0.05,717.0
685407,175.77825806451617,23,11.669152944758158,1.5498845859637582,0.05,557.0
685408,192.25567741935478,12,17.734965972889846,1.4160236402880768,0.05,596.0
685409,238.322258064517,27,10.79208154758278,1.5821504264307635,0.05,795.0
685410,281.90954838709547,22,13.805790377824716,1.519599696959845,0.05,882.0
685411,136.5622580645161,17,15.364189031610913,1.4465468306537994,0.05,453.0
685412,285.1678709677418,24,12.801983011050659,1.7132406684151806,0.05,808.0
685413,91.4610322580645,10,15.353789369795953,1.1440401877453446,0.05,357.0
685414,230.76393548386991,26,9.414404622376978,1.6829505732378531,0.05,734.0
685415,46.66541935483873,4,19.20895623316296,0.9821871378504307,0.05,163.0
685416,230.02000000000075,17,15.761900766303684,1.4754923533701554,0.05,682.0
685417,329.4006451612885,18,16.49915766645164,1.4922518170510501,0.05,944.0
685418,418.40406451612495,26,10.265170919137176,1.7766310455626428,0.05,1200.0
685419,102.60793548387132,23,10.345033827077392,1.4008118695984073,0.05,355.0
685420,181.55329032258112,11,18.49886282061744,1.3968140435841188,0.05,538.0
685421,256.1394193548397,24,12.122849064852796,1.6149437965448346,0.05,782.0
685422,135.46916129032257,15,16.78419308961816,1.3243912328896024,0.05,417.0
685423,149.04380645161243,17,15.638207287859451,1.3913938205354202,0.05,498.0
685424,238.63722580645123,18,15.163292858718641,1.63107082669316,0.05,674.0
685425,142.71670967741863,18,13.336406037689159,1.5909173501184992,0.05,474.0
683325,54.4999677419355,5,19.578164170766716,0.9573508615707503,0.7968000000000001,371.0
683326,99.08370967741921,27,6.208766038431861,1.3122097656124139,0.7936128,964.0
683327,53.932516129031896,30,7.590096987883126,1.1178646821933818,0.7904383488,994.0
683328,21.705580645161294,3,16.84421348777132,0.7444022021508383,0.7872765954048,160.0
683329,59.49506451612917,13,16.816486487047907,0.9864817609478573,0.7841274890231809,468.0
683330,43.92306451612898,7,19.52334821965757,0.8977404073392289,0.7809909790670881,383.0
683331,30.526032258064543,23,11.840286377307237,1.046309702933003,0.7778670151508198,471.0
683332,72.0635806451613,13,17.305328459121313,1.077706536415612,0.7747555470902165,504.0
683333,33.74403225806459,31,8.181304270168813,1.104374300176616,0.7716565249018555,748.0
683334,21.71032258064517,4,18.85904572715187,0.7276575486036743,0.7685698988022481,188.0
683335,116.8195806451616,28,6.325017005362406,1.2798020740989264,0.7654956192070391,1200.0
683336,65.34954838709685,23,12.679287111022882,1.066334543886458,0.762433636730211,791.0
683337,49.101645161290286,27,10.976992669805492,1.1123348872984378,0.7593839021832902,662.0
683338,184.0554838709667,19,13.030523919635524,1.2634707521944262,0.756346366574557,1200.0
683339,168.5919032258072,24,9.48240779201386,1.2996730980553746,0.7533209811082587,1200.0
683340,23.321838709677404,5,15.724552170437704,0.835661826743741,0.7503076971838257,180.0
683341,76.74035483870973,20,13.697267497081176,1.122967166680504,0.7473064663950905,773.0
683342,138.346774193548,29,9.065535318994602,1.3024052678172648,0.7443172405295101,1200.0
683343,39.315258064516144,28,8.419939782909989,1.1175207588128373,0.7413399715673921,496.0
683344,76.07119354838707,24,9.846973049536514,1.1687209337866549,0.7383746116811225,750.0
683345,54.39332258064515,26,12.179922486737459,1.0113930618733904,0.735421113234398,699.0
683346,80.71680645161271,8,19.602275460609118,1.0925683816273433,0.7324794287814603,562.0
683347,80.08919354838724,17,17.042397557614336,0.9672643007754778,0.7295495110663346,690.0
